prefix,gt,pred,seed,rouge1,rouge2,rougeL
"['(CNN)Barring a revelation from his parents or girlfriend, we may never know what was going through the mind of Andreas Lubitz in the moments leading up to the crash of Germanwings Flight 9525. What we now know is that all indications point to Lubitz as the perpetrator of the crash, locking the pilot out of the cockpit and setting the aircraft on a fatal trajectory into a remote mountain range in the French Alps. Every day, more details come to light, as the world struggles to make sense of why a 27-year-old German man would apparently choose to deliberately crash a plane with 150 people on board, including himself -- and remain so calm while doing it. When investigators searched Lubitz\'s home in Dusseldorf, they found medical leave notes ""slashed,"" suggesting Lubitz was hiding an illness or illnesses from his employers. The dates for which Lubitz was excused from work included the day of the crash, though investigators have not yet revealed the reason he was excused, if any reason was written on the notes by his doctor. We do know, from a German aviation source, that Lubitz passed his annual pilot recertification examination last summer. An official with Lufthansa, the parent company of the budget airline Germanwings, said that the exam only tests physical health, not psychological health. ""He was 100% fit to fly without restrictions,"" Lufthansa CEO Carsten Spohr told reporters at press conference last week. ""His flight performance was perfect. There was nothing to worry about."" Spohr added that Lubitz had ""interrupted"" his training, which he began in 2008. That break lasted several months, he said, but that such an interruption isn\'t uncommon. Lubitz suffered from ""generalized anxiety disorder,"" with severe depression symptoms dating back to 2009, according to French newspaper Le Parisien. While the main medical clinic in Dusseldorf denies it was treating Lubitz for depression, German investigators found antidepressant medications in Lubitz\'s apartment, according to published reports that CNN has not yet been able to independently confirm. Die Welt, a German newspaper, over the weekend cited an unidentified senior investigator, who said Lubitz suffered from ""severe subjective burnout syndrome"" and severe depression. ""Someone who has a significant depressive episode or depressive disorder will oftentimes get an antidepressant alone, and many times will have a good resolution of those symptoms,"" CNN Chief Medical Correspondent Dr. Sanjay Gupta told Poppy Harlow Sunday on ""CNN Newsroom."" ""People who relapse or develop more of what is called a psychotic depression in addition may have symptoms of psychosis. Maybe they could be having delusions or hallucinations, but the idea is having breaks with reality."" One of the medications Lubitz was prescribed is said to be Agomelatine (an antidepressant medication), according to Le Perisien. Antidepressants can sometimes make people suicidal, especially those suffering from schizophrenia and bipolar disorder. Other times, they can make patients manic or psychotic. The drug\'s list of warnings and precautions include metabolic changes -- such as weight gain -- and the potential for cognitive and motor impairment. ""Has potential to impair judgment, thinking and motor skills; use caution when operating machinery."" In 2010, Lubitz received Olanzpine injections (an antipsychotic medication) ""to treat OCD,"" according to Le Perisien. Doctors advised Lubitz to be more active, practice a new sport and regain self-confidence. ""This is a powerful medication,"" said Gupta. ""If this is true, it sort of reads into the severity of just how bad the psychosis was, at least at one point in his life."" There are other things besides psychosis for which the drug may be administered, but that\'s the most common use. One of']","[""Investigators believe Andreas Lubitz deliberately crashed Germanwings Flight 9525, killing himself and 149 others .\nLubitz suffered from anxiety and depression symptoms dating back to 2009, French newspaper reported .\nDoctor: It's 'rare for depression to cause people to kill other people'""]","['Officials have been tracing Andreas Lubitz from gunman, not crash ""attacker""\nInvestigators say doctors hid Lubitz medical leave notes hidden .\nLubitz suffered from anxiety and depression .\n""Inclusion isn\'t surprising, but maybe it\'s a ploy to buy his out, get better,"" analyst says .\nA patient suffers depression and other difficulties, might have a ""albertal illness,"" says a psychiatric doctors .\nAdmit had Lubitz\'s depression at first; it was ""other things,"" expert says .\nThis is a very ""standard practice,"" a psychiatric medication expert says .\nSources from the patient\'s psychiatrist\'s notes show he asked the patient to check if his mood was ok afterward, analyst says .']",1,0.22516556291390727,0.09395973154362416,0.17218543046357615
"[""A bust of Vladmir Putin, depicting the Russian leader dressed as a Roman emperor, is to be unveiled in St Petersburg. The Roman-style statue is being gifted by St.Petersburg’s fiercely nationalist Cossack community to commemorate the allies’ victory over Nazi Germany in the Second World War. The comparison of the strongman with the leaders of ancient Rome was in-part inspired by Putin’s decision to back pro-Russian separatists in the Ukraine,Newsweek reported. The clay mould was designed by a St. Petersburg sculptor, backed by the city's popular Cossack community . The bust is at the St Petersburg's Academy of arts, ahead to its unveiling at an underground station . St Petersburg’s traditionalist Cossack group Irbis, a popular organisation supporting Slavic military values, said the bust of Putin will be placed at an underground station in north St Petersburg. The city, formally Leningrad, is Putin’s home town. The bust’s designer, sculptor Pavel Greshnikov, was quoted as saying he had considered portraying the Russian leader in a suit and tie, in military fatigues and even in medieval armour. The statue is complete with a laurel wreath and other trappings of the Roman Empire. It is at Greshinov’s workshop at the St Petersburg Academy of arts, ahead to its unveiling. Putin may have upset some people with his Ukrainian activities, but in his hometown he is still popular . Cossacks have grown in popularity in Russian since the fall of communism in the 80s and 90s. The group, which prides itself on military valour and its Russian Orthodox Christian roots, has particularly warmed to Putin’s increasingly traditional values. Andrey Polykov, a local Cossack leader in St Petersburg, backed the creation of the Putin Statue. Lenin was commemorated in bronze throughout the USSR. However in many places the statues were torn down after the fall of communism . He was quoted as saying the Russian leader was one of the country’s ‘brightest’ and most ‘positive’ heads of state for ‘the last hundred years or so’. Polykov claimed Putin had a record as a peacemaker following wars in Georgia in 2008 and Moldova in the early 1990s. Boris Yeltsin, Putin’s predecessor, has also been immortalised in sculpture. A statue of the post-Soviet leader was erected in Yekaterinburg in 2011. Andrey Polyakov said his Cossack community had been planning for a long time to erect the Putin statue .""]","[""Vladmir Putin to be shown in a laurel wreath and a wearing a Roman tunic .\nCossacks chose the St Petersburg statue to mark victory against Nazis .\nTraditional group said the idea was inspired by Putin's stance on Ukraine .\nSculptor said he considered putting Putin in a suit of armour or in fatigues .""]","[""Tone is a 'traditional' style .\nparody, dressed as a .\nRoman-style emperor of the Roman Empire .\nSting is in Russia's Stetersburg town of St Petersburg .\nThe Cossacks expelled 540,000 troops from Europe during the Cold War .\nWidely backed .\nthe Soviet allies, as Hitler and backed Hitler for power .""]",1,0.2727272727272727,0.018518518518518517,0.18181818181818182
"['Labour MP Frank Field has complained angrily to Green Party leader Natalie Bennett over claims a Green protester tried to photograph him after he had a heart attack. There were fears for veteran campaigner Field’s life when he collapsed at a rowdy meeting in his Birkenhead constituency last weekend. Field, 72, recovered after being taken to hospital. But Labour supporters claim Green activist Colin Dow tried to photograph him as he lay on the floor unconscious waiting for an ambulance. MP Frank Field has complained to Green Party leader Natalie Bennett over claims a Green protester tried to take a photograph of him after he had a heart attack . ‘To take a photo of someone who has just had a heart attack would be a despicable thing to do,’ Mr Field told The Mail on Sunday. ‘Some members of the Green Party are the kind of people who infiltrated the Labour party in Merseyside years ago. We got rid of them and some have resurfaced in the Greens. This kind of behaviour has no place in public life. ‘Everyone thinks the Greens are cuddly and fluffy but the truth is very different. It is high time Natalie Bennett denounced them.’ The incident occurred during a meeting hosted by Mr Field to discuss plans to sell-off of the site of Rock Ferry High School. Green activists, including Mr Dow, led protests. ‘Had I been closer, I would have taken a picture,’ Colin Dow said . Mr Field said: ‘I told the police I did not want the protesters to force the meeting to be stopped. I was happy to continue. Later, I felt chest pains and collapsed.’ Mr Dow, a former Labour party member, last night confirmed he took his camera out when Mr Field collapsed but was told by a Labour councillor not to take a picture. He said he complied but denied he was being ‘insensitive’ as it was a public meeting. ‘Had I been closer, I would have taken a picture,’ he said. He claimed others present did take photographs, and he hit back at Mr Field on his Facebook site, challenging the former Labour Minister’s ‘imagined version’. He said the MP behaved ‘insultingly’ towards protesters.']",['Labour MP Frank Field complained to Green Party leader Natalie Bennett .\nClaims Colin Dow tried to take a photo of him after he had a heart attack .\nThere were fears for Field’s life when he collapsed during a rowdy meeting .\nMr Dow denied he was being ‘insensitive’ because it was a public meeting .'],"[""Labour MP was pictured at a meeting in Birkenhead yesterday .\nHe was awaiting ambulance when he arrived but collapsed after suffering chest pains .\nBut he claims the former Labour Minister compared his appearance to leader Timothy Powell .\nMr Dow said he thought the Green Labour party leader was being 'insensitive'\nSaid that the alleged incident bore the hallmarks of a deeply racist group .\nHunt have now attended the recountmaker's appeal .\nGreen Party’s leader claims she did not attend .""]",1,0.36879432624113473,0.10071942446043165,0.2127659574468085
"[""A ‘deceitful’ businesswoman has been left with a £100,000 bill for tricking her husband into believing he was the father of their son born after IVF treatment. Minutes after the ruling, the victim of the con was reduced to tears as he read a statement in which he described the actions of his ex-wife as ‘absolutely appalling’ and pleaded to remain part of the boy’s life. ‘I live in hope that when he is 18 he looks for me… and be part of my life again,’ he said. ‘He is truly missed.’ A lecturer who said his former wife deceived him into thinking her son born via IVF was his has won £100,000 after a court heard the boy, who is now nine years old, was conceived using another man's sperm . The man – a lecturer in his sixties who cannot be named for legal reasons – thought the boy was his after the couple visited a fertility clinic. But the woman, who is in her 50s, had returned a few months later with an ex-boyfriend and was impregnated with his sperm. 'I wanted my former wife,\xa0and her former boyfriend, to realise the consequences of their deceitful actions practised over almost six years. It has deeply affected me and my family, but most importantly their own son and my ex-son, which is absolutely appalling. This four-year litigation has been incredibly difficult and stressful and I have sometimes felt: “I think I am in the wrong film”. Not only did my ex-wife commit the deceit but she misled her own child too. I can’t imagine what my then “son” must have felt to have had a loving father substituted by another man – how can she (and he) sleep at night? They used me to ... support him economically whilst maintaining a secret little family life behind my back. I live in hope that when he is 18 he looks for me, and I and my family can show him how much we loved him and he can be part of our lives again. He is truly missed.' Her deceit was only revealed when, following their divorce, the man sought further contact with the boy. Central London County Court heard that the couple married in 2002 and two years later they went for IVF treatment in Barcelona. The boy was born in 2005 but the pair separated when he was just six months old and their divorce was finalised in 2008. At no time did the man know that the boy was not his, said his barrister, Thomas Brudenell. ‘It is hard to imagine a more cruel deceit,’ he said. The court heard that the man had looked after the child when the woman was working away from their London homes and had paid more than £80,000 in maintenance over the following years. But in 2011 a dispute arose over the amount of contact he was having with the youngster – and the woman then dropped the ‘bombshell’ that he was not the biological father, which was confirmed by a DNA test. It led to her ex-husband claiming damages for the ‘distress and humiliation’ he had suffered along with the return of maintenance and compensation for loss of earnings. The court heard the pair had a troubled marriage when they had IVF in 2004. They then fell out, so when the woman returned to the IVF clinic in 2005, she took an ex-partner, whose sperm was used to conceive . The woman said there had been no deceit, no fraud and no misrepresentation, but Judge Deborah Taylor found in favour of her ex-husband. The judge accused the woman of being an ‘untruthful witness’ after finding""]","[""Court heard man and woman, who had troubled marriage, had IVF in 2004 .\nThey had a row, so woman returned to clinic with former partner in 2005 .\nIt was then that she conceived their son using former partner's sperm .\nBut husband said he was not told of this until the child was five years old .\nHe was today awarded £40,000 in damages at London's County Court .\nJudge also ordered wife to pay his legal fees, believed to be £60,000 .\nMan lost contact with boy, but hopes son 'will find me' when he's 18 .""]","[""Lure that her son's child, born via IVF, was false .\nThe woman had met and cared for the boy when they were in marriage .\nCourt heard she broke down and believes he was her ex-boyfriend .\nRuling for the damages claimed by the man has already reached £100,000 .\nThe victim spoke of her ex-husband 'I am unconcious .\nThe woman was living with him since their divorce which ended when she is 30 .\nThe ex-husband had to be found guilty of crime after her .\nDNA evidence tests that boy was son and father .\nMan not in attendance at IVF clinic for regular visits .\nHe recanted and so was scouted the child was the man's biological father .\nShe later kept the man in touch with her son and they also returned to the clinic .\n'Pertile and humiliation,' is the word used\n\nJudge ruled not that, he did tell police that an ex-boyfriend committed .\nThe judge ordered she keep him in custody for the custody process .\n'Tick' language: The experience was 'sexually awful'\nBut the mother left crying in the courtroom .""]",1,0.3436426116838488,0.05536332179930796,0.15807560137457044
"[""An Australian cyclist has taken a tumble just before the finish line during the European women's cycling tour, after a spectator's hand reached out and hit her handlebars. Loren Rowney was just metres away from finishing the\xa0Molecaten Drentse 8 in The Netherlands, when a hand emerged from the side barrier crowded by spectators. It appears to have grabbed onto Rowney's handles, which sent her flying over her bike. The 26-year-old managed to crawl over to the finish line but is believed to have suffered a broken collarbone, the Sydney Morning Herald\xa0reports. An Australian cyclist has taken a tumble just before the finish line during the European women's cycling tour, after a spectator's hand reached out and hit her handlebars . Loren Rowney was just metres away from finishing the Molecaten Drentse 8 in The Netherlands, when a hand emerged from the crowd along the side barrier . The 26-year-old managed to crawl over to the finish line but is believed to have suffered a broken collarbone . South-African born Rowney laid on her back until medical officers helped her off the track. While the Australian came seventh place, race winner and two-time world champion Giorgia Bronzini of Italy described the finish as 'strange'. 'I thought at first that maybe it was my fault,' she said, the Herald reports. 'But I've already seen the footage and it looks like a spectator grips her wheel. Very strange.' Rowney took to Twitter to thank everybody for the well wishes. 'I'll try and get back to you all... it's hard with 1 arm! on my way to Hamburg for treatment,' Rowney wrote on Friday. Rowney took to Twitter on Friday to thank everybody for the well wishes . Loren Rowney (right) with\xa0after the Pro Women's Grand Prix during Prudential Ridein London in 2013 .""]","[""Loren Rowney was competing in the Molecaten Drentse 8 in The Netherlands .\nBut just metres before the finish line,\xa0a spectator's hand reached out and hit her handlebars .\nThe 26-year-old flipped over her bike and reportedly suffered a broken collarbone .\nThe cyclist was able to crawl over the finish line and came seventh place .""]","[""Loren Rowney was just metres away from finishing a race on a passing handlebar when a hand reached out .\nBut the 26-year-old the 27-year-old was crawling back\xa0over but is believed she suffered a broken collarbone .\nFellow winner Natalia Pedanni claimed she was hanging from the bottom of the race .\nThe woman competed for an hour 0.01 of the way at Drentes .\n'It was 'the craziest [competitive appearance] I had to witness,' says two-time leadist .\n'My hand may have taken hold of my wheel, very strange,' she tweeted on Friday .\n'I try to get back to you all it's hard with 1 arm!' on way to Hamburg for treatment .""]",1,0.32183908045977017,0.1395348837209302,0.25287356321839083
"['(CNN)A lot of people have ventured to Paraguay over the years in search of some sort of a dream. My great-great-grandfather, Jean Bourdain, was one of them. I\'ve looked for this mysterious ancestor before -- in Uruguay, with my younger brother Chris. We were disappointed when our trail ran cold. We were left with a cryptic reference to the news that Jean had died in Asuncion, Paraguay. Which raised the questions: ""What the hell was he doing in Paraguay?"" And ""Where is Paraguay, anyway?"" Roots: Our Journeys Home . It\'s certainly a country few of us know much about. Landlocked by its better-known neighbors, Paraguay is probably best known for being a hideout for escaped Nazis and for a succession of truly spectacularly lurid, out-of-a-comic-book dictatorships -- the last being the administration of Gen. Alfredo Stroessner. It\'s certainly a country few of us know much about. Landlocked by its better-known neighbors, Paraguay is probably best known for being a hideout for escaped Nazis and for a succession of truly spectacularly lurid, out-of-a-comic-book dictatorships -- the last being the administration of Gen. Alfredo Stroessner. When I first looked at the possibility of making a television show there, many years ago, descriptions of the country by visitors were not promising: crime, corruption, counterfeiters, failed institutions, looted banks -- in short, a backwater. I thought I\'d use the dubious quest for ""The Missing Bourdain"" as the spine of a show, a framework to investigate one of the least-known nations in the Americas. My crew, looking at various storytelling structures, settled on the terrific film ""The Limey"" as a rough template. In that film, Terence Stamp, playing a just-out-of-prison career criminal, voyages to Los Angeles in search of answers after the death of his daughter. In this week\'s ""Parts Unknown"" episode, I explore Paraguay (and my family\'s past) in similar nonlinear fashion. It\'s an amazing-looking show. Everybody who worked on it, handcrafted it, is convinced it\'s some of their best work. What I found out -- about Paraguay, about my family -- surprised me. I hope it entertains you.']",['Bourdain goes looking for the story of his long-lost great-great-grandfather in Paraguay .'],"['A lot of people have ventured to Paraguay over the years .\nMy great-great-grandfather, Jean Bourdain, was one .\nWoodward film star of ""The Missing Bourdain"" ""Travels"" in search of his family .\nFeds: Slain American jailer survived attempted assassination .']",1,0.2222222222222222,0.03846153846153846,0.14814814814814817
"['William Tallon was more than just the Queen Mother’s favourite servant. He rose from impoverished beginnings to become her confidant and close friend. As the first part of a remarkable new biography revealed last week, Tallon was also a predatory homosexual who breached Royal security by bringing young men back to Clarence House at night. And he made powerful enemies. Here, in the final extract of Backstairs Billy, we reveal that courtiers took their revenge by banishing him from the Queen Mother’s side, shamefully disregarding her wish that he should be allowed to live at Clarence House for the rest of his life. And whatever became of his meticulous diary, the ‘black book’ of life with the Royals? So close: Billy with the Queen Mother on her 88th birthday in 1988 (right). He cuts a lonely figure in 2003 (left), a year after her death . Within days of Billy Tallon’s death in November 2007, a small group of men were seen entering his flat in Kennington, South London. All Billy’s possessions were boxed up and put in storage. There is no proof that things went missing, but the speed with which events occurred shocked his friends, one of whom said: ‘It was all very odd. Would you expect your former employer to visit your house and go through your things? We don’t know for sure, but that’s what we think happened – the Royal household had sent a team to go through Billy’s possessions before they were sold...’ Billy Tallon would tell anyone who listened that the Queen Mother had promised him that his little gatehouse cottage at Clarence House would be his home for life. ‘I thought she had left instructions to that effect but I could hardly ask her to put it in writing to me,’ he said. ‘I suppose I was rather naive in thinking that a letter would survive if it meant everyone had to put up with me for a few more years. In some ways they were quite ruthless, you know.’ Rumours: Billy said he knew Princess Diana was having affairs while still married to Prince Charles . Some months after the Queen Mother’s death in March 2002, Billy received a short letter telling him that Gate Lodge had to be vacated. The deadline gave him little time, but he obediently packed his things and left. There was no leaving party, no letter of thanks, no formal goodbye. An official made sure he was out on time. Billy didn’t find his new life easy. His 51 years of service had given him no time to learn how to live in the evenings and at weekends. For years he had organised lunches and dinners for the Queen Mother, but he had never had to make his own meals. Now his life of privilege was over: he shambled along to the shops like any other elderly single man. He began to eat irregularly and sometimes not at all. He was also shocked at the cost of a good bottle of wine. Billy had developed a taste for the finer things in life and he was suddenly cut off from them all. But there were compensations. Billy was an amusing man with a remarkable history and he was invited to an endless series of parties, which gave him a faint glow of the life he had once enjoyed with the Queen Mother. ‘I go to these things because I find it so difficult to be on my own,’ he confessed. ‘I enjoy the parties, but would happily give them up if I could go back to my old life.’ Billy spent night after night in his local pub, The Dog House, where he would get drunk and invite all and sundry back to the flat – anything was better than being alone']","[""Queen Mother's royal courtier William Tallon was known as Backstairs Billy .\nRose from impoverished beginnings to become her confidant and friend .\nBut he also breached protocol and brought young men to Clarence House .\nOther courtiers took revenge by banishing him from Queen Mother's side .\nAlso denied her request that he should be allowed to live at Clarence House for the rest of his life .""]","[""Billy died from the disease in 2007 at his home .\nInside his flat, a small group of men saw him dispose of his possessions .\nAll box up, without knowing why, and kept in safe storage .\nAll his fifth marriage is believed to have resulted from Billy's death .\nBut despite that William was stuck by his ancient life and the family castle .\nBoys always was allowed to run back out, and they shut him down .\nWilliam said I would never be king, but my mother had promised. She was right. But my sweetheart didn’t call me. She had to call me.\nHer sister Margate Thornham must be called. She must be captured. What would her sister’s husband unaccountable?""]",1,0.30208333333333337,0.03157894736842105,0.11458333333333334
"[""Wales captain Sam Warburton is expected to be fit for the vital RBS 6 Nations clash with Ireland on March 14. Warburton suffered a knee injury in the 20-13 victory over France in Paris on Saturday night which catapulted Wales back into championship contention. The 26-year-old had ice applied to the knee immediately after leaving the field at the Stade de France and it had been feared that he would miss the visit of Grand Slam hopefuls Ireland to the Millennium Stadium. Wales captain Sam Warburton is expected to be fit for the vital RBS 6 Nations clash with Ireland on March 14 . But the Wales management team have said Warburton will return to training later this week and the openside flanker's deputy Justin Tipuric has been released from the squad to play for his region the Ospreys this weekend. 'Sam suffered a contusion to his knee,' said a Wales team statement on Monday evening. 'He will continue to be monitored by the medical team and will return to training later this week.' Warburton (centre) suffered a knee injury in the 20-13 victory over France in Paris on Saturday . Outside-half Dan Biggar, who scored Wales' decisive try against France, will also return to training later this week after suffering a hip injury in Paris. But Bath loosehead prop Paul James, a late second-half replacement for Gethin Jenkins in Paris, has been ruled out for the rest of the tournament with a fractured thumb and will miss the next four to six weeks. Wales announced earlier that they had released 12 players back to the regions this weekend, among them Tipuric and British and Irish Lions winger Alex Cuthbert who was dropped for the Paris victory in favour of Liam Williams. Warburton breaks out in a smile during a pres conference with head coach Warren Gatland .""]",['Sam Warburton suffered a knee injury in the 20-13 victory over France .\nIt had been feared that he would miss the clash with Ireland .\nBut he is now expected to return for the Six Nations match on March 14 .'],"[""Wales captain Sam Warburton will play for Ireland for .\nThe vital RBS Six Nations clash against Ireland .\nWarburton suffered a knee injury after coming off the bench for 20-13 in Paris .\nSam Warburton will have six caps against Six Nations in his career .\nThe three-time Cardiff head coach has been unable to tackle the game board for this tournament .\nWhers in the place of KurtCautin replacement Dan Biggar after suffering a hip .\nTigers prop Foley will miss out following his thumb ruled fractured .\nBath are hopeful Andrew Barr will now make way for England against Wales at the weekend .\nBathland lure Graham Wilson and Ruan Priestland from Bath in autumn .\nJames ruled out of Six Nations for six months after hamstring failure in comeback .\nMcCamberwell offered condolences just last week but\xa0will\xa0on the OBS website saying he would not consider his future .\nBut Bath\xa0former second-half prop is set to withdraw from squad after his injury .\nPaul Moore will withdraw for six weeks after an upset over Paul James .\n21-year-old GethinJenkins had dislocated shoulder in Paris .\nRangers captain Ospreys looked fine on his ankle .\nNineteen-year-old winger\xa0Pola Munroolo has\xa0roubled himself to fit but 'looking forward to beginning of the Six Nations\xa0\n""]",1,0.2307692307692308,0.08527131782945736,0.16153846153846155
"['Most parenting advice says you don\'t have to worry if your baby doesn\'t start speaking until around 18 months. But that won\'t be an issue for Toni and Paul McCann from Ireland whose adorable son Cillian said his first word at just seven weeks old. The tiny tot, who is now nine weeks old, was filmed by his 36-year-old mother who says that she knew he had been trying to communicate for a while. In an adorable video, filmed by his mother Toni, Cillian McCann, then seven weeks old says his first word . Cillian has three older sisters, Toni revealed that her little girls, Sophie (bottom right), Eva (bottom left) and Ellie (top), did not start talking at such an early age . Toni said: \'He was trying to speak for a while but that day I knew he was trying to say something. \'I\'d read that babies communicate from a young age and to give them space to answer when you talk to them. \'That was I was doing that day and because he was so alert and making such good eye contact I decided to video him. You can tell my total shock when he came out with ""hello"".\' In the short clip, Cillian can be seen moving his mouth around trying to talk. After making several attempts he eventually comes out with his first word. Toni, who has three older daughters Sophia 12, Ellie, 11 and Eva, eight, said that she knew other people would be shocked when they saw the film. In the video Cillian is seen struggling to get his word out, but with a bit of encouragement from his mother he finally says hello . She said: \'If I hadn\'t have videoed it I\'m sure people wouldn\'t have believed me. I don\'t think I would have believed it myself! \'After that he said it again to my daughter Eva although it wasn\'t as clear. When he has been focused and interacting with me since that day I have been telling him ""I love you"" and I can see he is trying to copy that! \'I have three older girls and never experienced this with them although I think I probably just talked ""at"" them and didn\'t give them space to respond.\' Toni says that Cillian was very alert from a young age and had been trying to make out words since he was just five weeks old. This happy family snap shot shows the clever little boy resting on the back of one of his sisters, Eva (left), Ellie (middle) and Sophia (right) Toni said she is pleased that her little boy, pictured with his sisters Sophia, (left) Eva, (middle) and Ellie (right), can bring so much joy to the world . She said: \'He loves his sisters but from a very young age he always responded most positively to interaction from his dad, my husband Paul. \'From about five weeks old his little tongue would stick out when his dad was talking to him. I realise now he was trying to talk because that\'s what he does in the video.\' And people have been very impressed by their talented son. \'People\'s reaction has been so lovely,\' said Toni. \'Lots of people have said it brightened their day. Lots of people say they can\'t stop watching it. A girl I know said it is a perfect example of the love between mother and child! \'Some people don\'t believe it\'s real, that it\'s been edited but on the whole most people love it. That is really lovely for me as there is so much bad in the world it\'s great that my wee son is spreading some joy.\'']","[""Cillian McCann was filmed by his mother Toni at seven weeks old .\nIn the clip the little boy can clearly be seen trying to speak to his family .\nAfter several attempts he manages to say 'hello'\nThe average child can say six words by the time they reach 18 months .""]","[""Cillian McCann, seven, was filmed six weeks by 36-year-old mother Toni, 39, from Ireland .\nIn a video he is now nine weeks old, he said his first word .\nThe video was shared by his mother Toni and released last week to show the amazing response they have given him .\nToni said: 'He has not a lot of language' but his body language is remarkable .""]",1,0.3305785123966943,0.08403361344537816,0.23140495867768593
"[""Everton midfielder Leon Osman believes Sunday's 2-1 win at QPR proves the Toffees do have the fighting qualities to win ugly when they need to. Aaron Lennon sank Rangers with a 77th-minute winner to move Everton up to 13th in the Barclays Premier League and nine points clear of the relegation places. Everton have been accused of being too soft this season after failing to replicate last year's fifth-place finish, but Osman insists they showed their mettle with a battling display at Loftus Road. Leon Osman believes Everton's win over QPR on Sunday shows the Toffees can win ugly when needed . Osman points at goalscorer Seamus Coleman after the defender had fired Everton ahead at Loftus Road . 'Certain games sometimes call for certain styles of play and the way the game goes dictates how you end up playing,' Osman said. 'Every time we lost the ball it was sent up to the edge of our box so we had to fight and scrap for second balls. 'It was a scrappy match defensively but we proved we can do that side of the game and then once you've done that, you have the opportunity to hit teams on the counter attack, which we tried to do. 'There was probably not as much football played as we usually like but there's no problem winning like that as well.' Aaron Lennon (left) celebrates after scoring the winning goal for Everton against Queens Park Rangers . The victory was Everton's second in a row in the league and saw Roberto Martinez's side bounce back from a disappointing 5-2 Europa League defeat to Dynamo Kiev on Thursday. 'It was a massive win for us after we suffered a big disappointment in the week,' Osman continued. 'It hasn't quite happened in the league this season so to put back-to-back wins together was really important for us. 'We were terrific at the back, especially Phil Jagielka. I thought he was at his best and we dealt with all their situations quite well. The winger slots home the crucial goal to move the Toffees closer to safety with the win at Loftus Road . 'It was always going to be difficult with the pitch as it is and with the way they played. 'They made it difficult for us but we stood up to that challenge head on and came away with a victory. 'We've still got eight games left and we're going to concentrate on those games now and just see how many points we can pick up.'""]",['Everton beat QPR 2-1 at Loftus Road in the Premier League on Sunday .\nLeon Osman believes the Toffees showed their mettle in victory .\nThe Blues eased relegation fears with their second league win in a row .'],"[""Everton currently sit ninth in table in the Premier League this weekend .\nThey sit eight behind ninth while Roberto Martinez''s side are at 16th .\nQues Park Rangers boss Roberto Martinez's side resigned in January .\nFulham keeper Dan Kighthead earned a 2-1 win against QPR on Sunday .\nBut the 34-year-old started his game conceding a goal to close gap .\nRangers drew 1-1 in the second-half of the Premier League against Arsenal FC on Saturday .\nEverton now home 13th in Premier League after beating QPR 2-1 away at Loftus Road on Sunday .\nThey would be returning to the top to set up the points, and Aaron Lennon impressed and scored the winning goal, replacing Phil Jagielka .\nBut in the second half of the match, Lennon said: 'We lost the ball, we fought hard and we are struggling' .\n'I felt they were playing the same every night. It's also good that they were playing the same team we played, there when we aren't in the same position we're getting better .\n'The bottom four teams, it's going to be tough to keep up with last week and it won't get us back. I see 'we've still got eight games left and we're going to concentrate on those games now and just to see how many points we can pick up'\nEver captain Leon Osman conceded that 'we still haven't quite taken on criticism in the league'\n'20% of us put our heads in the back net here, we let it go to the forwards so we'll play us that way'\n'Terrorism only works when you're playing in the Barclays Premier League meaning that you're on the counter-attack against teams'""]",1,0.16049382716049385,0.055900621118012424,0.09259259259259259
"['The documentary is presented by Ian Dunn (pictured) one of the founders of the reviled Paedophile Information Exchange (PIE) BBC bosses have sparked outrage by broadcasting a historic film presented by a notorious child sex campaigner – and have refused requests to remove it from the internet. The documentary is presented by Ian Dunn, one of the founders of the Paedophile Information Exchange (PIE), which campaigned to legalise sex with children. It is one of 30 archive films on the BBC’s website telling the history of the gay rights movement. The 30-minute documentary – Glad To Be Gay? – portrays Dunn as a legitimate gay rights activist and makes no reference to his role in setting up the reviled group. Victims of child abuse described as ‘horrifying’ the decision to upload the film. When The Mail on Sunday contacted the BBC to point out the documentary was causing offence, the broadcaster refused to take it down – on the grounds that it is a ‘significant’ work on the history of gay rights. The documentary, first shown on the BBC in 1976, shows the lives of gay people at a time when homosexuality was still illegal in Scotland, and featured interviews with future Foreign Secretaries Robin Cook and Malcolm Rifkind. It was an episode of a public access TV series called Open Door, and the BBC website states it was made by the Scottish Minorities Group and credits Ian Dunn as a presenter. Dunn, who died in 1998, is shown describing the work of the group in Edinburgh, while Mr Cook and Mr Rifkind were interviewed about their opinions on gay rights. The footage includes Dunn calling for the age of consent to be lowered, stating: ‘We think a boy considered old enough to take responsibility of bringing up a family is surely old enough to make up his own mind.’ But there is no mention in either the original documentary or on the BBC website of Dunn’s role in campaigning for adults to be allowed to have sex with children. When MoS contacted the BBC (headquarters pictured) to point out the documentary was causing offence, the broadcaster refused to take it down – on the grounds that it is a ‘significant’ work on the history of gay rights . In October 1974, Dunn had co-founded PIE as an offshoot of SMG, and wrote that its goals were to campaign ‘for the legal and social acceptance of paedophilic love’. Last night representatives of victims of child abuse said the BBC’s decision was at odds with refusing to show repeats of Top Of The Pops featuring disgraced DJs Jimmy Savile and Dave Lee Travis. Catherine Allen, of sexual abuse victims’ charity One In Four, said: ‘This is horrifying and shows complete contempt for those who suffered at the hands of Ian Dunn and other members of PIE. ‘I believed the BBC had learned lessons from the Savile saga but they still aren’t taking sexual abuse seriously.’ Dr Jon Bird, of the National Association for People Abused in Childhood, called on the BBC to remove the film or amend it to make viewers aware of Dunn’s warped views. The BBC said: ‘This video – which doesn’t involve or discuss any children – was considered a significant programme on gay rights and has been online for many years.’']","[""BBC bosses have sparked outrage by broadcasting documentary film .\nHistoric film is presented by notorious child sex campaigner Ian Dunn .\nOne of 30 archive films on website telling history of gay rights movement .\nPortrays Dunn as a legitimate gay rights activist and makes no reference to his role in setting up the reviled Paedophile Information Exchange (PIE)\nBBC say film is ‘significant’  and refused to remove it from their website .\nCampaigners say decision is 'horrifying' and shows contempt for victims .""]","['The documentary is presented by the reviled Paedophile Information Exchange .\nThe documentary features Ian Dunn, one of the founders of the group .\nHe has been solicited money to make films in the group by Tory campaigners .\nThe BBC footage includes Dunn calling for age of consent to be lowered .\nUnclear - if it caused offence, the film is on the internet .\nCampaigners has compared the treatment of gay people to the legislation .']",1,0.3926380368098159,0.12422360248447203,0.22085889570552147
"[""Martin 'Mad Dog' Allen returns with his latest  column for Sportsmail. The Barnet manager admires Jose Mourinho's courage in playing Kurt Zouma against Tottenham but takes aim at the sluggish strikers currently masquerading as Manchester United stars. MOURINHO'S GOT BALLS! Chelsea manager Mourinho threw Kurt Zouma in against Tottenham to shield the back four, to stifle and stop the opposition in the League Cup final. They were rewarded with a clean sheet. How many managers would have the confidence to play a centre-back in central midfield in a cup final at Wembley? In front of 90,000 fans and millions watching across the country - across the world. It must be said, Mourinho’s game management is second-to-none. It was no surprise that their goal in that game came from a set play and their second on the counter attack. Jose Mourinho's game management is second-to-none, particularly when it matters most . He soaks up the pressure, waits for the game to open up and frustrate the opposition. He knows within his ranks he has game winners who will score. The work ethic he has drawn from those technically brilliant players is astounding. His ranting and raving about the injustices from referees puts pressure on the officials into giving Chelsea better decisions. He is the master at it and keeps all the attention and focus off his player. But above all, he’s got balls. The Chelsea manager threw youngster Kurt Zouma in to protect the back four against Tottenham . SLIPPING AT THE TOP . The pressure, the anxiety, the expectancy, not rotating enough? What is it about the top teams slipping up at this point in the season? Getting close to the finishing line, you start looking over your shoulder. We all know running a race it’s better to chase a person in front than to be looking behind you. I don’t know the answers, I wish I did. In the Championship we’ve seen Bournemouth fall from the top, Wycombe Wanderers have done in League Two, my club Barnet have fallen behind in the Conference. Even Mourinho’s Chelsea had a blip, although they are managing it well. We see it right across all sports. We see it in golf in the Masters every Sunday night at Amen’s Corner. We see it when cricketers get into the 90s and are chasing a century. We see it in darts when the players start missing doubles. Over the next two months, the teams who come out on top will be the ones with the goal-scorers, who maintain their self belief throughout it all. Eddie Howe has seen his Bournemouth side slip away from the top of the Championship recently . UNITED’S SLUGGISH STRIKE FORCE . How slow is Radamel Falcao? And Robin Van Persie has lost half a yard of pace from his days at Arsenal. You can’t fault Falcao for his work ethic and atittude. He most definitely has that. But he lacks a yard or two of explosive speed. Manchester United have crept up on to the shoulders of the Champions League places, but there is far from enough pace and athletic ability in the group to make it into the top four. Radamel Falcao has failed to hit the ground running and appeared slow in a Manchester United shirt . Robin van Persie seems to have lost half-a-yard of pace under Louis van Gaal at Old Trafford . ONE PERSON I KEEP HEARING ABOUT... DARRELL CLARKE, BRISTOL ROVERS BOSS . Darrell Clarke has grafted through the lower levels where he had success. As a player he was at Mans""]","[""Kurt Zouma's switch to in front of the back four was a masterstroke .\nChelsea won the Capital One Cup thanks to Jose Mourinho's tinkers .\nManchester United are struggling up front with players who are too slow .\nNeighbours Manchester City are missing something in their DNA .""]","[""Jose Mourinho's match management is second-to-none this season .\nLouis van Gaal's\xa0Manchester United are eighties at the moment .\nRobin van Persie seems to have lost pace at United .\nGraham Pollock: Manchester United lost half of their pace under Louis van Gaal .\nNycombe have a match scoring muck but will have true faith, he says .\nGraham: Does this slip mean there isn't enough faith for the club to have the bottom of their games this season to get?\nThe high-tiesse teams can take advantage of some of the most important weekends .\nThose teams who are comfortable with the team winning - don’t want to just lose them to .\nIn the long run the teams have the talent, the buys and being ensured that they will succeed .\n teams who aren't prepared for the big teams, like Barnet and Stoke City, were bygone flop .\nCity, Inter and Dortmund are the tight races .\nAnd they are the few teams in Europe with the biggest name chasing it .\nScoring is secondary to the best players who have been to semi-finals for three straight years .""]",1,0.19999999999999998,0.0504201680672269,0.125
"[""Sydney has become one of the world's growing  hotspots for ultra-millionaires, outranking the likes of Moscow and Los Angeles, a new report has revealed. Sydney has claimed the 14th spot in a survey of 40 of the most important cities in the world for the wealthy by Knight Frank. Ultra High Net Worth Individuals (UHNWIs) must have a net worth of more than $30 million to qualify for membership of the exclusive rich-list. According to a list of Australia's wealthiest people by BRW, Gina Rinehart, James Packer, Frank Lowy, Harry Triguboff and Anthony Pratt are among some of the country's richest citizens. Sydney has been listed as one of the world's fastest-growing cities for ultra-millionaires\xa0with 764 UHNWIs . Billionaire Gina Rinehart \xa0recently listed her extravagant property in the exclusive Sydney suburb of Mosman . Rinehart has an estimated wealth of $20bn, Pratt and family's wealth is estimated at $7bn as is Packer's and Lowy's. Triguboff is thought to have a fortune of over $5bn. Sydney is home to most of Australia's wealth with 764 UHNWIs, followed by Melbourne at 456, Perth at 267, Brisbane at 249 while Auckland  sits at 557. The Knight Frank Wealth Report's annual Attitudes Survey found London remains the single biggest centre for global UHNWIs, followed by Tokyo, Singapore and New York. Still, Knight Frank's head of research and consulting, Matt Whitby, said that over the past 10 years, Australia has grabbed fourth spot in terms of countries with the greatest foreign inflows of High Net Worth Individuals (HNWIs). 'Of these HNWIs, there were 1,734 UHNWIs living in Australia in 2014, that is, someone with a net worth of over US$30 million. Sydney currently accommodates almost half of these individuals, with the capital cities of Melbourne (26%), Perth (15%) and Brisbane (14%) taking up the balance. The report's Global Cities Survey expanded to 40 cities for the first time, collecting data from 108 major metropolitan centres to rank the UHNWI population numbers. Billionaires James Packer and\xa0Anthony Pratt are among the Australia's high-profile wealthiest residents . Harry Triguboff is the founder and managing director of closely-held Meriton Pty and Australia's biggest apartment developer . Sydney has the highest concentration of UHNWIs, and high-profile Australians have maintained their properties across the state. Billionaire Gina Rinehart, from Perth, recently listed her extravagant property in the exclusive Sydney suburb of Mosman. Rinehart's daughter Hope Welker and her husband Ryan previously lived in the stunning harbourside home before moving to New York in 2011. Billionaire casino mogul James Packer recently revealed his new dream to build the world's finest luxury six-star hotel Barangaroo in Sydney. Melbourne topped the second state in the country with 456\xa0Ultra high net worth individuals (UHNWI) in 2015 . Sydney outranked countries including Madrid (pictured) after claiming the 14th spot of UHNWIS in 2015 . Sydney is home to most of Australia's wealth with 764 UHNWIs, followed by Melbourne 456 and Perth 267 . Football Federation Australia (FFA) chairman Frank Lowy is reportedly living in one of Sydney's affluent suburbs of Point Piper with his family. The Wealth Report's annual Attitudes Survey studied cities where the wealthy congregate, work, invest, educated and spend their leisure time. 'One of the clear trends to emerge from the Global Capital Markets Survey results is the increasingly global nature of private investments,'""]","[""Sydney is listed as one of the world's fastest-growing cities for millionaires .\nKnight Frank survey revealed the world's top 40 cities for rich dwellers .\nUltra High Net Worth Individuals are defined as worth more than $30m .\nSydney home to 764 UHNWIs in 2015 - the most of any Australian city .""]","[""The Knight Frank Wealth Report published list on 6,000 World's most Powerful High-Intelligent UHNWI list, including Melbourne and Sydney .\nThe list would top the cities' list .\nMelbourne listed as the most powerful city, Knight Frank Wealth Report .\nNewcastle has the highest concentration of wealth, with one of world's wealthiest areas in Sydney .\nIt has claimed the 14th spot in the Knight Frank Wealth Report .\nSydney is the world's highest ranked city with 764  UHNWIs .\nLydney has the highest concentration of\xa0topless\xa0UHNWIs .\nWestern Australia ranks top of the list .\nHighest in Australia wants to build the world most expensive hotel on the six-star list .\nLondon was listed as most rich by the Knight Frank Wealth Report using data from 109 cities .\nIndia is top city in Australia and most likely to be identified as elite\xa0wealth .\nSingapore has populations increasing at capacity due to the  lavish lifestyle .\nAustraliaWas one of the 6,000 world's wealthiest\xa0apprentice\xa0developers .\nBut there are other continents and global cities making the rankings too, with Singapore top the list .\nAustralia, ranked 34st""]",1,0.25409836065573776,0.07438016528925619,0.16393442622950818
"[""Venus Williams has suggested she is likely to follow her sister Serena and end her 14-year boycott of the prestigious Indian Wells tournament next year. The 34 year-old American gave her clearest indication yet that she would return before the end of her career following a 6-3 7-6 victory over Caroline Wozniacki that took her into the quarter finals. Venus has not played in March's high profile WTA event in the Californian desert since 2001 when, as has been well-documented, she made a late withdrawal from a semi-final match against her sister with a knee injury. Serena subsequently got a hostile reception when she played in the final. Venus Williams has suggested she will return to Indian Wells doe the first time since 2001 . The elder Williams sibling reached the quarter finals of the Miami Open on Monday . Williams shakes hands after defeating Carloine Wozniacki in straight sets at the event in Key Biscayne . Rory McIlroy's former fiancee could not contend with Williams' game, going down\xa06-3 7-6 . The younger sibling ended the family boycott this year, and now it looks like both of them may well be back as well in 2016. Asked what she thought of Serena's warm reception at Indian Wells earlier this month Venus responded: 'It was wonderful to see. I definitely watched every moment, and it was great to see her and my family there. Next year will be a big year for us being an Olympic year. I can't exactly say what my schedule will be, but it was wonderful to see her reception.' Did that mean she had softened her own stance? 'Oh, yeah, absolutely. I have heard so much about how much the tournament has just improved in general in terms of the fans and the players. 'So it will be something to see for me.' Serena is comforted by her family after being jeered by the crowd when winning at Indian Wells in 2001 . The world No 1 returned to the tournament this year where she reached the semi-finals . Williams plays a shot on the run during her fourth round victory over\xa0Svetlana Kuznetsova in Miami . Venus said that she had not fully discussed the matter with Serena but went on: ' I think really what Serena did and how she went about it was just awesome for me as a big sister to see, because I feel like usually I'm the big sister. I feel like in this instance she took the role of big sister. 'It was really nice. I love how, you know, we continue to protect each other no matter what. She did a fantastic job out there, even though she wasn't feeling her best. So like I said, I think the tournament's amazing. I also said next year is an Olympic year, so my whole focus is on trying to get to the Olympics. 'So I don't know what tournaments I'm going to play as long as I'm at the Olympics. That's my goal, to be healthy enough. So I think it would be awesome to return, but I don't know what my schedule is next year. It's going to be all around that.'""]",['Venus Williams has hinted she will return to Indian Wells next year .\nVenus withdrew from the tournament in 2001 before sister Serena was given a hostile reception in the final .\nWorld No 1 Serena returned to BNP Paribas Open for the first time this year .\nVenus defeated\xa0Caroline Wozniacki to reach Miami Open quarter finals .'],"['World No 1 recently said that she would return to play at the tournament last year .\nThe 34-year-old sister is the American who won at\xa0sack Wells earlier beat by Williams .\nShe recently crashed out of her matches against the Williams sisters with knee injury .\nLike her on Monday she ended family boycott of Indian Wells in 2011 .\nThe elder Williams had reached the Miami Open in the Indian Wells .\nVenus is 6-3 against Wozozniacki\xa0in Melbourne .\nAfter going down 6-6 7-6 in Miami, she said she will need to catch a warm reception when she returns .']",1,0.34355828220858897,0.12422360248447206,0.18404907975460122
"['Los Angeles authorities say are working with the FBI to build a criminal case against millionaire Robert Durst\'s wife and she may testify against her husband to avoid criminal charges . Durst is currently being investigated for the shooting death of Susan Berman in 2000 and police say wife Debrah Lee Charatan, 58, allegedly tried to help Durst flee to Cuba before his recent arrest. The New York Post reports that Charatan, who married Durst less than two weeks before Berman\'s death, could face a federal charge of aiding and abetting a flight to avoid prosecution. Los Angeles authorities say are building a criminal case against millionaire Robert Durst\'s wife Debrah Lee Charatan (pictured in 2012 and 2014) and she may testify against her husband to avoid criminal charges . If convicted, Charatan could do up to five years behind bars. \'The wife is definitely in play, a police source told The Post. \'If she’s smart, she’ll waive [spousal privilege] and tell investigators everything she knows and put the final nail in his coffin — and then she might escape prosecution.\' Durst was preparing to fly to Cuba when he was arrested on March 14 and police believe that Charatan was going to meet him there or help him flee. The Post reports that police are going over Charatan\'s financial records to look for money transfers or other incriminating evidence. Charatan was in Florida which is just 90 miles from Cuba when Durst was arrested in New Orleans. \'She knew this was coming and that [Durst] was going to be arrested and this was all going to blow up,\' a police source told The Post. Recent arrest Robert Durst poses for a mugshot photo after being arrested for murder and detained on March 14 in New Orleans, Louisiana . On Friday, Millionaire Robert Durst\'s attorneys claim that he was illegally arrested on charges that he murdered Susan Berman in California, as well as drug and weapons charges filed in New Orleans. In the papers filed at the State Criminal District Court in New Orleans, William Gibbens and Dick DeGuerin asked a magistrate judge to schedule a preliminary hearing so that they can prove that there is no probable cause to keep Durst jailed. They say he should be released. \'I think he\'s an easy target and everybody\'s piling on. ... They\'re gonna find nothing,"" Dick DeGuerin, the lead attorney on Durst\'s team, told  KTRK-TV. \'I think Louisiana and their elected officials want a piece of the publicity pie.\' \'Invalid arrest\': Robert Durst\'s legal team accused authorities in documents today of arresting the real estate heir illegally, as his attorney blasted Louisiana officials for wanting a piece of the \'publicity pie\' \'I think he\'s an easy target and everybody\'s piling on ... They\'re gonna find nothing, Dick DeGuerin (pictured), the lead attorney on Durst\'s team, said on Friday . The judge agreed to schedule that hearing during another court appearance by Durst on Monday in New Orleans. The attorneys also asked the judge to order that evidence be preserved from the hotel where Durst was arrested. They are seeking any and all records related to Durst and Everett Ward, the pseudonym Durst used to check into the hotel. The documents blasted the arrest, which the attorneys say was orchestrated \'to coincide with the final episode of the HBO docudrama The Jinx. The six-part documentary concluded Sunday. Durst\'s arrest came shortly before the HBO finale about his links to three killings — that of his first wife, who disappeared in New York in 1982; Berman, the daughter a mobster and a close friend who acted as his spokeswoman after his wife disappeared; and a 71-year-old neighbor in Texas whose dismembered body was found']","[""Robert Durst's wife\xa0Debrah Lee Charatan, 58, could 'testify against her husband to avoid criminal charges'\nPolice are investigating whether or not Charatan helped Durst Flee to Cuba prior to his March 14 arrest .\nIf convicted, Charatan could do up to five years behind bars .\nDurst was arrested on March 14 for the murder of Susan Berman in 2000 .\nDurst's legal team say authorities made an 'invalid arrest' on March 14 .\nClaim he was illegally arrested on murder, drug and weapon charges .\nLawyers say it was a publicity stunt to coincide with The Jinx finale .\nJudge agreed to a hearing Monday in New Orleans; Durst to appear .\nThe 71-year-old is on suicide watch at a Louisiana detention center .""]","[""Robert Durst is being investigated for his shooting death in 2000 .\nHe was recently charged his wealthy wife and tried to kill her .\nLos Angeles authorities are building charges against one of New York's wealthiest single husband and convicted of aiding or abetting flight .\nIf convicted, Martin Durst could testify to escape crime charges .\nThe prosecutor says his wife is ' definitely in play' he's her husband's boyfriend and 'can't escape prosecution'\nMartin's family is just 55 old and are likely to live for 45 years .\nDurst has a string of crimes's criminal history including the murder of Susan Berman in California in 2000 .\nHe had one and his wife were planning to get involved in the HBO finale .\nWid Nyhan says he feels his wife and friends 'can get hit on the head here,' and 'it could be the final nail in something .\nthat we have something wrong, then we know'\n'It's not public issue, about anything, it's personal questions' he said 'unrightly' to a New Orleans attorney .\nHe did not detail where his wife was being held but he could not escape prosecution .\nThe local FBI has agreed to a hearing .\nThe New Orleans must preserve evidence""]",1,0.3452380952380952,0.10179640718562875,0.20238095238095236
"[""Former footballer Clarke Carlisle has pleaded guilty to a drink-driving offence which happened just days before he attempted suicide. The 35-year-old, who played for Leeds, Burnley and QPR, today admitted failing to provide a sample on December 20. He also pleaded guilty to a charge of driving otherwise than in accordance with a licence on the same date, when police officers spotted his Mercedes travelling in an 'erratic' manner. Former footballer Clarke Carlisle has admitted failing to provide a sample when he was suspected of drink driving. Days after he was pulled over by police, he attempted suicide . Carlisle still bears the facial scars from his December 22 suicide attempt in a crash which left him in a coma until mid-January. The former Professional Footballers' Association chairman spoke clearly as he admitted the charges from the dock at Highbury Corner Magistrates' Court in north London today. Deputy District Judge Margaret Dodds told Carlisle  he would 'inevitably' be disqualified when he next appears at the same court for sentencing on May 14. She also ordered that reports be made in the case after being told of Carlisle's medical situation. The court heard he was spotted by police 'swerving' his Mercedes and nearly hitting another vehicle on Pentonville Road, north London, on December 20 at about 7am. Prosecutor Zahid Hussain said the car was seen 'swerving in the lane, to the pavement on the nearside, almost mounting the pavement' and that the tyres were 'grinding on the curb'. When the officers stopped and spoke to Carlisle 'alcohol was smelled on his breath', Mr Hussain added. The court was told that Carlisle did not blow long enough in the breathalyser when he was tested at the roadside to provide an adequate sample. Carlisle later said he fell into a spiral of decline after his contract as a TV football pundit was cancelled . He was taken to Islington police station but would not co-operate and said: 'Sergeant, I would like to speak to my counsel first.' The court was told that Carlisle had been involved in excess-drinking offences in 1999 and 2011. Krystelle Wass, defending, told the court: 'Two days after the incident Mr Carlisle attempted suicide, which is why matters have taken some time to come to court.' She said there were 'ongoing mental health issues'. The deputy district judge replied that she would order reports ahead of the next hearing as 'he is clearly in some trouble'. The deputy district judge told Carlisle that he would get credit for his early guilty plea but noted that he has a 'bad record'. Carlisle, who was released on unconditional bail. said 'Thank you, ma'am' as he stepped out of the dock. The former footballer (pictured playing for Burnley) has previously told of past thoughts of suicide when his career was coming to an end and he suffered serious injury . The married father-of-three was  left critically injured when he was struck by a lorry near his home on the morning of December 22 on the A64, near York. He later told how he threw himself in front of the lorry in an attempt to take his own life. Carlisle said he felt his life was spiralling out of control after he was told by ITV he was losing his £100,000-a-year Champions League pundit role. He said he went straight to a casino and blew his and his wife's savings. He told The Sun last month: 'I had to die. This wasn't escaping or running away. This was the perfect answer. It made everyone happy and it ticked every box.' He said he had sat in the police cell and concluded that he could not let his children 'have a criminal father'.""]","[""Former Leeds, Burnley and QPR player was pulled over by police last year .\nHe has now admitted failing to provide a breathalyser or blood sample .\nThe incident came just days before the ex-player attempted suicide .\nHe later said he felt that death was the 'perfect answer' to his problems .""]","[""Clarke Carlisle pleaded guilty to a drink-driving offence .\nAttempted suicide in August and December when police spotted his Mercedes travelling in 'moment'\nCarlisle did not blow long enough when he was recorded by the roadside .\nSaid he was in 'some trouble' after failing to limit his risk in court .\nThe former Professional Footballers' Association chairman 'fessed up to committing suicide today .\nCarlisle suspended from drink driving and drink-driving later on licence .\nSignificant report after case will be made about his situation as MOTD sentencing .\nJudge sentenced him at Highbury Corner Magistrates' Court in May 14 .\nThreaty after speaking out on phone as he said: 'I'm a bit late' after accident - so here are your thoughts? Send an email: thcoreryfoundation.org/dailymailkarylperryfoundation.JFKMonbcy.com .\ntommyyperry@ancashire.co.uk/TommymyCareter .\nIf you know someone who has lost touch with you, please send an email to hmspinseythorn@Westwood.dailymail.co.mail.uk. I’m happy to make it""]",1,0.2450980392156863,0.03960396039603961,0.13725490196078433
"['Serena Williams has spoken of her close friendship with tennis rival Caroline Wozniacki. Appearing on the front cover of US\xa0Vogue, the American world No 1 admits that times can get tough at the top and that she is glad to have Wozniacki and sister Venus around for support. \'It’s hard and lonely at the top,\' Serena confessed to Vogue. \'That’s why it’s so fun to have Caroline and my sister, too. You’re a target when you’re number one. Everyone wants to beat you. Everyone talks behind your back, and you get a lot more criticism. God forbid I lose.\' Scroll down for video . American world No 1 Serena Williams appears on the front cover of Vogue and showed off her fit physique . Serena shared an Instagram image touting her Vogue issue in which she admitted: \'It’s lonely at the top\' Last May, it was Caroline who needed Serena\'s support.\xa0When Serena got word that Caroline had been dumped by fiance Rory McIlroy, she immediately picked up the phone. \'I was devastated. I had planned the bachelorette party,\' Williams said. Serena and Caroline both sat down to chat about the event six months after the fact. \'My phone was going crazy, but I didn’t want to talk to anyone,\' said Caroline. \'I kept calling,\' Serena said. \'First she texted, ""If you don’t pick up, I am going to fly to Monaco."" And then, ""If you don’t answer the door, I am going to knock it down."" \'So I thought, OK, I better answer the phone. And I am so glad I did. She wasn’t pitying me, like a lot of people were. I mean, it’s not like anyone died.\' Williams spoke about her close friendship with Caroline Wozniacki, who is a  rival on the tennis court . Wozniacki added: \'I was in shock, but she was really helpful because she had been through it before. She didn’t sugarcoat it, and she didn’t look down on me. \'She was really there for me when I needed her the most, and that’s why I think our friendship is so strong now.\' \'I was impressed with how strong she was,\' Serena said, before continuing: \'And you know, there will be other engagement parties... many.\' Williams and Wozniacki celebrate after the Dane finished last year\'s New York Marathon while the pair also attended the Vogue Fashion Fun Awards in New York last year . Serena indicated that Caroline won\'t have problems finding another guy, as they literally swarm her when the girls go out at night. \'I am really shy. I don’t talk to guys,\' Serena conceded. And although she had once wished for a family and children of her own some day, she\'s not in any particular hurry. \'I guess,\' she said. \'I’m not even looking for it.\' On the court, it\'s a different story. Serena went on to say: \'On the court, I am fierce! I am mean and I am tough. I am completely opposite off the court. My confidence just isn’t the same. I wish I was more like I am on the court. Nobody would know that I am constantly crying or complaining.\' Williams said: \'On the court, I am fierce! I am mean and I am tough. I am completely opposite off the court\'']","[""World No 1 Serena Williams appears in the April issue of US Vogue .\nThe American admits 'You're a target when you're number one'\nWilliams is pleased to have tennis rival Caroline Wozniacki as a friend .""]","[""Serena Williams appeared on the front cover of US Vogue on Tuesday .\nShe didn't come down about her close friendship with tennis-mate, Caroline Wozniacki .\nThe pair were separated this year leaving Caroline at the center of their problems .\nWilliams doesn't think she needs the boys, but says Caroline is 'caring ' for her .\nHer fans and friends are 'broken at the top, too', according to Serena's Instagram .""]",1,0.25688073394495414,0.09345794392523364,0.22018348623853212
"[""It boasts a beautiful town centre and a wealth of history to explore. But it turns out there’s another reason why tourists flock to York – it’s considered the world’s safest city. And three more British towns – Bath, Edinburgh and Brighton – help make up the top four safest places. York is considered the world's safest city, according to a new study which found only one per cent of people consider it to be risky . Cairo, Bangkok, Istanbul and Marrakech were the cities deemed most risky to visit on a short break. The survey by Post Office Travel Insurance of 2,075 UK adults showed that 72 per cent felt York was safe, compared to one per cent considering it risky, and 26 per cent having no view. In contrast, only seven per cent thought Cairo was safe – and 56 per cent felt it was dangerous to visit. But London didn’t even make the top ten – with 58 per cent deeming the capital safe and 16 per cent risky. A stolen wallet (24 per cent) was the most common occurrence for those who had had problems in cities. As many as 26 per cent felt they had been ripped off on city visits, with this figure rising to 43 per cent among those aged 18-24. Cairo (pictured), Bangkok, Istanbul and Marrakech were the cities deemed most risky to visit on a short break . Of the eight UK and Ireland destinations in the survey, the least-safe was Belfast with only 37 per cent deeming it safe. But although 53 per cent reckoned Manchester was safe, 20 per cent thought the city was risky - a higher figure than that for Belfast (19 per cent). Venice, Vienna, Dublin, Florence, Stockholm and Copenhagen made up the rest of the top ten safest cities.""]","['York is considered to be the safest city in the world, according to a survey .\nBath, Edinburgh and Brighton also make the top four safest places .\nCairo, Bangkok, Istanbul and Marrakech deemed most risky cities to visit .']","[""New York found to be considered the world's most safe .\nStudy reveals only one per cent of the people surveyed considered it unsafe .\nTemperatures prompted a 75 degree rain on Thursday leading for 80 people to dip into the country .""]",1,0.3132530120481927,0.024691358024691353,0.21686746987951808
"[""A woman who fractured her neighbour's skull with a claw hammer has told the jury that she 'only wanted to knock him out'. Lisa Williams, 49, admitting hitting David Coleman, 54, three times in the head with the hammer after a long-running dispute between their two families about a fence. But she claimed she was acting in self-defence after Mr Coleman got into a fight with her brother and told the court she has 'learned  you don't knock people out with hammers'. The families had been 'neighbours at war' for eight years and Mr Coleman claimed the Williams would throw dog faeces into the garden and bang on walls at night to stop them sleeping. Lisa Williams, 49, (left) admitting hitting David Coleman, 54, (right) three times in the head with the hammer after a long-running dispute between their two families about a fence . Mr Coleman from Chingford, north-east London, also claimed Williams hated him because he looked like her ex-partner. A brawl erupted in June 2013 when Mr Coleman confronted Williams' brother Jonathan about mud smeared all over his front bay windows, Snaresbrook Crown court heard. Jonathan Williams was said to have got the upper hand in the fight and pinned Mr Coleman to the ground before his sister emerged from their house brandishing a hammer. A brawl erupted when Mr Coleman confronted Williams' brother about mud smeared on his windows, Snaresbrook Crown court (pictured) heard . Williams admitted striking Mr Coleman three times to the head with the hammer but claims she was acting in self-defence and\xa0denied causing grievous bodily harm with intent. 'I hit him three times on the head with the hammer, the third time I used more [force] than I used for the first two, I wanted to knock him out, I wanted him to stop,' she said. When asked if she had stopped to think what type of injury a hammer blow would cause she said: 'No, I've since learned you don't knock people out with hammers - I thought he was going to kill us.' She claimed at one point in the fight Mr Coleman was straddling her, saying: 'I think I was concussed, it was so quick - I was concussed, I was woolly headed and what followed was as a result of being woolly headed. 'It was awful, I couldn't think straight, Jonathan was trying to release Mr Coleman's grip from him - he wouldn't let go and he kept flailing his legs out at my brother's legs.' 'I was horrified, it's like you're fighting for your life, it's like the whole world is caving in.' She claimed that she stopped when her brother managed to grab the hammer out of her hands. Other witnesses claim it was a third neighbour Bernard Mason, who ran from his home to break up the fight and disarm Williams. His wife Pamela Mason was forced to sit on her to restrain her until the police arrived, it has been claimed. The trial continues. Sorry we are not currently accepting comments on this article.""]","[""Lisa Williams, 49, admitted bludgeoning neighbour in head with hammer .\nDavid Coleman's skull was fractured during the attack in June 2013 .\nFamilies had been 'neighbours at war' for years due to dispute over fence .\nWilliams' brother Jonathan got in fight with Mr Coleman over smeared mud .\nLisa said she was defending herself and only meant to knock Coleman out .\nShe denied causing grievous bodily harm during earlier hearing .""]","[""Lisa Williams, 49, admits hitting David Coleman, 54, in the head with claw hammer .\nMr Coleman had suffered skull, eye and viscera after six-year family feud .\nClaims they smashed house's walls to stop dogs on dark day .\nBut two witnesses claim she turned towards her brother after claims of a physical blowship .\nHes began an argument with a neighbour over a fence in 2008 .\nShe claimed her brother Jonathan then grabbed a hammer and started swinging .\nBut her lawyer said she only 'went to knock him out', it has emerged .\nThe case is to return to parts of the Crown Court six months after the case .\nThe public defender, 12, said the pair had been 'neighbours at war for eight years'\nThe pair both walked out of the trial in Snaresbrook Crown Court .\nBoth men escaped with jail after pleading guilty to charges of common assault .\nWoods had suffered a cycle of violence after one neighbour attacked him in 2008 .\nAnother woman claims she bumped into him at his home and then had to wait until the police said they had 'gulled'\nWoods stayed at home after they argued for two hours with two different neighbours .\nTragedy Woods claims she managed to grab her brother's arm to use 'more force'\nProcops and a gardener says it was the only time seeing them climb trees during the week .\nBoth men were left with a wrist injury after bruising within weeks .\nAnother witness believes she hit her brother out of her face despite the pain of being hit 'fault is over and she is the one who,' says a barrister with joint\xa0kerike .\nWoods had an argument with another neighbour in 2006, says her own brother .\nWoods has now been allowed to plead guilty to charges of common assault .""]",1,0.21649484536082472,0.07253886010362694,0.13402061855670103
"['(CNN)The end of ""Jinx,"" the six-part HBO documentary about real estate heir Robert Durst, has launched a debate about whether some potentially incriminating statements Durst made while in the bathroom to a microphone may be used in his criminal prosecution. Durst, as you probably heard, is charged with murder in a killing in California 15 years ago, and he has been suspected, but never charged, in the disappearance of his first wife in New York. Whether or not the taped words of an accused person will be admissible against him involves a look at the rules of evidence and the Constitution, as well as our fast-evolving ideas about privacy. While Durst\'s attorneys can make a number of arguments to suppress these statements and bar their admission at trial, the bathroom confessions will likely be factored in. Let\'s go over three main reasons why: . 1. Is this inadmissible hearsay? Probably not. Hearsay is defined as a statement made outside of court that is offered in court for its truth. It really just means a witness can\'t testify at trial about someone else\'s version of the facts. If a sentence starts with ""He told me"" or ""She said that,"" it\'s probably hearsay.  As general proposition, hearsay is supposed to be inadmissible, but the exceptions nearly swallow the rule itself -- so much so that many commentators have suggested abolishment of the exception-riddled rule itself. Perhaps the largest and best known category of hearsay exceptions is admissions and confessions. These can be admitted against a defendant. Why?  Well, the idea is that these statements are reliable. The thinking is that people don\'t ordinarily confess to something unless they did it. 2. Is this a violation of Durst\'s constitutional privilege against self-incrimination? Again, probably not. The rules of the U.S. Constitution are a different matter. The Fifth Amendment\'s self-incrimination clause states that ""[n]o person ... shall be compelled in any criminal case to be a witness against himself ..."" By definition then, compulsory self-incrimination requires, well, ""compulsion.""  And not just any compulsion. The kind of compulsion targeted by the Fifth Amendment is governmental coercion. Durst may still contend that his ""confession"" wasn\'t voluntary.  It\'s true that confessions deemed ""involuntary"" are often excluded at trial under the Due Process Clause of the 14th Amendment.  However, a confession will only be considered involuntary if it is the product of police activity. Voluntariness is not an issue when admissions are made to a private person, such as a journalist. What of Durst\'s likely claim that the filmmakers were essentially acting as an arm of the police?  Sometimes law enforcement exercises so much control over a civilian that his private actions become police action, constitutionally speaking. This is not an easy case for a defendant to make, though.  Durst would have to establish that the HBO interviewers were direct agents of the police and that the interview was coerced by police. The police undoubtedly benefited from the work of these citizen documentarians.  But the police frequently benefit from the work of good Samaritans or citizens volunteering information, photos or iPhone videos.  The television show ""America\'s Most Wanted"" has been premised on this idea for decades.  Given the defendant\'s burden here, it\'s unlikely that he can convince a judge that, in light of all the circumstances, filmmakers acted as an instrument or agent of police. The bottom line is this: A voluntary confession must be the product of a rational intellect and a free will, not physical intimidation or psychological pressure. How was Durst ""pressured"" when alone in the bathroom?  However, his attorneys might argue that some mental impairment']","['Robert Durst made some potentially incriminating statements at the end of HBO\'s ""Jinx""\nDanny Cevallos: Durst\'s attorneys will want to bar their admission at trial, but they will likely be factored in .']","['Carol McGarr: Case involves Robert Durst, who is charged with murder .\nShe says his videotape constitutes ""ideasay"" could make a case for admission at a trial .\nThe same question would have to be accepted by ""arguably different questions,"" McGarr\'s say .']",1,0.1842105263157895,0.027027027027027025,0.15789473684210528
"[""It may be home to rats and grime but a creative photographer has turned New York's subway system into his own fashion studio. Aaron Pegg, 29, who goes by his middle name Clifton, has captured beautiful models posing in one of the country's more unusual spots. From eating pizza to flashing Calvin Klein underwear, the girls make the bizarre backdrop their own by showing off the stunning clothes. A model strikes a pose between two trains on a platform of the New York subway . The red dress highlights the brightness of the corridor on this photo shoot . Clifton, who has more than 100,000 followers on his Instagram account 'underground-nyc', began taking the photographs in 2013. And since then the innovative photographer has amassed a huge following online with his arty shots - which include other mass transit systems such as Chicago. Scientists from Weill Cornell Medical College in Manhattan spent 18 months swabbing turnstiles, ticket kiosks, railings and benches for DNA. The boffins also found 15,152 different types of microorganisms sharing the trains with riders including the bubonic plague, dysentery and meningitis. However, New York's subway system, which carries 5.5 million passengers a week, continues to be a source of incredible artistry for Clifton. Wearing a dress, the sound of the underground is silent as many of the pictures were taken at the subway's quietest times . The New Yorker said: 'I was shooting the typical city stuff such as rooftop views, buildings, cabs and bridges until one day I almost got arrested for roof topping. 'It was too much of a close call and it was getting too cold to continue to get these views so I asked myself what can I shoot in any weather and have access to all the time? 'This led me to the subway but I couldn't just capture it on a typical day - it had to be different so I decided to capture the stations empty. The carriage awaits for his model who is showcasing the clothes on board one of the trains . 'Photography has always been a hobby and a way for me to creatively express myself but now it is turning into a business. 'I take magazine commissions and anything business related which there is a budget for.' Clifton admits he often gets unusual reactions from fellow subway riders who happen to walk in on his shoots. He added: 'I get everything from guys smiling and wanting to talk to the models to people shocked and not understanding what is going on.' Aaron Pegg, who goes by the name of Clifton, has even been snapping the models with food on the subway system . A train approaches on a dark and dingy subway platform as the model strikes a pose in a skimpy top . Taking photographs underground means rain fails to stop play as a model takes displays her outfir . From fashion to pizza, Clifton is accomplished to capturing a variety of images on the world-famous train hub . The platforms are deserted as this model takes up her position on New York subway . The steel posts act as the perfect prop to showcase the Calvin Klein underwear . The only bright lights of Broadway here are the camera flash as a model strikes a pose . The creative photographer was inspired to head underground by a cold snap . The steel posts and shiny blue seats of this subway train perfectly complement the outfit here .""]",['Photographer using world famous train hub as a backdrop for variety of photographic shoots .\nConfused commuters stopping in their tracks to look at striking models in various poses .\nInspired to head underground during a cold snap and is now inspiring others on Instagram .'],"[""Creative photographer Aaron Pegg peeks into lives using weird places in 'cliff-scenes'\nHe is turning the images into his collection for $4million starting on January .\nHe has after received from regular New York commuters who run around with you on the best snaps .""]",1,0.1978021978021978,0.0,0.15384615384615385
"['Apology: Police officer David Duckenfield today said sorry for failing to admit that he ordered the gates at Hillsborough to be opened . The police chief on duty during the Hillsborough disaster today apologised for lying to officials about ordering the gates to the stadium to be opened, leading to a deadly crush which killed 96 Liverpool fans. As the disaster unfolded, David Duckenfield told officials from the Football Association that \'some fans have got in through a gate\' - which he admitted today was a \'terrible lie\'. The former officer said that he \'apologised unreservedly\' for failing to confess that he had personally ordered police to open the gates in order to relieve overcrowding at the turnstiles of the Sheffield stadium. After the gates were opened fans rushed into the terraces, causing dozens of people to be crushed under the weight of bodies. Mr Duckenfield was the officer overseeing the FA Cup semi-final between Liverpool and Notthingham Forest on April 15, 1989, even though he had been promoted just two weeks previously and had never been in charge of policing a football match before. Yesterday he told the inquest into the fans\' deaths that he was \'not the best man for the job\' given his inexperience, and today he gave evidence about his decision to open Gate C eight minutes before kick-off. After the gate opened an estimated 2,000 fans poured in, heading straight for a tunnel leading directly to the already-packed central pens three and four, behind the goal. Mr Duckenfield, 70, today recounted a conversation he had with FA officials Graham Kelly and Glen Kirton minutes after the match was abandoned amidst the chaos. He denied the suggestion that he had said the gates were \'stormed\', and claimed he told the men \'something like, ""Some fans have got in through a gate.""\' He continued: \'I was pointing out that fans had gained unauthorised access to the ground. What I didn\'t say to Mr Kelly, I didn\'t say, ""I have authorised the opening of the gates,"" I didn\'t tell him that.\' Christina Lambert QC, counsel for the inquest, asked: \'Do you consider now that you told them a lie?\' Mr Duckenfield replied: \'Yes, ma\'am. I certainly now appreciate it was wrong and completely open to misinterpretation.\' He added: \'I was probably deeply ashamed, embarrassed, greatly distressed and I probably didn\'t want to admit to myself or anyone else, what the situation is. \'What I would like to say the Liverpool families is this, I regret that omission and I shall regret it to my dying day. \'I said something rather hurriedly, without considering the position, without thinking of the consequences and the trauma, the heartache and distress that the inference would have caused to those people who were already in a deep state of shock, who were distressed. \'I apologise unreservedly to the families and I hope they believe it is a very, very sincere apology.\' Evidence: Mr Duckenfield pictured in the dock, where he talked about his actions on April 15, 1989 . Relatives: Campaigners Margaret Aspinall, left, and Jenni Hicks, right, pictured outside the inquest . Asked if he was trying to hide the truth because he was responsible for the tragic events, Mr Duckenfield said: \'I think in a crisis, and probably in this shock and in stress, I said something I deeply regret. \'I\'m a very honest person. I don\'t tell lies. I don\'t mislead. I set very, very high standards, not only in myself, but my colleagues in the service and my family. \'No one, but no one can understand my behaviour that day - least of all me. That was a terrible lie, in that']","[""David Duckenfield, 70, was in charge of the stadium on the day of disaster .\nHe ordered gates to be opened to relieve overcrowding, but this led to thousands of fans flooding on to the terraces causing a massive crush .\nOfficer told FA officials the fans had 'got in through a gate'\nToday he admitted that was a 'terrible lie' and apologised for his actions .""]","[""David Duckenfield today apologised for lying to officials about the tragedy .\nHe said he apologised to an inquest into 'terrible lie' and had reopened the gates .\nStadium began after FA officials 'stormed' 2,000 fans .\nHe said 'many people' who were 'distressed, had been suffering'\nFans had gained 'unauthorised access' to those 'people who have died', he said .""]",1,0.37500000000000006,0.09523809523809525,0.20312499999999997
"[""Manchester United defender Reece James is wanted by Fulham, Sheffield Wednesday and Huddersfield. The 21-year-old signed a contract extension with United last month after impressing Louis van Gaal but the Old Trafford club will consider whether to let him out to gain more game time and experience. Reece James has impressed Louis van Gaal but could be sent out on loan by Manchester United . James, 21, has already been sent on loan to Rotherham this season, but could be set for another move . James had a loan spell at Rotherham between November and January and has made one appearance for United this season in their ill-fated Capital One Cup defeat to MK Dons at the start of the season. The Championship trio are keen to add James's pace to their ranks as they look to finish the season with a flourish and, in Fulham's case, ensure they stay up.""]","['Reece James is rated highly by Louis van Gaal .\n21-year-old defender James signed a new contract last month .\nFulham, Sheffield Wednesday and Huddersfield want him on loan .\nUnited could send him out to gain more experience .\nCLICK HERE for all the latest Manchester United news .']",['Jordan James has impressed with Rotherham but could be set for another move .\nThe 21-year-old made his debut at White Hart Lane earlier this year .\nThe central defender had also made an appearance in the Capital One Cup win against Liverpool .\nThe wideman has been coveted by United boss Louis van Gaal and United have extended Premier League contingent .\nThe defender has made just one appearance in a friendly so far this season after coming back from an apparent knee injury in training in April .'],1,0.2714285714285714,0.028985507246376812,0.14285714285714285
"[""Jose Mourinho dubbed Paris Saint-Germain the 'most aggressive' team Chelsea has played this season, including a cup encounter with Shrewsbury Town from League Two. Mourinho claimed the most surprising aspect of the first leg in the Parc des Princes which ended 1-1 was that the French champions had not tried to play more football. So after the return leg at Stamford Bridge, which team won the Battle of the Bridge?""]","[""Jose Mourinho was less than complimentary about PSG in the build-up to the 2-2 draw at Stamford Bridge .\nHe labelled them 'the most aggressive team' Chelsea have played all season .\nZlatan Ibrahimovic was sent off in the first half for the French champions, but they .\nBut which team was the dirtiest as Chelsea crashed out of the Champions League?""]","['Chelsea returned to Stamford Bridge as a 3-4-1 side at Stamford Bridge .\nChelsea boss Jose Mourinho said Ryan Giggs had been sent off his uni, which .\nis a significant change in philosophy .\nThe former Manchester Blues from Paris St Germain play Chelsea at Shrewsbury Town .\nMourourinho led Chelsea 4-1 in Premier League last season .\nThe Blues host the Capital One Cup final .\non 11th May .']",1,0.3134328358208955,0.09090909090909091,0.19402985074626866
"[""Leicestershire have announced the signing of Australian batsman Mark Cosgrove as club captain on a two-year contract. The 30-year-old left-hander, who has a British passport, will be available in all competitions and links back up with South Australia and Sydney Thunder team-mate Andrew McDonald, who is the new Leicestershire head coach. Cosgrove has played county cricket before, having spent three full seasons at Glamorgan, and represented Australia in three one-day internationals in 2006. Mark Cosgrove in action for the Sydney Thunder against Hobart Hurricanes in January . Cosgrove is returning to County Cricket for the 2015 season as captain of Leicestershire . Leicestershire chief executive Wasim Khan said: 'We are delighted to sign a player of Mark's calibre, quality and experience. 'He will be a fantastic captain for us and we look forward to Mark having a huge influence on us in 2015.' Batsman Ned Eckersley has been named as vice-captain for the 2015 season as Leicestershire continue to ring the changes following a forgettable few years which has seen them fail to win an LV= County Championship match since 2012.""]",['Mark Cosgrove joins Leicestershire as club captain on two-year contract .\nAustralian batsman links back up with head coach Andrew McDonald .\nThe pair were team-mates at\xa0South Australia and Sydney Thunder .\nCosgrove played for Glamorgan for three full seasons .'],"[""Mark Cosgrove has announced retirement from Leicestershire .\nThe batsman played in the 2000s and also played professionally until he was 10 years old in 2001-04 .\nHart was the 24-year-old brother of\xa0 Simmonds in the NSW Border Force from 1999 to 2010 .\nEngland won two\xa0Glasgows in the last three years .\nAustralia's Sam and Sam Jones among current stars in region but call-up as James Perth is set .\nHart returns to Australia to be part of old squad after 28 years .\nChief executive says he is 'credible player' and will represent County Australia at the next two matches .""]",1,0.2054794520547945,0.027777777777777773,0.136986301369863
"[""The average intelligence of the human race has been steadily increasing, scientists have claimed. In research looking back over IQ tests from the past few decades, they found that the tests were becoming harder - but people were still doing just as well. But the reasons why people are becoming smarter is not known - with theories including better education and improved medical care. Researchers at Kings College London looked at scores over 64 years. In total, more than 200,000 participants in IQ tests were studied. Since 1950, average intelligence was found to have risen by about 20 IQ points. Explanations include better education (stock image shown) and improved medical care . The research, titled A Cross-Temporal Meta-Analysis of Raven's Progressive Matrices and reported by William Kremer for the BBC, was published in the journal intelligence. Carried out by Peera Wongupparaj, Veena Kumari and Robin Morris from Kings College London, they looked specifically at the Raven’s Progressive Matrices (RPM). Poverty affects the intelligence of children as young as two, a separate study in December 2014 found - and its impact increases as the child ages. Deprived young children were found to have IQ scores six points lower, on average, than children from wealthier families. And the gap got wider throughout childhood, with the early difference tripling by the time the children reached adolescence. Scientists from Goldsmiths, University of London compared data on almost 15,000 children and their parents as part of the Twins Early Development Study (Teds). The study is an on-going investigation socio-economic and genetic links to intelligence. This tasks participants with looking for patterns in an array of shapes - and is thought to be a good measure of intelligence. In total, more than 200,000 participants from 48 countries over 64 years were studied in the research. Since 1950, it was found that the average intelligence had risen by the equivalent of 20 IQ points. 'RPM is a valid and reliable measure of general IQ, Dr Wongupparaj told MailOnline. 'Also, it is cultural-free test so that it has been widely used for nearly 80 years.' ‘IQ tests are designed to ensure that the average result is always 100, so this is a significant jump,’ the BBC reported. The research builds on earlier evidence from philosopher and psychologist James Flynn, from the University of Otaga in New Zealand. He had noticed that IQ tests were getting harder, but people were still getting similar scores on them - which became known as the Flynn Effect. This graph shows how the\xa0Raven’s Progressive Matrices (RPM) scores have been increasing over time. RPM is seen as an accurate way of measuring intelligence, and 'it is cultural-free test so that has been widely used for nearly 80 years,' Dr\xa0Wongupparaj told MailOnline . The research was carried out by scientists from Kings College London. They looked specifically at the Raven’s Progressive Matrices (RPM) - an example is shown.\xa0This tasks participants with looking for patterns in an array of shapes - and is thought to be a good measure of intelligence . Apparently, if modern Americans took a test from a century ago, they would get a relatively high average IQ score of 130; vice versa, and our ancestors would score a measly average of 70. This equates to a three-point rise in IQ per decade. According to the new study, though, outside of the US the biggest change was clearly in developing countries, IQ was ‘catching up with the developed world’. ‘There are multiple possible reasons proposed for this phenomenon,’ they write. These include improved education, increased exposure to testing, improved medical care and nutritition and decreased family size. Perhaps most importantly, though,""]","['Researchers at Kings College London looked at scored over 64 years .\nIn total, more than 200,000 participants in IQ tests were studied .\nSince 1950, average intelligence was found to rise by about 20 IQ points .\nExplanations include better education and improved medical care .']","['Researchers at Kings College London studied IQ tests .\nOver 80 years, more than 200,000 participants in IQ tests were studied .\nIn total, since 1950, intelligence, has risen, by 20 IQ points .\nOther explanations given for this are better education, improved medical care and nutritionalition .']",1,0.6947368421052632,0.45161290322580644,0.6105263157894737
"[""Prosecutors want panels of the boat in which Boston Marathon bombing suspect Dzhokhar Tsarnaev was found hiding to be brought to court to show jurors what they say is his written confession. His lawyers want them to see the entire bullet-ridden boat. Prosecutors have said Tsarnaev scrawled the motive for the attack inside the boat. They say he referred to U.S. wars in Muslim countries and wrote, among other things, 'Stop killing our innocent people and we will stop.' Scroll down for video . Prosecutors say alleged Boston Bomber Dzokhar Tsarnaev (right) confessed to the attack in a scrawled message inside the boat where he was taken into custody. A view of the bloodied and bullet-ridden message seen on the left in an image obtained by ABC . Above, another view of the boat message which reads in part: 'We Muslims are one body. You kill one of us you hurt us all.' Tsarnaev's older brother, Tamerlan, had been killed hours earlier during a shootout with police, but Tsarnaev escaped and was captured — bloodied and wounded — inside a boat parked in a backyard in Watertown. During a final pretrial hearing Monday, Tsarnaev attorney William Fick objected to the plan to bring pieces of the boat to court and suggested instead that the boat be brought to the courthouse so the jury can see the entire boat. He argued that the jury would be seeing the writing out of context if the panels were brought into the courtroom. To see the whole boat would allow the jury to imagine Tsarnaev lying inside 'much like someone lying in a crypt making those writings,' Fick said. Attorneys for Tsarnaev want the entire boat where their client was arrested brought to court to the jury can see how torn up it was in the firefight with police . Above, a picture of the moment Tsarnaev was taken into custody outside of the boat in Watertown . Assistant U.S. Attorney William Weinreb argued that it would be impractical to bring the entire boat to the courthouse and that there are photographs of it that can be shown to the jury. He suggested that the defense wants the jury to see the boat —which contains bullet holes, blood stains and broken glass — to gain sympathy for Tsarnaev. Tsarnaev's lawyers also asked Judge George O'Toole Jr. to exclude autopsy photos of the three people killed in the bombings. More than 260 people were hurt. 'These are highly sensitive, highly disturbing images,' said attorney Miriam Conrad. She said the defense will not dispute how the victims died. But Assistant U.S. Attorney Nadine Pellegrini said prosecutors have to prove that the victims died from the use of a weapon of mass destruction, which is among the charges against Tsarnaev.  She said the full-body autopsy photos are necessary because they show all the wounds. The judge did not immediately rule on the motions. Tsarnaev's lawyers made it clear during the hearing that they will portray Tsarnaev as an adoring younger brother who was coerced by his older brother into participating in the deadly 2013 attack. Although his lawyers had indicated they planned to argue that Dzhokhar, then 19, was influenced by Tamerlan, then 26, they used their strongest language to date to describe how they will depict the brothers' relationship and each of their roles in the attack. Tsarnaev's trial is set to start Wednesday and is expected to last about three to four months. Tsarnaev pictured above in court on January 15, 2015 . Tsarnaev attorney David Bruck said prosecutors are trying to show a 'completely distorted' picture of his client by asking the judge to limit the kind of evidence they can present during the initial phase of the trial, when the jury will be asked to decide whether Tsarnaev is guilty of 30 charges. Bruck, arguing that the defense should be entitled to present evidence of Tamerlan's""]","[""Defense attorneys for Tsarnaev petitioned to bring the entire boat where he was captured to court so jury could see damage from firefight .\nProsecutors said it wasn't realistic to bring the entire vessel to court, and that pictures of the boat would suffice .\nHowever, they do want panels from inside the boat brought to court which they say contain's Tsarnaev's confession note .\nIt reads: 'We Muslims are one body. You kill one of us, you hurt us all'\nThe judge did not rule on either motions on Monday - two days before the start of the trial .\nThe trial is expected to last three to four months .""]","[""Stations where Boston Marathon bombing suspect Dzhokhar Tsarnaev was found trying to hide in a boat are wanted in court to assist the prosecution .\nProsecutors in boat say they think Tsarnaev killed U.S. soldiers while in custody and also escaped .\nDefense attorneys said they want the boat to be shown to the jury as it isn't expected without looking at all the exhibits that Tamerlan was forced in .\nPolice said three people have been killed and 260 other people were injured in the bombing by Tsarnaev .\nHe had multiple gunshot wounds and was found to have internal and internal injuries along the way .\nProsecutors detailed what he said before being shot and that he initially surrendered after Tamerlan made a plea to help him get arrested so Tamerlan was able to surrender his weapon .\nPolice say Tamerlan only had a gun that fired when he surrendered and also had footage .\nProsecutors said they want the images that can be shown to be on show in the boat .\nTsarnaev's lawyers want to accept prosecution arguments that he could have died from the  the use of a weapon of mass destruction, which is among the charges against Tsarnaev .\nLawyers said no evidence will have been shown to the public before .\nTsarnaev's defense .""]",1,0.3183183183183183,0.036253776435045314,0.15615615615615616
"[""An Australian teenager who lost contact with family and friends when Cyclone Pam struck Vanuatu last week, has now been found. 18-year-old Zoe Marshall was spotted by Australian search helicopters on Pentecost Island this morning and was able to speak to her relieved family by phone. Her father, Rob Marshall, says she is 'safe and well' even though helicopters were unable to lift her and fellow volunteer, New Zealander Courtney Tilby, to safety because they were too close to a cliff. Zoe Marshall (pictured on the day she left for Vanuatu) has been found safe and well by rescue helicopters in Vanuatu. Zoe was volunteering for the charity Latitude\xa0near Namaram, on the island of Pentecost, when Cyclone Pam struck the islands . Rescue helicopters reportedly dropped a note to Ms Marshall and Ms Tilby with instructions on where to walk to safer ground so that they could be reached by rescuers today\xa0the Canberra Times reports. Zoe's father Rob tweeted this morning  that his daughter was seen 'smiling and waving' by the helicopter. Using the hashtag #proudolddad he passed on one of the messages the family  received from Zoe today. 'I really want to go back; I love my family and the kids. There's a lot to do out there,' she wrote . Ms Marshall was one of nineteen volunteer teachers who were unaccounted for after the category five cyclone swept through Vanuatu on March 13. Five of the volunteers were evacuated by Australian consular officials on Thursday and another eight people are expected to be rescued today,\xa0the Department of Foreign Affairs says. Until today, the family in Canberra hadn't heard from their daughter since  the storm struck the islands. 'I love you more than most things': This was the last text message Alison Abernethy received from her daughter, Zoe Marshall, before the cyclone struck Vanuatu last week . As the cyclone approached, the aspiring engineering student had told her parents in a text message that the village was well-prepared and that it 'should be fine'. 'Sorry for the early text but don't know when phone will work. We've got cat 5 warning. Should hit us tonight. Should be all good,' she said. She said a rat had chewed part of her sandal and, to her parents' amusement, she pledged to fill the rat's nest with rocks after the storm passed. Zoe, who her mother Alison Abernethy describes as a teenager with 'a strong social conscience,' was donating her time to young people on the island, living in a village with 'limited electricity, no running water and pit toilets. Ms Abernethy told Daily Mail Australia her daughter would have tried to contact them if she could. 'She would have known that we're really worried about her,' Ms Abernethy had said, but it didn't help that she was staying in an\xa0'incredibly remote' location. 'If you find her, just hand her a SatPhone or take a photo so that we know she's alive,' her mother had written in a\xa0blog post\xa0titled 'Where's my girl?' on Wednesday. Students and teachers at Vanuatu's Central School in Port Vila have put hundreds of books out to dry in the sunshine . The school's library was flooded after the roof was blown away in last week's cyclone . As rescue efforts for those still missing continue, the rest of the country is trying to rebuild. Heart warming pictures of students in Vanuatu laying books out in the sun to dry so they can return to school have emerged. The pictures show hundreds of books from the Central School library, which was blown away in the storm, littered across the schoolyard. Reportedly, students,""]","['Zoe Marshall, 18, has been found by helicopters after going missing in Vanuatu .\nMs Marshall was one of nineteen volunteer teachers who were unaccounted for after Cyclone Pam hit Vanuatu\xa0last week .\nAustralian rescuers have evacuated five young volunteers and another eight people are expected to be rescued today, DFAT says .\nMeanwhile, Vanuatu begins the clean up, with students from devastated schools laying books out to dry in the sun .']","[""18-year-old Zoe Marshall today who has spoken to her crew by phone .\nEntran from the coast to live next to Manamamue, New Zealand, to give humanitarian aid .\nZoe's parents said she loved her family and  she thanked her work as a little hero today .\nCampaigners were worried as they stayed silent for days while abroad, despite learning friends  had lost contact by Wednesday .\nTheir text messages reveal 'ways of lightening' and 'vulnerable, poor communications'\nRescue in Fiji was in the air when Zoe escaped Vanuatu and on her way back to NZ has returned to assist with a search operation .\nHelmets in Fiji had called off before it was possible to reach people before a helicopter had reached them .\nNew Australian efforts are looking to help survivors .\nIt's 90 days: The last message for cyclone victims on post-\xa0abduction Day\xa0was sent to children .\nPlease share where your time, or matter, is available to call a local Samaritans. Donate a donation for life following attack, 'mayreominations' or put their name, on human or lost limbs. Decline your first name to 'Samaritans' '""]",1,0.2121212121212121,0.007633587786259542,0.11363636363636363
"[""A courageous police dog killed in the Tunisian museum hostage siege was given a guard of honour as its body was carried from the scene. Remarkable footage has emerged showing mass crowds clapping the heroic hound as its bloodied body is wheeled away from the\xa0National Bardo museum by special forces. The terrorist attack left 17 tourists, a museum security officer, a cleaner, and a police officer dead, as well as the two gunmen. Line of duty: A crowd outside the\xa0National Bardo museum stand and applaud the fallen dog as its body is wheeled away from the building . The German Shepherd, a serving police dog, perished during the gun battle which ended the siege. The crowd can be heard shouting 'bravo' as the armed officers came away from the scene, who are immediately followed by the dead dog on a trolley. The gunmen struck at around midday, targeting\xa0foreigners as they exited cruise ship buses by the museum in Tunis. Hero: The body of the police dog is brought out to cheering onlookers . The two terrorists were killed during the siege but a manhunt is underway for any accomplices to today's massacre. Thousands of people gathered in the capital on Wednesday night, holding candles or waving the Tunisian flag in\xa0a show of solidarity against terrorism. World leaders pledged their support with\xa0Prime Minister David Cameron saying he was 'appalled' by the incident. Meanwhile, the Foreign Office said it is 'urgently' looking into the attack amid reports Britons may be among the dead. A spokesman said: We are urgently looking into the serious events in Tunisia and are working with the Tunisian authorities as well as with contacts in the tourist industry to establish if any British nationals have been affected. 'Through our travel advice, we are urging people to exercise caution and follow the instructions of the local authorities.' It has not been confirmed who the attackers were, but a video posted online in December attributed to Islamic State, warned the jihadis would target the country. Twitter accounts associated with the extremist Islamic State group based in Syria and Iraq were described as overjoyed at the attack. Tunisian Prime Minister Habib Essid called it a 'cowardly terrorist operation' that targeted tourists. President Beji Caid Essebsi said in a television statement\xa0that 'democracy will win and it will survive,'. 'We will find more ways and equipment for the army to wipe out these barbarous groups for good.'""]","[""Police dog was wheeled out to guard of honour as onlookers clapped .\nAt least 17 foreigners were killed in a terror attack at museum in Tunisia .\nTwenty-two people were killed in the attack: 17 tourists, the two gunmen, a museum security officer, a cleaner, and a police officer .\nTwo gunmen opened fire in the capital's Bardo Museum about midday .\nTerrorists took another 30 people hostage before police raided .\nGunmen, a policeman and police dog were killed in the ensuing shootout .""]","[""French President Hollande says that many 'armed' had not been killed .\nattack at luxury police station left dead German Shepherd dog who survived .\nTunian ex-Foreign Secretary is called on MPs shot and used in attack at Tunisian border post .\nTerror group photos of massacre survivors look like a dump .\nPressure under pressure mounts on massacre investigations including the massacre .\nFrench intelligence agency has been confronted with leaks of its sensitive military equipment .\nAbsurd is not after spate of terror attacks in Iraq and Syria .\nReports say Britons who stooped to the terror attack are being killed to be next .\nPrime Minister Florentine Kouchi authorised £2.5 million euros spree last year .\nAttack could have left at least up to 40 more dead in a casualty rate of as many a day .\nLibya estimates 16 Islamist members have been killed in the raid .\n5 armed gunmen took capital city Tunis hostage on Monday .\nStunned government troops stormed up hotels after the historic attack .\nOne policeman killed and abducted and others arrested in Dior town of Tarmes .\nThree members of an Islamic militant group killed in gunfight .\nPolice threw an AK47 at six homes at around 5.35am .\nA crowd control officer was also wounded by the raid on his house .\nGun targeted 17 tourists, an officer, a cleaner, and policemen, along with members of a team .\nThe armed men stormed the national museum in Burgosary .\nIt is over for the weekend and thousands of onlookers gather .\nAt least one Islamist militant – and likely terrorist group – member killed in siege .\nEU strongly condemns the attack and backs Cameron in carrying out the crackdown .\nWhite House urges that ‘suspects of the law’ should be treated .\nThe US encouraged to ‘overlooked the Americans in Syria’ in the U.S .\nFrance’s counterpart in western Washington makes .\nannouncement of ‘New Islamic State policy in the United States’ today .\nThe post-9/11 Justice Department refuses to reveal .\nthe activities of Al Qaeda .\n.\nInternational operations to promote extremist violence. In the U.S. the use of the ‘ initials F.A.’ R.\nisn they mean anything to encourage Islamist groups to show allegiance to ‘support groups’ blamed .\nfor Islamist terrorism .\nMore than 400 people are having died and about 90 more.26 carried out in 13 killings on the Paris alone, but there is no""]",1,0.20440881763527055,0.06438631790744467,0.12424849699398798
"[""Any TV fan worth their salt will be familiar with EastEnders' character Zoe Slater's dramatic wail: 'You ain't my mother!' And now the iconic 2001 scene where feisty character Kat Slater revealed that she was, in fact, Zoe's mother, has been named the greatest soap storyline of all time. In a poll of 2,000 soap fans, the scene - in which Kat's confession that Zoe was conceived after Kat was abused by her uncle Harry - topped the list of favourite tears, tantrums and cliffhangers. Scroll down for video . The Eastenders' storyline revealing Kat Slater to be the mother of her 'younger sister' Zoe has been named the greatest British soap narrative of all time . The iconic scene sees Zoe shout: 'You ain't my mother!' in the street before Kat screeches back: 'Yes I am!' The famous street row between the pair, where Zoe yells 'You ain't my mother' at Kat before finding out the truth even featured in Australian soap Neighbours' recent tribute video to celebrate EastEnders' 30th anniversary. Richard Hillman driving the Platt family into the canal in Coronation Street came second in the poll, followed by Hayley Cropper's courageous cancer battle and subsequent death in 2014. EastEnders bad guy Dirty Den getting shot in 1989 and the Coronation Street tram crash completed the top five. The episode was given the top spot in a poll of 2,000 soap fans on their favourite storylines . As well as old favourites, the recent Eastenders cliffhanger of 'who killed Lucy Beale' also made it in to the top ten, taking the number seven slot. A spokesman for survey site OnePoll.com, which commissioned the research, said that the winning storyline thoroughly deserved its title. 'The Kat and Zoe storyline is something most people are familiar with, even if they aren't an avid EastEnders fan. The tear-jerking episode of Coronation Street where Hayley Cropper died earned third place on the list . The recent EastEnders storyline 'Who Killed Lucy Beale' earned seventh place on the list after attracting millions of viewers in a week of live episodes to celebrate the soap's 30th anniversary . 'It had everything a great soap storyline needs - a blazing row, some tears and a huge shock just as the episode comes to a close.' He added that the reason that some of the older story lines had found their way into the top 50 was because they had a large impact on our lives. 'There have been many brilliant and gripping storylines over the years - whether they are tearjerkers like the moment Hayley died in Coronation Street or high drama like the live tram crash. 'Soaps are a huge part of our culture and these results show the storylines are remembered years after they are first screened.' In second place was Richard Hillman driving The Platts into a canal in a 2003 episode of Coronation Street . Sixth place in the poll went to the famous moment Dirty Den handed wife Angie divorce papers in the EastEnders' 1986 Christmas Day episode, followed by the London-based soap's huge 'Who Killed Lucy' story. After almost a year's worth of teases, the killer was finally revealed to be her half-brother Bobby during a week of live episodes during the EastEnders 30th anniversary celebration. Little Mo's domestic abuse storyline in EastEnders came eighth followed by Scott and Charlene's wedding in Neighbours and Deirdre Barlow being jailed for fraud in Coronation Street. Little Mo's domestic abuse story also stuck in viewers heads as the 2001 drama came eighth in the poll . Other storylines to feature in the top 20 include the whodunnit storyline 'Who Shot Phil'""]","['The dramatic scene topped poll of\xa02,000 fans .\nEastEnders was responsible for over half of the top 50 plots listed .']","[""Poll  breaks down the top ten for the worst TV moments .\nEastEnders are always British favourites .\nBut they gained popularity after a surge of child drama .\nUncle Harry James Dean was a big star for the 'killing Zoe' storyline .\nPhilippe star's ever-incredibly successful storyline 'Zine and Fox' is on the top 15 .\nThis American TV soap has been shaped again in the past by Terrence Moran .\nOther beloved storylines - with Hayley's\xa0Daucy Beale\xa0moment - also features in the top 20 .\nBut alcohol figures were also high on the list .\nMale: 184.6 vs 221.4%; Alcohol: 0.1 vs 6.3%;\nATC, 2014/15, had a 19.3% in Stax and District 57.2; in South Africa 2.7 vs 8.9%.""]",1,0.1379310344827586,0.027972027972027972,0.11034482758620691
"[""Holland scored in stoppage time through a deflected Wesley Sneijder shot to secure a 1-1 draw with Turkey on Saturday and avoid their first ever home defeat in European Championship qualifying. Klaas-Jan Huntelaar got a slight deflection to a long-range strike from captain Sneijder in the 92nd minute to rescue a point for the Dutch, who looked to be heading to their third defeat in five matches in Group A. Burak Yilmaz scored in the 37th minute at the Amsterdam Arena, given time in the penalty area to fire off a shot that took a deflection off Bruno Martins Indi to put the Turks ahead at halftime. Holland captain Wesley Sneijder (right) rescued Holland with a late strike against Turkey . Sniejder (right) celebrates scoring Holland's last minute equaliser against Turkey . Burak Yilmaz (left) fired Turkey into the lead in the 37th minute in their game against Holland . The Netherlands stayed third in the standings with seven points from five games. Turkey have five points at the halfway point of the qualifying campaign. The home team had several chances in the first half with captain Sneijder, deputising for the injured Robin van Persie, going closest but their best came after the break when substitute Luciano Narsingh missed an open goal. Sneijder shot narrowly wide with a free kick and full back Jetro Willems went close with a rasping shot 10 minutes from time. The introduction of tall forward Bas Dost forced the Dutch to throw everything forward in a final assault and the equaliser came when Sneijder's shot struck Huntelaar on the back of the head and deflected into goal. 'From the first minute we went for victory,' Sneijder told Dutch television. 'Turkey had one chance in front of goal. We dominated and made chances but we took until injury time to get the equaliser. We did not impose ourselves enough in the first half but we were more attacking in the second and something had to fall for us in the end.' Avoiding defeat will not lift the pressure on coach Guus Hiddink, who received a public vote of confidence from the Dutch football association after defeat in Iceland in October. Turkey's players celebrate taking the lead away to Holland in the first half of their Group A game . Guus Hiddink (left) is under increasing pressure as Holland manager, despite saving a point vs Turkey . Dutch fortunes have fallen dramatically since finishing third at the World Cup in Brazil last year under coach Louis van Gaal. His successor, given a two-year contract until next year's European Championship in France, has been under increasing pressure after the team lost two of their opening three qualifiers. A 6-0 home win over Latvia in November gave Hiddink breathing space but he will face more questions after narrowly avoiding defeat.""]","[""Burak Yilmaz put Turkey ahead in the 37th minute against\xa0Holland .\nWesley Sneijder's deflected shot hit the back of the net in the last minute .\nHolland pushed forward with six minutes of injury time but did not score .""]","['Holland fired the Turkey winner at Turkey in last minute .\nWesley Sneijder doubled the lead for the hosts with an injury time goal .\nKlaas-Jan Huntelaar is in third place in Group A with Turkey .\nTurkey miss World Cup and be without a Euro 2016 qualifier .\nHolland Guus Hiddink is under pressure at Holland, who may face pressure from the competition .']",1,0.33962264150943394,0.09615384615384616,0.2075471698113208
"[""A lesbian has created a unique sex toy, which also serves as a means of at-home artificial insemination. Stephanie Berman, a reproductive health expert from Boston, came up with the clever concept, which she named the Semenette, after examining the other available methods of at-home fertilization open to her and her wife. 'The only options other than going to a doctor's office would be with a turkey baster or a needle-less syringe,' Ms Berman told Refinery29\xa0about her creation, which retails\xa0for $139.99. Scroll down for video . Loving mother: Semenette creator Stephanie Berman (pictured) and her wife\xa0Kiersten Marie welcomed their beautiful baby daughter Isabella in March . Breaking with tradition: Unlike a turkey baster or a needle-less syringe, which can also be used as a means of artificial insemination, the Semenette (pictured) is also intended to pleasure the user . 'We started using those types of things and quickly realized it was as awful as it sounds. 'There is nothing romantic or sexy and fun about trying to impregnate your wife with a turkey baster.' Moving on up: Ms Berman is hoping to release a second version of the unique sex toy later this year . The mother-of-one began looking into alternative designs, which would use the same pump-based technology as a turkey baster - one of the more traditional at-home means of artificial insemination - but also enable the user, and their partner, to enjoy the process of impregnation. And while Ms Berman initially intended for the toy, which comes complete with a pump, to be used by lesbian couples, she explained that it will actually serve as a great fertilization aid for anyone who might not be able to get pregnant using traditional means - and who does not want to go through IVF. 'When my wife and I wanted to start a family, we thought about our options and weren’t necessarily happy with any of them,' she added. 'I started thinking, what if I could recreate the technology that a turkey baster would provide, but in the form of a sex toy? 'That would be the perfect scenario - it would not only allow both partners to be really involved in the process, but it would allow for privacy and authenticity and intimacy.' Ms Berman and her wife Kiersten Marie, who used the Semenette when conceiving their one-year-old baby daughter Isabella, have received an outpouring of support and praise from a variety of people from different communities. Thus far, the entrepreneur's unique creation has been used by transgender and transsexual couples, men with erectile dysfunction and even heterosexual couples, who, Ms Berman explained, still 'enjoy the sensation' of using the Semenette. The Turkey Baster Method is widely thought to be the most common means of at-home artificial insemination. Tradition: A turkey baster (pictured) can be used as a means of at-home insemination . While some women choose to use a traditional turkey baster, a needle-less syringe will also serve the same purpose. The method involves women using semen from their boyfriend or husband, or from a willing donor, which they then inject into themselves using a turkey baster or a needle-less syringe. Women who are eager to use this method are advised to attempt it on the day of ovulation and the 2-3 days before ovulation. While the success rate of the turkey baster method is thought to be reasonably high, some women, like the Semenette's creator Stephanie Berman, have complained that it causes discomfort, and it is not known to be particularly enjoyable for the user. However, the method is still favored by""]","[""Stephanie Berman wanted to come up with a way to get her wife pregnant, without having to use a 'turkey baster or a needle-less syringe'\nThe reproductive health expert invented the $139.99 Semenette, which uses the same technology as a turkey baster but can also be used for pleasure .""]","[""Stephanie Berman, a reproductive health care provider created the unique sex toy using a\xa0Gemaster and silicone pump .\nThe technology is a spin\xa0from the turkey baster method\xa0symbling, which is the most common method of surrogate insemination .\nThe toy, for $99.99, is also designed to be an at-home infertility solution for women and lesbian couples .\nIt is still a traditional method used by both lesbians and heterosexual couples wanting to use as it allows a rate of 99 per cent .\n'It is like enjoying the feeling of being a woman - you just want to be a woman,' said Ms Berman .\nThe toy, which is dialled Semenette, believed to work best with anyone who needs to conceive if they are married and the couple has children, they will avoid IVF .\nAlternatively, a sterile male can use the traditional 'cashing' technique for fine-bothered donor insemination .""]",1,0.27722772277227725,0.03,0.1485148514851485
"[""Married biology teacher Kenneth Topham (pictured) got close to the ‘naive’ girl in after-school study sessions at Worksop College . A private school teacher has been jailed for having a year-long sexual relationship with a teenage pupil under the noses of senior staff. Married biology teacher Kenneth Topham, 51, got close to the ‘naive’ girl in after-school study sessions at Worksop College. He began grooming the girl, who can’t be identified for legal reasons, in March 2013, while she was a pupil at the £9,000-a-year school in Sherwood Forest, Nottinghamshire. Last night the school was condemned for failing to act despite reports of inappropriate behaviour from several pupils and fellow teachers early on in the affair. Topham was finally arrested after scores of ‘sex texts’ sent by him to the girl were found on her phone in May 2014 and headmaster Gavin Horgan called the police. A former pupil accused the school of a cover-up, saying: ‘They knew what was going on, but refused to do anything about it. 'It is shocking that he was allowed to continue teaching and behaving like this when so many of us complained.’ Topham, a father of two who was also a foster carer to several children over the past decade, would meet the victim after school in his classroom. There they repeatedly engaged in sexual activity which fell short of full sex, Nottingham Crown Court heard yesterday. The teacher – a housemaster who would stay overnight at the school – admitted five offences of wrongful sexual activity and four of incitement by a person in a position of trust. He was sentenced to 18 months in prison yesterday. Suspicions were first raised in the summer of 2013, when the girl was spotted arm-in-arm with Topham and wearing his jumper. Afterwards, a school housemistress had an ‘informal discussion’ with Topham reminding him of boundaries and also spoke to the girl. They received another warning that November after being seen with their arms around each other at a school prom. He began grooming the girl, who can’t be identified for legal reasons, in March 2013, while she was a pupil at the £9,000-a-year school (pictured) in Sherwood Forest, Nottinghamshire . The private school teacher has been jailed at Nottingham Crown Court (pictured) for having a year-long sexual relationship\xa0with a teenage pupil under the noses of senior staff . At Christmas Topham told the victim he loved her and in January 2014 a teacher saw them bouncing on a trampoline together. The school’s deputy head then spoke ‘in detail’ to Topham about the relationship and the victim’s parents were informed. The teenager, who was described by her housemistress as ‘a very quiet girl and not worldly-wise’ is now at university. ‘I feel let down, hurt and stupid for allowing him to use me,’ she said in a brief statement to the court, adding that he had ‘ruined’ what should have been ‘fond memories of school’. Judge Michael Pert QC told Topham he had ‘exploited a naive teenager’. A spokesman for the school said that because of the legal proceedings it could only share ‘very little information’ with parents, adding: ‘We have always taken our safeguarding responsibilities very seriously and ‘while the College acted swiftly when it became aware of the issue.. we have undertaken a review... of every aspect of our practice’.""]","[""Kenneth Topham got close to the girl during after-school study sessions .\nBegan grooming her while she was at Worksop College, Nottinghamshire .\nSchool condemned for failing to act after students and fellow teachers reported inappropriate behaviour .\nArrested after scores of ‘sex texts’ sent by him were found on girl's phone .\nAdmitted charges of wrongful sexual activity and incitement by a person in position of trust .""]","['Kenneth Topham, 51, had relationship with pupil at Worksop College .\nSex texts found on phone phone to\xa0girl in after-school sessions .\n17-year-old victim watched as she had the teacher look after at school .\nPrivate school was said to have employed Topham as part of an intimate relationship .\nStanley sentenced to five offences and wrongful sexual activity last spring .\nSandwich station had previously been criticised for apparently grooming several pupils .']",1,0.41666666666666663,0.07042253521126761,0.2361111111111111
"[""A vicious road rage rant was caught on camera after a motorcyclist pulled up in front of an angry female motorist . The dash cam footage was captured on a busy Sydney highway by the female driver of the vehicle in front of the incident, who pulled over in a bid to subdue the enraged driver. But the gesture only angered her further, causing her to hurl her abuse towards the young woman and demand she 'f**king get in your car and f**k off!' The  footage shows the cyclist pulling up in front of the furious female driver, before she alights from her vehicles and begins the outburst . The angry driver's daughter can also be seen attempting to calm her mother, but she is pushed aside as the woman continues her outburst. The motorcyclist tries to explain he was 'lane filtering'- moving alongside vehicles that have stopped or are moving slowly-a tactic which is legal in NSW. But the driver still insists he is in the wrong, screaming about how he nearly caused an accident and should have followed the road rules. 'You f----ing cut me off up there. It's your bike, you should know the rules.' The driver in front of the incident pulls over in a bid to subdue the enraged driver, but it seems only to anger her more . The motorcyclist tries to explain he was 'lane filtering'- moving alongside vehicles that have stopped or are moving slowly-a tactic which is legal in NSW-but to no avail . The woman who offered her assistance asks the motorcyclist to follow her, and she later gave him the dash cam vision . When the driver finally returns to her black 4WD, the woman who filmed the incident asks the motorcyclist to follow her. They later exchanged details, and the woman offered him a copy of the footage.""]","['The dash cam footage was captured on a busy Sydney highway .\nIt shows an enraged driver unleashes a\xa0vicious\xa0outburst on a motorcyclist .\nThe motorcyclist was lane filtering, which is completely legal in NSW .']","[""Dashcam footage shows a motorcyclist pulling over the side in front of a furious motorist .\nHer abuse, passenger yell at her, 'f**king Get in your car and f**k off!'\nIncinerate passenger taunts 'f***ing and f**k off!' and angered her further .\nShocked motorist's daughter yells back to the driver, 'Get in your car and get me off!'\nThe driver back-rashes her at them and berates her, but the woman who returned has reached out for help to make her snap out of the footage .\nWoman later demanded details of every illegal action taken .\nThis post is part of a 3part series's program; if you enjoyed it, you can, and may have, a copy or both of it here .\nThe motorcyclist was\xa0meditated\xa0at a bus stop, followed by a driver in another city .\nThe driver agreed to\xa0slap her, monitor and explain in the video, and she offered him a copy of the footage .\nThe motorcyclist had led her to traffic stops earlier and filmed him in the  footage .\nThe driver has never made a change in Queensland law .\nShe edited content of the footage to video though it shows footage of her, which is a violation of NSW law .""]",1,0.15447154471544713,0.049180327868852465,0.11382113821138211
"[""A bride who shot her niece dead during an argument on her wedding night is claiming it was a drunken accident. Christina George-Harvan, 30 and Katelyn Francis, 21, were celebrating at Jimmy K's bar in New Brighton, Pennsylvania, after the ceremony on April 24, 2014 when they started arguing over who should drive home. The row spilled into the parking lot and then into new husband Jeremy Harvan's car when the gun went off. Prosecutors say George-Harvan took the weapon from the center console and deliberately shot Francis, but her defense claims it fired by accident. She is facing third-degree murder and involuntary manslaughter charges. Scroll down for video . Christina George-Harvan, 30 (pictured in court on Friday) has been accused of shooting her niece Katelyn Francis dead. She claims it was just a drunken accident . George-Harvan and Francis, 21, (pictured) were partying after a wedding 30 miles south of Pittsburgh on April 24, 2014 . George-Harvan, a former nurse, took to the stand on Thursday during her trial. \xa0She told the court about the hours leading up the shooting - saying there was no tension with her niece. According to CBS Pittsburgh, she said: 'I was happy…she was so cute. We were only nine years apart. The first thing she did was say, 'Aunt Tina, I'm so happy for you,' and gave me a big hug.' As the night went on they drank more, the court heard, and soon Mr Harvan was determined to drive home. However Francis demanded she be the designated driver and tried to take the keys off of him. George-Harvan said: 'When I turned around, the glove box is open and I see this gun. I think I gotta move this gun. I go get it out of the glove box to move it and boom the gun goes off. The defense attorney then asked: 'Did you squeeze the trigger?' And she replied: 'No.' Recounting the moment she realized she had shot her niece, she said: 'Everything freezes, Jeremy says, 'You just shot your [expletive] cousin'. George-Harvan (pictured before her first court appearance the day after the shooting) said she would never hurt her niece and insists there was no tension between the pair earlier in the evening . The row had spilled into the parking lot and then into new husband Jeremy Harvan's car (inside on night of shooting pictured) when the gun went off.\xa0George-Harvan claims it fired when she tried to move it . 'He steps over her dying body and he runs. I put pressure on [Katelyn's[ wound and I screamed and dialed 911. She added, 'I felt devastated. It was like a nightmare. Your wedding day is supposed to be the best day of your life and my niece is dead.' The prosecution rested on Thursday. The defense called former Pennsylvania State Trooper Frederick Wentling as a ballistic experts. He told the court the weapon could discharge with just the slightest pressure on the trigger. According to CBS Pittsburgh, he said: 'If you put your thumb in… if you pick it up sideways, and put your thumb in there and pull it back, it will discharge. 'It's supposed to. It doesn't know what's pulling it to the rear.' On Friday\xa0Prosecutor Brittany Smith told the jury, 'She shot somebody. She killed somebody. Do you think she used reasonable care?' The jury is now deliberating and is considering third-degree murder or involuntary manslaughter. The defense argues the jury should acquit her of any homicide charge under the doctrine of 'excusable homicide by misadventure,'. The defendant has to have shown carelessness without criminal intent for that""]","[""Christina George-Harvan shot\xa0Katelyn Francis, 21 on April 24, 2014 .\nGun went off  outside\xa0Jimmy K's bar in New Brighton, Pennsylvania .\nGeorge Harvan her husband Jeremy and Francis were rowing over driving .\nFrancis insisted as the pair had been drinking all evening .\nThe row spilled into the car, that's when George-Harvan saw the gun .\nShe contends it fired by accident when she tried to move it .""]","[""Christina George-Harvan, 30 and her sister Katelyn, 21, jumped the back of Jeremy Harvan's car when the gun went off .\nThey argued that if Harvan was able to get into his house when he got back out to celebrate, she will attack .\nGeorge-Harvan says she wouldn't hurt the niece and claims it was a 'firing accident'\nIncident happened on April 24, 2014, at a bar in Sorrels, Pennsylvania .\nJay Jenkins Crown continues the trial today .\nGeorge-Harvan was at her third party when she learned she was niece Francis, 18 months old .\nAnd the shooting on the night was not her fault; she is facing third-degree murder and involuntary manslaughter charges .\nHowever her defense insists it was not acting with any malice .\nGeorge-Harvan claims it was out of bounds if she knew she shot her niece; says it was merely a 'linking accident' by the shooter .\nThe case has appeared at http:click here: http://www.cpsc.com/defm/n/Aeris-pews/view2881587; or\xa0click here:\xa0http://www.cpsc-lan""]",1,0.3122362869198312,0.07659574468085106,0.1518987341772152
"[""An unusually high number of students at Stanford University are suspected of cheating during the most recent term, putting faculty members and administrators of the prestigious institution on alert. University Provost John Etchemendy sent a letter to faculty members highlighting what he called 'troubling allegations' that stem from 'a smattering of concerns from a number of winter courses,' the San Jose Mercury News reported Friday. Etchemendy said the students are cheating themselves and risk severe consequences. All new students are told of the university's honor code and agree to abide by it, he said. Concerns:\xa0An unusually high number of students at Stanford University are suspected of cheating during the most recent term (file photo) 'But with the ease of technology and widespread sharing that is now part of a collaborative culture,' he wrote, 'students need to recognize and be reminded that it is dishonest to appropriate the work of others.' University spokeswoman Lisa Lapin declined to discuss details with the newspaper, such as the course or grade level of the students, but she said such concerns are routine. She says that in the 2013-2014 academic year, 83 students violated the honor code. In the most recent term, the newspaper reported\xa0that one instructor believes that 20 percent of students in a large introductory course may have cheated. Lapin said that Etchemendy's note underscored the need for faculty members to be clear with their students about expectations at Stanford, which prides itself as being one of the world's leading teaching and research universities. Students accused of cheating have the opportunity to defend themselves against the charge. First-time violators are usually suspended for a quarter and must perform 40 hours of community service, with increasing disciplinary action for subsequent violations. 'We have a lot of classes and a lot of students,' Lapin said. 'It's not unusual to have a handful of concerns raised every term.' Punishment:\xa0First-time cheating violators are usually suspended for a quarter and must perform 40 hours of community service, with increasing disciplinary action for subsequent violations (file photo)""]","[""An unusually high number of students at Stanford University are suspected of cheating during the most recent term .\nFaculty members and administrators of the prestigious institution have been put on alert .\nUniversity Provost John Etchemendy sent a letter to faculty members highlighting what he called 'troubling allegations'\nThose stem from 'a smattering of concerns from a number of winter courses'""]","[""Around 370 .\nengineering students from campuses across the country offered in the 2011-2012 and 2013-2014 .\nSome are accused of cheating after a smattering of complaints about winter courses .\nWe teach our engineering students like they are always at their earliest,' the Dean says .""]",1,0.27522935779816515,0.037383177570093455,0.14678899082568805
"[""It's Hot or Not time again as Ian Ladyman reveals what's been making him feel warm this week and what's been leaving him cold inside. David Villa has hit the ground running in New York and Wayne Rooney's celebration was a knockout. But Fulham are staring at successive relegations and questions remain about Roy Hodgson's England squad. WHAT'S HOT . DAVID VILLA . The former Spain forward is New York City FC’s captain and lit up Yankee Stadium in front of 45,000 last weekend, scoring one and making one. Meanwhile, Frank Lampard has played precisely two hours of Premier League football since choosing Manchester over New York in December. David Villa scored for New York City against New England Revolution last weekend . WAYNE ROONEY . Great goal against Tottenham, great celebration too. After news of his kitchen boxing match with Phil Bardsley appeared in the Sun, though, there are lessons. Choose friends you can trust and never again be caught wearing white socks anywhere other than on a tennis court. Wayne Rooney responded to a leaked video of him boxing with a knockout celebration against Tottenham . Rooney fell to the Old Trafford turf as if he had been knocked out, as appeared to be the case in the video . PAT MURPHY . Interviews by broadcast sports journalists can occasionally lack a little depth but BBC’s stalwart came off his long run when questioning national selector James Whitaker on the Kevin Pietersen issue this week. It was captivating work, born of courage and great experience. GEOFF THOMAS . A good footballer but even better person, the former England player has kept cancer at bay for 12 years now and has raised thousands in the process. If his decision to ride several Tour stages with Lance Armstrong this summer does not please everyone I am sure he will cope. Geoff Thomas (right) plans to cycle several stages of the Tour de France this summer with Lance Armstrong . WHAT'S NOT . FULHAM . Five years ago this week Craven Cottage witnessed a 4-1 destruction of Juventus. Now Fulham are threatened with relegation from the Championship, having won once in thirteen games. This is what happens when you choose the wrong managers. Fulham's 3-0 defeat to Leeds in midweek left the Cottagers mired in a relegation battle in the Championship . Five years ago, Fulham beat Juventus at Craven Cottage en-route to the Europa League final . ROY HODGSON . An England squad with almost as many left-backs (three) as strikers (four) suggests Hodgson is about to experiment with 7-2-1 against Lithuania or doesn’t actually know where Leighton Baines plays. It’s a dispiriting selection and tells us all we need to know about our prospects at Euro 2016. ALASTAIR COOK . English cricket’s sense of self-pity has now spread to those who haven’t even been playing. Cook should realise that although the decision to appoint Eoin Morgan as World Cup captain wasn’t right, it doesn’t mean that jettisoning him beforehand was necessarily wrong. RAHAT ALI . After his dropped catch eased Australia’s passage to the last four of the World Cup, the young Pakistan fielder looked shell shocked but the worst is yet to come. At some point in the coming weeks, young Ali will have to go home. Pakistan's Rahat Ali drops a catch as Pakistan were knocked out of the World Cup by Australia .""]","['David Villa scored one and created one against New England Revolution .\nGeoff Thomas will not be fazed by criticism surrounding Lance Armstrong .\nFive years on from beating Juventus, Fulham slumped to another defeat .\nRoy Hodgson picked three left backs in his latest England squad .']","[""Wayne Rooney celebrates in the box in New York City .\nPhil Bardsley vs Arsenal against Tottenham on July 2nd .\nNot time to celebrate...\nIan Ladyman says the Everton boss discusses the  future of his squad, by moving on Michael Coyle's decision not .\nbe his new captain .\nHow Roy Hodgson is picking Premier League up by bringing off his best XI on Thursday .\nPoor Kevin Pietersen's decision to swap Hendrik Baddison for Leighton Baines .\nHenriel Huth secures an injury from instead of signing Theo Walcott down the path to picking two old footballers in first place .\nManchester United manager - but also Arsenal owner Alex Ferguson - is NOT Arsenal's new player .\nMan Utd, without picking a top player, cannot sign the future for £1 .\nGunner Arne Wenger decides to on Sunday to pick out who he is for Euro 2016, and places them in Chelsea, Chelsea, Burnley and Branislja Ivanovic .\nIt looks like the pundits have lowered your expectations with just one from 25 who have been selected elsewhere .\nOf these, 25 were far better than here with the winners at Saturday .\nwith coach John Oduke’s men and on Sunday .\nit was impossible to get out of it .\nShPhil Bardsley and Tottenham are 15th place for an unlikely trip to the knockout stages .\nErik Lamela looks unlikely to replace Jose Mourinho""]",1,0.1267605633802817,0.007092198581560284,0.07746478873239437
"[""A young motorist who lost control of his car somehow managed to reverse the vehicle into a house, ploughing through the kitchen wall. The silver Ford Focus became lodged halfway up the wall of Alan Stone's house in Shelfield, West Midlands, when the 20-year-old lost control at lunchtime on Monday. He was travelling with a 17-year-old girl in the passenger seat, though no one is thought to have been hurt in the incident. The driver was arrested on suspicion of taking a vehicle without the owner's consent. Scroll down for video . The silver Ford Focus somehow crashed through the kitchen wall of a home in Shelfield, West Midlands . The driver was arrested on suspicion of taking the vehicle without the owner's permission following the incident . Photographs of the scene show the vehicle stuck in the wall of the house, its rear taking up half of the home owner's kitchen. After the incident at around 12.25pm today both the 20-year-old man and 17-year-old girl wre taken to Walsall Manor Hospital. Neither was seriously hurt in the freak accident. A spokesman for West Midlands Police said: 'We were called just before 12.30pm to reports a Ford Focus had gone into a house in Shelfield. 'The two occupants of the car were treated for minor injuries and the driver was later arrested on suspicion of taking a vehicle without the owner’s consent.' The exterior wall of the home owner's kitchen has been left destroyed by the incident in Shelfield . Emergency services were able to remove the car this afternoon after closing the quiet residential street . Alan Stone, who lives in the house, helped clear the wreckage this afternoon. The 20-year-old driver was arretsed . The home owners were evacuated from the house as emergency services worked to remove the car. The quiet residential street where they live was closed as they grappled with the vehicle which has since been removed. 'When we arrived at the scene the driver and the passenger of the car had got out of the vehicle. 'Crews are now making the area and the vehicle safe following a fuel spillage,' a West Midlands Fire Service spokesman added. Alan Stone, who lives in the property, was seen helping emergency services clear the scene today. Police inquiries continue. Sorry we are not currently accepting comments on this article.""]","[""The silver Ford Focus became stuck in the wall of house in Shelfield .\nIts 20-year-old driver had been travelling with a 17-year-old girl at the time .\nHe was arrested on suspicion of taking vehicle without owner's consent .\nNo one was seriously hurt in the freak accident on Monday lunchtime .""]","[""20-year-old discovered in wrecked car in Shelfield, Midlands .\nMotorist lost control of vehicle and broke through, leaving road 'milestone'\nDriver of the car and its teenage passenger, 17 were safely inside home .\nNo one has ever been hurt in the post road crash .\n20-year-old driver has already been arrested on Tuesday .\nEx-boyfriend then says two children were inside of car but left home to take off .\nHe was working for a business in nearby detached house .\nThe child taken to a nearby hospital after horrific injuries in the freak incident .""]",1,0.37333333333333335,0.13513513513513514,0.21333333333333332
"[""Dunga has dismissed suggestions his Brazil squad is over reliant on Barcelona striker Neymar after naming a 23-man squad for upcoming friendlies against France and Chile later this month. Neymar almost single-handedly carried Brazil to last summer's World Cup quarter-finals against Colombia before fracturing his vertebra and missing his side's 7-1 semi-final humiliation against Germany. Dunga has named Neymar his new skipper since the World Cup and admits to building his newlook Brazil side around the Barcelona attacker. Neymar almost single-handedly carried Brazil to last summer's World Cup quarter-finals against Colombia . But Neymar fractured his vertebra and missed his side's 7-1 semi-final humiliation against Germany . After playing France in Paris later this month, the all-South American clash at the Emirates Stadium against Chile on March 29 is particularly mouthwatering and will see Brazil star Neymar facing Arsenal striker Alexis Sanchez – the pair are former Nou Camp team-mates. Chelsea trio Willian, Oscar and Filipe Luis have been named in the squad by Dunga alongside Manchester City's Fernandinho, Real Madrid left-back Marcelo and Liverpool's Philippe Coutinho. 'Our captain is not a surprise,' said Dunga. 'The numbers are here to demonstrate that he is in a very good period. Neymar celebrates with former Brazil coach Luiz Felipe Scolari in Belo Horizonte last summer . 'Since he has been designated captain of the team, he has had an upgrade on his level of football. 'He likes challenges, the more responsibility he has, the more he will develop and get better. 'We are very happy to have him; he is doing fantastic things in Europe. 'Every time that Brazil was World Champion, we had a strong collective spirit, from which appeared some outstanding players. Dunga says Brazil do not rely too much on Barcelona star Neymar, who he has named his captain . 'We don't want that one only player resolves everything. 'Our priority is first to have a strong collective, and then as a second step, one outstanding player can naturally differentiate himself and help us to be better. 'The creativity of Brazilian Football is dribbling. Players must have a good attitude, they have to take decisions . 'What we are trying to do in this new era of Brazil is the following: to increase the value of our heroes of the past and use them as references of the principles of Brazilian Football for helping develop our new young players. Neymar scores for Spanish giants Barcelona against Villareal on the Copa del Rey semi final second leg . 'People say Brazilian Football is improvisation. No, Brazilian football is not improvisation, our football is creativity.' Brazil's game at the Emirates will take on extra significance as Dunga's men secured a dramatic penalty shootout win against Chile to reach the last eight at the 2014 World Cup last summer and set up an all-South American quarter-final against Colombia. Brazil goalkeeper Julio Cesar was the hero, making two crucial spot-kick saves to thwart Chile, who were denied victory themselves by the woodwork with seconds to spare in extra time. As well as key World Cup qualifiers, Brazil will travel to Chile in July for the Copa America and Dunga is convinced the next 12 months will be a major test for his new look side. Neymar celebrates scoring Barcelona's third goal against Villareal to send them through to the final . 'We first changed all the staff of Brazil,' said Dunga, speaking about the rebuilding job after the World Cup. 'The most important thing is working hard; working hard is the only solution to overcome this traumatism. Then, results will follow. 'We are explaining to the players that we must be strong""]",['Dunga has named his 23-man squad for upcoming friendly matches .\nBrazil face France and Chile in international friendlies later this month .\nDunga dismisses suggestions the Brazillians are over reliant on Neymar .\nBut he admits he will build his new look Brazil around the Barcelona ace .'],"[""Bowler managed Brazil's World Cup quarter-final against Colombia .\nNow Neymar has been named the skipper to clean things under Fabian Dunga .\nThere are fears he fears Neymar will face striker Alexis Sanchez this month .\nHis side also face France in friendly match on March 29 - 'France I'm playing the oscar,’ says star .\nPlaying without Neymar could be a disaster for his side .\nBarcelona's first-time winner played Thursday in the latest Confederations Cup final; it was his first appearance in the prestigious competition .""]",1,0.33333333333333337,0.044117647058823525,0.18840579710144928
"[""Bruce Jenner was seen moving into his new very private and roomy hilltop property nestled deep within the hills of Malibu on Thursday. And on Tuesday the inside of the $3.5m mansion was revealed. The home, his second since leaving Kris Jenner, has modern touches and sweeping views of the Pacific Ocean as well as a luxurious pool. Scroll down for video . On the move: Bruce Jenner was seen moving into his hilltop mansion in Malibu on Thursday . A look inside: On Tuesday a look inside the house, purchased for a little more than $3.5m, was made available; the property features four bedrooms, a three-car garage, and a pool/spa outside . According to sources quoted by Variety on Monday, Kris Jenner's ex bought the house for $3.575m, a bargain well below the $3.9m asking price. The light grey 3,500 square-foot home is far from modest and sits on 11 acres of land (as reported by People). Built in 2010, the concrete-and-glass structure came with four bedrooms, 3.5 baths, and 360-degree views of the surrounding hills. Views: In addition to 360-degree vistas overlooking the surrounding hills, the house's veranda and pool have unobstructed views of the ocean . The swimming pool and spa attached to the house also offer an unobstructed sightline to the ocean. A built-in grilling station and an outdoor fireplace are features out by the pool, located on a slightly raised wrap-around porch. Back inside, the kitchen has a centre island fitted with white countertops and cabinets, as well as stainless steel fixtures. White features: A large kitchen features white countertops and cabinets, as well as stainless steel features . Open plan: With no division between the living room (right) and dining room (left), glass walls give the house an open and airy feel . The main part of the mansion features an open-plan design, with a step-down living room with a fireplace and a dining room next to it. Hardwood floors and ornate glass doors mark the entryway. Even the master bath features mountain views from the bathtub - with no near neighbours this is still private - and a glass-walled shower. A bathroom with a view: Even the luxury bathroom allows for spectacular views from the tub . Outside areas: The house is surrounded by covered patios and verandas . Outside, covered patios surround the building that has a three-car garage attached. While the existing photos show the house before Bruce moved in, the E! reality star was spotted moving in several items, including a king-sized mattress and a bed frame. Bruce's son, Brandon, was on-hand to help - he took off his shirt to move bar stools from a white pickup truck into the flashy residence. Wider view: The E! star's new spread is surrounded by 11 acres of land . Move-in day: While more furniture and belongings undoubtedly came separated, Bruce and his son, Brandon, were spotted moving in a few items . Three-car garage: A fan of cars and other motorized toys, Bruce will likely fill his new three-car garage . Though it is large, the property is much less ornate that the Spanish style home he shared with Kris, 59, in Hidden Hills until 2013. The Malibu residence also appears to be brand new with an untouched roof and what appears to be fresh landscaping around the home. Bruce may have chosen to move now as he has been under the microscope lately. Casual for the new place: The Keeping Up With The Kardashians star wore a blue striped golf shirt while Brandon went shirtless . Not only has he been strongly hinting that he wants to transition""]","['The mansion has four bedrooms and is 3,500 sq feet with three garages .\nThe secluded property sits on 11 acres and has views of the Pacific Ocean .\nThis is the second home for the E! star, 65, since split from Kris Jenner .\nMansions in the same Malibu neighborhood sell for $10m but his is only $3.5m .']","[""Bruce Jenner moved into mansion in Malibu in Los Angeles on Thursday night around 4pm .\nThe first, single-sobed, five-bedroom mansion since the summer 2013 move shows it with four bedrooms .\nThree-car garage .\n Kris Jenner's ex bought bought the house at for $3.5m - $3.9m .\nSays the owner lowered the price by $1-.1m in teaser image .""]",1,0.35,0.03389830508474576,0.18333333333333332
"[""A California high school was brought to a standstill on Monday after staff reported a suspicious package that had been left\xa0unattended on the grounds. However after all major precautions were taken - with the campus evacuated and the bomb squad called in to destroy the box - it turned out to be nothing more than some vouchers from KFC. Officials at Willows High School in Glenn County - north of Sacramento - \xa0said they handled the situation a little more drastically than usual after multiple threats were made again the school last week. Suspicious: A package found unattended at\xa0Willows High School in Glenn County - north of Sacramento - on Monday and was subsequently destroyed by the bomb squad turned out to be a box of KFC coupons . The threats were allegedly made by three students on social media. Willows High School Principal Holly McLaughlin filed a police report about the three - a 16-year-old male and two females, aged 16 and 17 - after discovering the threats on Twitter. They were posted after a large group staged a protest at the school on Thursday. Instead of going to class at the start of the day, dozens of students took part in a sit-in in the hallway. They were attempting to show support for two popular teachers, Paul Gadbois and Paul Bailey, who had recently lost their jobs. 'Things sort of blew up on social media after the board meeting,' Principal Holly McLaughlin told CBS Sacramento. Administrators say the principal, school board members and their children were threatened on social media. 'It kinda makes you nervous and makes you not wanna go to school at all,' said Willows High junior Ashlynn Geiger, who is the daughter of a school board member. Overly cautious:\xa0Willows High School Principal Holly McLaughlin (left) said the situation was handled differently because of recent threats made against her school, while\xa0Sgt. Troy McIntrye (right) said the package seemed suspicious upon inspection . Scene: The school campus was evacuated as the bomb squad moved in to inspect the box . Evacuated: Last week, threats were made against the school, after a large group of protested against two teachers losing their jobs . Protest: On Thursday students stayed a sit-in after two popular teachers lost their jobs . On the back of the threats, the staff became worried when they found the unmarked box outside the school entrance on Monday. Police were notified, and initial exams of the package deemed it suspicious. 'It looked suspicious when they did the x-ray,' said Sgt. Troy McIntrye. The premises were evacuated and the bomb squad was called. They destroyed the box, but afterwards realized it was just a collection of coupons from a local KFC. Police do not think it had anything to do with the threats. Principal McLaughlin admitted that, had it been a regular day at the school, a staff member would have likely just opened the box, however they were all on alert.""]",['Unattended package found Monday at Willows High School .\nThreats were made against the school last week over two teachers losing their jobs and students had staged a protest .\nCampus was evacuated and the bomb squad destroyed the box .\nPackage turned out to be full of vouchers from a local KFC .'],"[""At Willows High School in Glenn County - north of Sacramento - the school's fate was also threatened by a threat at school .\nStudents throughout classes were alerted to the threats .\nAfter a protest outside the board meeting again on Monday, the bomb squad evacuated and package was destroyed .""]",1,0.49056603773584906,0.15384615384615385,0.2641509433962264
"[""He may not have played since the FA Cup defeat by Leicester on January 24 but Emmanuel Adebayor does not appear to be giving up his Tottenham career easily. The out-of-favour striker took to Instagram on Monday to post a\xa0cryptic\xa0message, perhaps making reference to his current situation under manager Mauricio Pochettino. Alongside a picture of himself sitting in a car, the former Arsenal man wrote: 'When life puts you in tough situations. Don't say 'why me'. Just say 'try me'.' Tottenham striker Emmanuel Adebayor attached a defiant message to this picture of himself on Instagram . Adebayor has made just 11 Premier League appearances for Tottenham so far this season . Adebayor came close to joining West Ham on loan in the January transfer window and he has found it difficult to break into Mauricio Pochettino's starting XI this year. His last Premier League appearance came as a substitute against Sunderland on January 17 and he has just two top-flight goals to his name this season. Younes Kaboul and Etienne Capoue have also struggled for playing time in 2015 but Pochettino has refused to confirm whether the trio will leave White Hart Lane this summer. Former Arsenal striker Adebayor last played for Tottenham on January 24 in the FA Cup against Leicester . Spurs boss Mauricio Pochettino has demoted Adebayor to the club's third-choice striker in recent months . Speaking about squad selection ahead of his side's 2-1 win at QPR on Saturday, the former Southampton boss said: 'Always for every game it's my decision, my choice. 'I think that you understand. In the end, all of our squad is fully fit and you need to pick players. 'I am happy with all, but if we have 26 or 27 players in the squad then more than 18 is impossible.'""]",['Emmanuel Adebayor has not played for Tottenham since January 24 .\nThe striker is out-of-favour under boss Mauricio Pochettino .\nAdebayor came close to joining West Ham on loan in January .\nHe has two goals in 11 Premier League appearances this season .'],['Emmanuel Adebayor posted a defiant message on his Instagram account .\nThe Tottenham striker captioned the video with a picture of himself in a car .\nHe played in the FA Cup defeat against Leicester in January 24 .\nThe former Arsenal man has only made 11 Premier League appearances for Tottenham .'],1,0.4536082474226804,0.2105263157894737,0.3092783505154639
"[""A vandal thought to be as young as four was captured on CCTV vandalising a father-of-two's Audi on Mother's Day. David Draper was horrified when footage on his home security camera showed the boy running a key along the side of his grey car. The 37-year-old from Crosby in Liverpool said the vandalism took place at around lunchtime on Mother's Day. The youngster was seen pulling a sharp object or key out of his pocket and running it along the side of the Audi . Two seemingly older children are seen walking along the street ahead of the younger boy in the video. The child is seen calmly pulling what appears to be a key from the pocket of his grey tracksuit, all the while maintaining his pace. He runs the object along Mr Draper's car, leaving a long, white scratch. The father of two claims his was not the only car on the quiet residential street to have been damaged last Sunday. 'I've lived here for five years, it’s a nice area. Nothing like this has happened before. 'This young boy scratched my car in the street and was seemingly allowed to do so. 'I don’t know who the children are. I knocked on the doors of my neighbours and have discovered their cars have also been damaged as well. 'I’m hoping I’ll be able to just paint over it but it’s still damaged. I don’t recognise the older boy or any of the children.' Mr Draper is now planning to report the incident to police after having been unable to identify the children in the video by speaking to neighbours. Mr Draper said other cars on the quiet residential street had been damaged on Mothers Day afternoon . The father of two now plans to report the incident to police after having been unable to find the children responsible .""]","[""The child was filmed on a home security system vandalising the vehicle .\nHe took a key or sharp object to David Draper's grey Audi on Mother's Day .\nThe 37-year-old from Liverpool says his was not the only car damaged .""]","[""Vandal was caught on CCTV vandalising a parked Audi on Mother's Day .\nThe child who damages the car is clearly angry that it has been damaged .\nYoungster is running a key while a finger inches away on the young back of his face .""]",1,0.4545454545454545,0.18604651162790697,0.31818181818181823
"[""The heartbroken parents of a beautiful four-week-old baby boy who died due to complications arising from whooping cough have been forced to defend themselves from online trolls. After urging other parents to get themselves and their children immunised against the deadly disease, Greg and Catherine Hughes have been inundated by messages from strangers - but not all of them have been kind. ‘To all the strangers sending me Facebook messages and asking why my son wasn't vaccinated. He was 4 weeks old!!! Too young to be vaccinated!,’ mother Catherine wrote on Facebook. ‘Go learn something about immunisation and stop bothering me. Our whole family was vaccinated but we live in the state with the worst vaccine rates and sometimes family vaccination just isn't enough to protect our babies,’ she added. Riley Hughes died at just 32 days old after suffering complications arising from whooping cough . Riley's parents Greg and Catherine Hughes have been inundated by messages from strangers . In the comments section of a Daily Telegraph\xa0article online a man named Rich also asked ‘if the mother of baby Riley was immunised and breast feeding?' 'This is one of the simplest ways to protect a child too young to be vaccinated,' he said. ‘Thank you for questioning me. I was fortunate to breastfeed my daughter for two years and my son Riley for the four weeks of his little life until he had to use a feeding tube in hospital, where I then expressed milk,’ Catherine responded. ‘I was also vaccinated as a child and received the booster shot three years before his birth, and was told my medical professionals this was sufficient. - Riley’s Mum.’ The couple, from Perth, who set up a Facebook page to honour their son Riley Hughes after he ‘passed away peacefully in the arms of his mummy and daddy’ at 2pm on March 17, aged just 32 days, publicly spoke about their son’s death in the hope it would help prevent more children dying from the preventable disease. Riley’s father Greg posted a touching tribute on Facebook to his ‘darling little angel Riley’ Two days before Riley died his mother posted a photo of him wrapped in a blanket in hospital . ‘Our greatest desire out of our own personal tragedy is to stop parents from having to endure the heartache of preventable childhood deaths,’ Riley’s dad Greg wrote on the Facebook page Light for Riley. Catherine Hughes has stood up to people who questioned her online . The newborn, born on February 13, died in Perth's Princess Margaret Hospital as a result of pneumonia-based complications arising from whooping cough. The brave family have now raised an incredible $36,000 for the Princess Margaret Hospital Foundation after setting up a fundraising page in honour of baby Riley. Greg Hughes wrote: ‘It was with a mixture of tears and joy that I logged on early this morning to see that we'd surpassed our initial goal of $32,000! The last few days have been unbelievably difficult for my family, but this incredible show of humanity has kept us occupied and given us a drive to change the world.’ Updating the more than 50,000 who now follow the Light for Riley Facebook page, Greg said ‘We're hearing that across Australia many Medical Practitioners, Pharmacies and Suppliers are completely out of the vaccine. ‘We've seen change in WA and NSW with whispers that other states are hopefully set to follow suit. None of this could have been achieved without the phenomenal response from the people on this page. The support has been worldwide and humbling to say the least. ‘Thank you so much for your continued support, please continue driving the message and donating to this worthwhile cause. We're just getting started.""]","[""Riley Hughes died in a Perth hospital at just 32 days old on March 17 .\nParents Greg and Catherine Hughes urged others to get vaccinated .\nThey want to stop other parents from having to endure the same heartache .\nThey have set up a Facebook page in Riley's honour and raised $36,000 .\nWhooping cough is 'highly infectious' and lethal in babies .\nImmunisation against it is available for children from two months old .\nIn Australia it is the least well controlled of all vaccine-preventable diseases .""]",['Greg and Catherine Riley Hughes were delighted in vaccinations against whooping cough .\nThey set up a fundraising page in honour of Riley Hughes .\nThe couple\xa0waged to prevent more children dying from the deadly disease .\nCatherine Hughes has said she feels sorry for her child .\nThe premature four-week-old Riley Hughes died of pneumonia after complications .\nMany would be appalled at how parents would protect themselves if they not receive immunisation .'],1,0.4216867469879519,0.12195121951219512,0.2289156626506024
"[""A new test that can identify whether long-dead ancient humans had suffered from malaria could help scientists trace how the disease has evolved. Archaeologists at Yale University in New Haven, Connecticut, have developed a way of diagnosing the disease in skeletons thousands of years old. Scientists have used the technique to reveal that infants and toddlers found in a cemetery within an ancient Roman villa in Italy had died of the disease. Scroll down for video . The scientists scraped bone marrow from bone sample to search for telltale crystals of a molecule called hemozoin that show the person who the bone belonged to had been infected with the malaria parasite . The method could now be used to track the spread of malaria back to its first appearance in humans by examining other ancient skeletons for signs of the infection. Jamie Inwood, an archaeologist at Yale University who led the research team, said: 'The data set we build with this will be revolutionary for establishing the epidemiological curve for malaria in ancient societies. Attempts to develop a vaccine against malaria have been frustrated by the parasite's highly variable nature. The parasite also tends to hide within red blood cells, making it difficult for the immune system to spot. Scientists at the US National Institutes of Health claim to have created a potential vaccine that can protect against lethal strains of malaria. The vaccine, developed blood samples taken from Tanzanian children naturally resistant to the disease, works by imprisoning the Malaria-causing parasites inside the red blood cells they infect. The scientists pinpointed a protein called PfSEA-1 which the parasites need to escape from the red blood cells they infect. Scientists found that an antibody produced by the immune children hits the malaria parasite at a critical stage in its life-cycle by taking action against this protein. The researchers said that an experimental vaccine based on this idea protected mice in five trials and will be tested on lab monkeys beginning in the next four to six weeks. 'By understanding how this parasite reacted to societal shifts in the past, we can aid in predicting its future behavior. We can understand the way it has evolved.' Miss Inwood and her colleagues developed the test by identifying specific chemical signals and molecules that are found in the bones of people infected with malaria. They found that a large molecule called hemozoin, which is expelled as a waste product by the malaria Plasmodium parasite. Using X-ray defraction, Miss Inwood and her team found they were able to identify black crystalline lumps of the molecule in the bone marrow of bone samples. They tested the technique on the remains of 100 children buried in a cemetery within the ruins of Roman villa at Lugnano in Teverina, Italy. The bodies, which dated from 550AD, had been buried with heavy roof tiles to weigh them down. Miss Inwood said: 'Researchers from the University of Arizona had found burial practices that were throwbacks to pagan rituals. 'It was suspected there must have been an epidemic in the community that caused fever or fits.' With the help of Dr David Soren, an archaeologist at the University of Arizona, Miss Inwood was able to identify hemozoin in femur and humerus bone samples from the site - confirming they had been infected with malaria. Malaria is spread by blood sucking female mosquitoes like the Anopheles stephensi mosquito shown above . This electron micrograph shows a malarial sporozoite migrating through the cytoplasm of a mosquito cell . They were able to confirm that the test was accurate using a technique that searches for DNA of the pathogen. However, DNA extraction is not always possible and sometimes unreliable. Malaria is one of the world's biggest infectious killers, infecting around 200 million people every year and claiming the lives of more than 500,000. Not all Plas""]","['Scientists at Yale University developed a new way of diagnosing malaria .\nThey look for a waste product produced by the parasite in bone marrow .\nCrystals of this protein form inside ancient bones of infected individuals .\nThis allowed researchers to diagnose children that died 1,500 years ago .\nThey say it could be used to trace the spread of malaria in human history .']","['Archaeologists at Yale University in New Haven developed the new technique .\nThey reveal DNA traces of the deadly malaria parasite found in skeletons .\nHemozoin discovered in the bone of people that were believed to have the disease .\nThe new tome method could help researchers find ways to prevent the disease .\nMalaria has already spread for decades, as a result of human failure and infecting the population to return to its initial state .\nScientists have now revealed how the experimental vaccine works .\nResearchers hope to be able to detect malaria within human corpses .\nThis can help disperse the parasite between red blood cells and blood-borne cells .\nThe test identifies chemical signals and molecules found from bones of victims .\nIt protected mice in five trials and are tested on live lab monkeys in next four to six weeks .\nMalaria, also known as Disease Proplasma, is expelled as a wasteproduct .']",1,0.3392857142857143,0.05405405405405405,0.1964285714285714
"['(CNN)Nick Gordon, Bobbi Kristina Brown\'s boyfriend, says he hates her father, singer Bobby Brown. The conflict is one of many revelations in a newly released promo for an upcoming episode of ""The Dr. Phil Show.""  In the clip, Gordon cries and laments missing Bobbi Kristina and her mother, the late Whitney Houston. ""I miss Krissy and Whitney so much,"" a tearful Gordon says. ""I want them back."" Brown was found unresponsive in a bathtub on January 31 at her home in Roswell, Georgia. She has remained hospitalized after doctors placed her in a medically induced coma. Police have said they are treating her case as a criminal investigation. Gordon, who tweeted that he gave Brown CPR after finding her in the tub, has complained via social media about not being allowed to see her. ""Let me be very clear, Mr. Gordon was offered an opportunity to potentially visit Bobbi Kristina and he declined to meet the terms of any possible visit,"" Bobby Brown said last month in a statement through his lawyers. The terms were not revealed. ""In an effort to do all he can to visit, Nick has repeatedly offered to meet with Mr. Brown privately to discuss his request in person, rather than through lawyers,"" lawyers Randall M. Kessler and Joe S. Habachy said in a statement. ""Those offers have also been rejected. We hope Mr. Brown has a change of heart."" Gordon began living with Houston and her daughter after the superstar singer took him in when he was a teen. After her death, he and Bobbi Kristina became romantically involved. In a Facebook post on Friday, Bobbi Kristina\'s aunt Leolah Brown wrote an open letter to Dr. Phil, claiming that Gordon is being investigated by the police regarding what happened to her niece. ""If Nick Gordon does not have the courage to speak with my brother Bobby Brown and/or law enforcement about what happened the day my niece\'s body was found in a bathtub, he does not deserve to have a platform to speak to anyone of your caliber until this investigation is concluded,"" she wrote. Gordon appears with his mother in the ""Dr. Phil"" clip, and the talk show host questions his sobriety. ""You\'ve been drinking a lot though, right?"" Dr. Phil asks before telling Gordon, ""I want you to go straight to rehab."" According to People, Gordon did check into rehab after filming. The episode is scheduled to air Wednesday.']","['Gordon taped an episode of ""The Dr. Phil Show"" that airs this week .\nA clip shows him distraught over Bobbi Kristina Brown .\nHe has checked into rehab, People magazine reports .']","['Danny Nelson says the new episode will look into the case .\n""Gordon has been given help and doesn\'t want the help,"" the movie star says in a press release .\n""I fear for her life,"" her boyfriend Nick Gordon says .']",1,0.21333333333333335,0.0,0.13333333333333333
"[""A man was left with horrific scars after his abusive wife poured a jug of scalding water over him after a rowed about household chores. Ken Gregory, 65, suffered first and second degree burns to 14% of his body after the assault at his £295,000 bungalow in Peterborough in March last year. A year on, pictures of his injuries show painful blistering stretching from his scalp to his lower back - and some of the scars will never fade. Scroll down for video . Ken Gregory was left horrifically scarred after his now ex-wife threw boiling water over him   in March last year . Mr Gregory met Teresa Gilbertson (pictured together) through ballroom dancing, but they relationship became sour after five years of marriage . His ex-wife Teresa Gilbertson, 60, is awaiting sentencing after being convicted of grievous bodily harm with intent following the attack. Mr Gregory has decided to speak out because he believes it is important to challenge the stigma surrounding men who are victims of abuse. Retired BT manager Mr Gregory said:\xa0'Being attacked by a woman is nothing to be ashamed of.' 'I had never imagined something like this would happen to me. 'As a man who is a bit older and who isn't exactly small, there is a perception that you can't be a victim of domestic violence. 'I was worried that people would assume that it was my fault and she was the victim - there is still a general perception that, as a strong man against a weaker female, you must have been the protagonist. A year on, the retired BT manager is speaking out to challenge the stigma surrounding men who are victims of abuse. Pictured, Mr Gregory with the jug his ex-wife used . Mr Gregory's ex-wife Teresa Gilbertson, 60, is awaiting sentencing after being convicted of grievous bodily harm with intent following the attack. Pictured, injuries to his back (left) and shoulder (right) 'But it should be the same message that they put out for women many years ago: don't be frightened, you don't have to put up with it.' The couple met through ballroom dancing following the death of Mr Gregory's first wife   of more than 30 years, Maureen, seven years ago. But after five years of marriage, their relationship soured. On the day of the attack on March 23, Mr Gregory had been due to take flowers to his late wife's memorial to mark her birthday.  Instead the couple rowed over finances and household chores. Eventually, they reached an apparently mutual  decision to get a divorce and Gilbertson had offered to make a cup of tea. Mr Gregory, who has limited mobility due to arthritis, turned down the offer, but his wife left the room and returned with a jug of freshly boiled water. Peterborough Crown Court heard she told him 'there you go' after tipping it over his head without warning. It was the culmination of escalating verbal abuse. Three weeks earlier, Mr Gregory needed hospital treatment after Gilbertson threw a cup of tea over him while he slept, in what she claimed was an accident. When police arrived following the final incident, Mr Gregory said she told officers: 'If I'd wanted to kill him, I'd have used a knife.' Reliving the incident, Mr Gregory said: 'I was sitting with my back to her and it came without warning. 'It was unbearable, searing pain - I'd never known anything like it. 'Afterwards I could barely sleep as I couldn't lie on my back.' Mr Gregory, who has limited mobility due to arthritis, said the injuries meant he barely sleep after the attack . Experts told the trial that the pattern of the injuries showed the water must have been poured""]","[""Ken Gregory suffered first and second degree burns to 14% of his body .\nPictures of his injuries show painful blistering from his scalp to lower back .\nMr Gregory's ex-wife was found guilty of grievous bodily harm with intent .""]","[""Ken Gregory, 65, left severely by his abusive wife in April .\nShe had to pour water a 'hot ball' over him after dinner .\nRetired BT manager is currently serving a life sentence in 2015 for causing grievous bodily harm following the attack .\nHis wife Teresa Gilman, 60, has said it is 'nothing to be ashamed' of after the attack .Earlier this year Mr Gregory described attack as helping her in finding .\nher her future daughter .\nHe says so much he attacked has fellow abusers realised he is a problem for women . .\n'It doesn't matter the woman puts it. The woman does it,' he said .""]",1,0.18300653594771243,0.026490066225165563,0.11764705882352941
"[""A series of mutilated animals have been found on the streets on Sacramento, leading officials to fear a local cult may be responsible. The latest discovery - the third in as many days - was made yesterday by a Sacramento Bee reporter investigating the killings. He found a bag of decapitated chickens along railroad tracks in California's capital city. Scroll down for video . A series of mutilated animals have been found in Sacramento, including a box of chicken corpses (pictured) On Tuesday night, authorities reported finding two bags containing dead animals also beside railroad tracks in Midtown Sacramento. One bag contained a beheaded rabbit with several tea candles. A second bag held at least two decapitated chickens with their feet cut off, News10 reported. Gina Knepp, head of Sacramento's Front Street Animal Shelter, said authorities are investigating whether at least some of the killings may be tied to religious rites that sacrifice animals. She explained tips have been pouring in, many of them suggesting the findings are linked to a cult. 'Local cults, religious groups. Nothing solid, you know, but it is very bizarre,' she said. Gina Knepp, head of Sacramento's Front Street Animal Shelter, said authorities are investigating whether the findings are linked to cults . 'The most recent case I will say involves what appears to be some type of ritual, who knows what kind of practice,' she told the Sacramento Bee. She added, others cases may be simply a case of copycats following the growing news coverage of the incidents. Two decapitated chickens were found in a box along a bike trail near the Sacramento River on Monday. Inside the box were also five blood-soaked $1 bills. There have been at least nine separate discoveries of decapitated goats, sheep and chickens and other animals since the start of the year at various locations in Sacramento. But the mystery began last fall,  when a 120lb cow's head was found in Reichmuth Park and another one was found a few miles away at Garcia Bend Park. The mystery began last fall, when a 120lb cow's head was found in Reichmuth Park and another one nearby .""]","['The latest discovery was made yesterday by a Sacramento Bee reporter .\nHe found a bag of decapitated chickens along railroad tracks in the city .\nAuthorities are investigating whether at least some of the killings may be tied to religious rites that sacrifice animals .\nAt least nine separate discoveries of decapitated goats, sheep and chickens and other animals since the start of the year in Sacramento .']","['A third discovery box contained two dead rabbits and three headless chickens .\nThe fourth box was also found, contained bacon and strips of bacon .\nSacramento officials investigating whether the local cult may be the crime .\nClown killer Mercy Animals said it is also possible a local cult could be the culprit .']",1,0.3548387096774193,0.032786885245901634,0.20967741935483872
"[""The sound of popping champagne corks and hushed conversations fills the small garden terrace. Fairylights twinkle in the palm trees, illuminating the frescoed ceilings of the Chateau Marmont. Beyond the tall, white walls of LA's most historic hotel - built in the Twenties - is the murmur of Hollywood, where on Sunday Eddie Redmayne's Oscar dreams came true. In the hotel restaurant, my fish comes with a sprinkling of Hollywood glamour - Eva Longoria and Richard Gere are dining. Glamour at every turn: Tourists can gain a close glimpse of the Hollywood sign with via a ranch ride . No one bats an eyelid, except me. Running into the odd A-lister - or desperate housewife - is business as usual in Hollywood, particularly in awards season. But you don't stand much chance if your Tinseltown experience is limited to the Walk of Fame and cemented handprints outside the TCL Chinese Theatre on Hollywood Boulevard. Happily, there are plenty of better hotspots where you can catch up with your favourite celebs. I spy Susan Sarandon at the bar of the Sunset Tower Hotel, where Eddie Redmayne, was spotted the night before the Oscars. The following evening, I dodge the paparazzi waiting for Jessica Alba outside Craig's Restaurant in West Hollywood. I am tucking into my southern fried honey chicken when she slips out via the kitchen. The next morning, while crowds gather at a glossy shopping complex for a mediocre view of the Hollywood Sign, I venture deep into the surrounding hills to get the ultimate glimpse. Marilyn is saddled up and waiting at Sunset Ranch ahead of a morning's horse riding in the Hollywood Hills. Leading the way in cowboy hat is guide Lila, who once took the Beckhams out for a ride. 'Yes, even Victoria!' says Lila. 'She was a natural.' We make our way along some of the 56 miles of sandy trails that lace Griffith Park, one of the largest in the States and named after the 19th-century colonel who donated this land to the city. It's an unusual way to experience Hollywood, agrees Lila, as we peer down into cacti-studded canyons sheltering coyotes and rattlesnakes. Looming large on the slopes of Mount Lee is the Hollywood Sign. A part of LA's history since 1923, when it originally read 'Hollywoodland' to advertise a nearby property development, the sign hasn't always been such a happy spot. Actress Peg Entwistle committed suicide here, jumping to her death from the letter 'H' in 1932. Sunday morning in Tinseltown and there's only one place to be: the Farmer's Market on Ivar Avenue. The man in focus: Eddie Redmayne (pictured with wife Hannah) was the big winner at this year's Oscars . Between 8am and 1pm, the streets between Hollywood and Sunset Boulevards are closed to traffic as hundreds of food and handicraft stalls are set up. This is where local foodies - including Cameron Diaz and Claire Danes - come to pick up their groceries. Just up the road is the Hollywood Roosevelt Hotel, a glorious Spanish-inspired property that's earned its place in history. Not just as the birthplace of the Oscars - the first ceremony took place in the Blossom Ballroom in 1929 - but for the showbiz royalty that have stayed and played here. Shirley Temple learnt to tap dance on the tiled staircase in the lobby and regular guest Marilyn Monroe (she preferred room 246) loved the place so much that she still visits. Her ghost is said to haunt the hotel. And you can't get much more Hollywood than that. British Airways (0844 493 0758,""]",['Star-spotting can be remarkably easy in Hollywood in Oscars season .\nOur writer bumped into several A-list stars on one weekend in LA .\nLos Angeles can also be a venue for horse riding - to the Hollywood Sign .'],"[""Travelers can compete with Hollywood's historic sites .\nThe biggest venues range from the Oscars to Hollywood's greatest shows .\nHollywood Hotel, the Astersonics, impresario Marina Vega and Royal Albert Hall .\nUpper with over 200 stars including Marilyn Monroe, Joe Giglio and Frank Sinatra .\nOne-night waiting hotel at Hollywood Roosevelt Hotel: 25 miles off the end of the seven-star low and star hotel .\nThe Big Sky From Venice is a hot spot in Hollywood and it is to be discovered by Sheen's former room star of Laura Palpino' Bellini .""]",1,0.19548872180451127,0.015267175572519083,0.12030075187969928
"[""The Football League are in talks with Leicester City regarding Financial Fair Play rules, after their accounts revealed a £20.8million loss that exceeds the £8million allowed by clubs outside the Premier League. Leicester published their 2013-14 accounts on Tuesday, with the Football League reacting Wednesday by saying talks with the club who are now at the foot of the Premier League table are 'ongoing', according to the\xa0BBC. Leicester believe that £13million of the loss was 'allowable' because much of it relates to the club's promotion from the Championship to the Premier League. Leicetser City boss Nigel Pearson watches on as his side prepare to play Manchester City on Wednesday . Andy King (left) tries to keep hold of the ball under pressure from Danny Drinkwater and Esteban Cambiasso . Marcin Wasilewski (left) and Jeff Schlupp jokingly grapple in Leicester's training session before City . The club could be fined if it is adjudged to have broken the rules. The Foxes are currently rooted to the bottom of the Premier League on 18 points. They are seven points adrift of safety and they travel to the Etihad Stadium on Wednesday to take on Manchester City.""]","[""Leicester City's losses exceed Football League parameters of £8million .\nThe club has attributed most of the £20.8million to costs of promotion .\nLeicester, who are bottom of the Premier League, could be fined if guilty .\nCLICK HERE for all the latest Leicester City news .""]","[""Leicester are in talks with clubs over breaking Financial Fair Play rule rules .\nThe split into seventh 'allowances' is in talks with said Football League .\nLeicester are currently at the bottom of the Premier League on 19 points .\nThey have now found themselves only their last five games on 18 points .\nLeicester are confident of being treated right, by FA .\nClub said they would be fined if club was 'complained' and they broke rules .\nHave suffered two straight defeats so far this season winning in .\ntop of the Premier League table .\nCLICK HERE to date all the Premier League news and a Sportsmail digest of all of the latest .""]",1,0.3515151515151515,0.14723926380368096,0.24242424242424243
"[""Former Liverpool defender Mark Lawrenson has laid into Mario Balotelli after the Liverpool striker's latest faltering performance in the goalless draw with Blackburn in Sunday's FA Cup quarter final. The misfiring Italy international, who has managed only four goals in all competitions since his £16million summer arrival from AC Milan, was brought on after 59 minutes but failed to impress as the game ended 0-0 to force a replay at Ewood Park. Speaking on BBC Radio 5 Live, Lawrenson let fly with a scathing attack on the former Manchester City star who he labelled 'a waste of space'. Mario Balotelli leaves Anfield after Liverpool's goalless draw with Blackburn in the FA Cup . The much criticised striker failed to get on the scoresheet during the FA Cup quarter final clash . The Italian firebrand came on after 59minutes but could not add to his meagre goal tally of four this season . Liverpool legend and BBC pundit let loose a scathing attack on Balotelli, branding him 'a waste of space' The 24-year-old has failed to live up to expectations following his £16million arrival at Anfield . Balotelli heads straight down the tunnel towards the dressing room after the final whistle is blown . 'Forget about Mario Balotelli. He is an absolute waste of time. He shouldn't be anywhere near this team,' he said. 'I can see why Brendan Rodgers threw him on today as he might just create something, but 99 times out of 100 he will let you down.' Match Zone statistics  from the game show that Balotelli managed only a single shot on target after coming on as a substitute and appear to support Lawrenson's claims. Balotelli's performance comes just days after he posted a cryptic Instagram message suggesting that one of his team-mates did not like him. Although, having angered players by taking a penalty away from Jordan Henderson during a Europa League clash with Besiktas and with statistics that include only creating six chances for his team-mates all season, it's hardly surprising that the 24-year-old's popularity is waning. Balotelli prepares to be introduced on 51minutes as Liverpool try and change the game . Balotelli has managed only four goals in all competitions since arriving from AC Milan last summer . Mario Balotelli's attack statistics and heat map for the 31minutes he played on Sunday back up Mark Lawrenson's claims - CLICK HERE for more stats from our Match Zone . Lawrenson praised Blackburn for their tactically astute performance to earn a replay at Ewood Park, which has now been scheduled for April 7 or 8th to meet UEFA regulations. 'Congratulations to Blackburn Rovers on an absolutely magnificent display. They were never ever desperate at any time,' he said. 'They have looked at how Liverpool have played recently and the tactics were spot on. Goalkeeper Simon Eastwood hasn't really had to make a real top class save.' Rodgers admitted that he would rather wait a month for the replay than have to play 48 hours later as has happened to Bradford and Reading after their goalless draw on Saturday. Balotelli winces in pain after a rash tackle from Blackburn's Tom Cairney (right) The Liverpool striker checks his leg after a tackle by Rovers'  Cairney (not pictured) The former City striker only managed a single shot on target, although team-mates didn't fare much better . Balotelli wins a header but could not get his shot on target as Liverpool stumble to a draw . ‘I believe the replay is early April, the 7th or 8th,’ said Rodgers. ‘It is certainly not what it is for Reading and Bradford. That is unbelievable. I feel for them, having""]",['Mario Balotelli failed to impress in goalless FA Cup draw with Blackburn .\nLiverpool legend Mark Lawrenson has labelled the Italian a waste of space .\nFormer AC Milan striker has scored only four goals  since his £16m move .\nBalotelli had earlier commented on racism row involving Sulley Muntari .\nFA Cup replay has been delayed until April 7 or 8 to meet UEFA rules .'],"[""Referee Mark Lawrenson has ordered a ban on Mario Balotelli - former Balotelli player's new boss and boss .\nWatch out for soon-to-be released pictures any Ludic comments .\nBalotelli joined for £16million but has not yet found a replacement .\nLawrenson praises the 'burst-of time for a down-pere star'\nBalotelli is said to have shown a lack of the ball and lacked creativity behind his offence .\nInflattened Blackburn left Blackburn Rovers with only one - meaning none - to level without a Sergio Aguero for a fifth minute late on .\nLiverpool fans also cheered for players - supported by Mark Noble and Steven Gerrard - in the stands at Anfield .\nBlackburn welcome back Balotelli after blackballs\xa0Tom Cairney and Stepan .\nLiverpool fans object to and praise the striker for his antics elsewhere on the pitch .""]",1,0.24999999999999994,0.04854368932038835,0.13461538461538464
"[""With her dark sunglasses and stony expression, the image of Hillary staring at her smartphone made her look such a boss that it launched its own Tumblr parody account. The photograph, which dates from a trip to Tripoli, Libya in September 2011, was even adopted by the former Secretary of State herself for her Twitter profile picture. However, it seems that the picture which inspired hundreds of comedy memes could be no laughing matter for Clinton as it emerges the photograph could be a figurative smoking gun. Indeed, Clinton herself has removed the image removed from her Twitter account because it could show her using her controversial personal email account to conduct diplomacy in Libya. For more than a year, the former Secretary of State had used the monochrome image of her using a Blackberry on board a C-military plane headed to Tripoli in September 2011, around a month after Colonel Gaddafi's regime fell. But the picture, regularly seen by her 2.9million followers, was removed Sunday - ostensibly to promote a political campaign for gender equality, timed to coincide with International Women's Day. The image was once a symbol of Clinton's funny side as the face of the Texts From Hillary meme, which she said had given her 'many LOLZ' - but fell out of favor this week. Switcheroo: Hillary Clinton swapped out a picture of her using a Blackberry on her way to Libya for a silhouette promoting a gender equality initiative . However, the change also comes at a time when senior figures in Congress are intensifying scrutiny of Hillary's communications from 2009-13, which it was recently revealed were not conducted via official State Department accounts. Clinton has handed over swathes of communications from the time, but it has been claimed that the documents have 'huge gaps'. The image was mentioned by the chairman of a House committee into the 2012 attack on U.S. diplomats in Benghazi to suggest that vital communications from Clinton's involvement in Libya were being kept from public view. Rep. Trey Gowdy (R-South Carolina), today told CBS's Face the Nation\xa0that he has been provided with no emails from the September 2011 trip - despite Clinton being clearly pictures communicating while aboard the plane. Proof? The chairman of the House Committee on Benghazi mentioned that he has seen no emails from Clinton's time in Libya, despite pictures such as this one from 2011, showing her using a Blackberry . He said: 'There are gaps of months and months and months. And if you think to that iconic picture of her on a C-17 flying to Libya, she has sunglasses on and she has her handheld device in her hand, we have no e-mails from that day. In fact, we have no e-mails from that trip. 'So, it's strange credibility to believe that if you're on your way to Libya to discuss Libyan policy that there's not a single document that has been turned over to Congress. 'So, there are huge gaps. And with respect to the president, it's not up to Secretary Clinton to decide what is a public record and what's not.' Gowdy also said the records don't include anything from around the dates of the Benghazi attack itself, in which the U.S. ambassador to Libya was killed. Suspicions: Rep. Trey Gowdy (R-South Carolina) mentioned the pictured of Clinton while contending that emails from her time in Libya had not been handed over . As of Sunday evening, Clinton's profile still featured the Blackberry image, but as the 'header photo' displayed at the top of the Twitter page. In order to see it, users have to access her profile directly. The image will not appear in the timelines of her followers, nor when she is retweeted or appears in search results. Clinton herself tweeted to explain the change of profile picture. She wrote""]","[""Former Secretary of State swapped out phone picture for a blank silhouette .\nSaid the switch was to raise awareness of gender\xa0equality\xa0initiative .\nCame amid huge scrutiny over use of private emails to enact foreign policy .\nPhotograph was seized on to complain about emails withheld from Congress .\nRep. Trey Gowdy said it 'strains credibility' to think picture from 2011 does not show Clinton dealing with Libya situation using private accounts .""]","[""Hillary Clinton swapped tweet from September 2011 with image of her .\n'Proof that these images have to be deleted from the internet,' said congressman .\nClinton also replaced her tweet with the opening chart of Benghazi account in 2012 .""]",1,0.2413793103448276,0.0,0.15517241379310345
"[""Educator: Los Angeles teacher Thelmo Garcia, 37, is accused of placing a plastic over the head of a 10-year-old female student in class last month . A Los Angeles elementary school teacher was arrested this week after police say he placed a plastic bag over the head of a 10-year-old student. Thelmo Garcia, 37, a fourth-grade teacher at Rosewood Elementary School, pleaded not guilty to one count of child abuse Friday, two days after he was taken into custody in connection to the February 5 incident. According to the Los Angeles County District Attorney's Office, the educator placed a bag over the head of a girl in his class 'for several seconds' during school hours. The child reportedly did not pass out after the stunt, according to CBS Los Angeles. Investigators would not say whether Garcia was disciplining the girl, or just joking with her, as he's been known to do with other students. Garcia has been with the Los Angeles Unified School District since 1999 and taught fourth grade at Rosewood since 2010. The 37-year-old man was ordered held on $100,000 bail. If convicted, he could face up to six years in prison. The school has suspended Garcia with pay pending an investigation. Scroll down for video . Place of learning: The alleged incident took place at Rosewood Elementry School, where Garcia has taught fourth grade since 2010 . The 37-year-old pleaded not guilty and was ordered held on $100,000 bail . ‘We take these allegations very seriously,’ Ellen Morgan, of the Los Angeles Unified School District, said in a statement. ‘The district is fully cooperating with the LAPD investigation.’ Some parents and students at the LA school were stunned to learn of the allegations against Garcia, who was described as a caring and playful teacher. According to CBS, Garcia had no history of infractions over the course of his teaching career.""]","['Thelmo Garcia, 37, pleaded not guilty Friday to one count of child abuse .\nProsecutors\xa0say on\xa0February\xa05, Garcia placed a bag over the head of a 10-year-old girl for several seconds at Rosewood Elementary\xa0School .']","['Thelmo Garcia, 37, pleaded not guilty to one count of child abuse Friday .\nThe little girl, 10, told Garcia she did not pass out after the prank in class .\nGarcia was ordered held on $100,000 bond .\nThe school will continue monitoring to ensure no charges filed .\nGarcia accused of bullying the boy after prank .\nIn another alleged incident, the video was made of the teacher molesting the boy .\nThe 37-year-old first faced charges on February 27 when first arrested and he was suspended from fourth grade .']",1,0.32061068702290074,0.17054263565891473,0.27480916030534347
"['A father-of-two has been banned from every single pub in Queensland as part of his bail conditions after facing five charges in court. Steve Parnell allegedly punched an officer in the face after police were called to his house early on Sunday morning. While facing his charges at Gladstone Magistrates Court, Parnell was told he could not enter any licensed premise - including restaurants or clubs - in the state if he wanted bail. He has also had to commit to being breath-tested every week, the Gladstone Observer reports. Steve Parnell is banned from entering every single pub in Queensland (stock photo shown) The ban was handed down as one of his bail conditions at Gladstone Magistrates Court (pictured) Magistrate Mark Morrow told him the only establishment he could probably go into now is ‘Hungry Jacks and Maccas’ because they don’t serve booze. Mr Morrow said: ‘My concern is that every time he drinks he seems to become a problem.’ Police were called to Parnell’s home in Tannum Sands, a coastal town on the central east coast of Queensland, on Sunday after receiving noise complaints. The court was told at one point officers used a Taser on Parnell. Parnell will face court again on April 7 when his five charges, including two counts of serious assault will be heard. Police were called to Parnell’s home in Tannum Sands, a coastal town on the central east coast of Queensland . Magistrate Mark Morrow told Parnell he can not enter any establishment that serves alcohol . Sorry we are not currently accepting comments on this article.']",['Steve Parnell allegedly punched an officer in the face on Sunday .\nHe appeared at Gladstone Magistrates Court facing five charges .\nMagistrate Mark Morrow gave him strict no-alcohol bail conditions .\nHe cannot enter any\xa0licensed\xa0premises in Queensland .\nMust commit to a breath test every week .'],"[""Steve Parnell is banned from entering every single pub in Queensland .\nParnell was arrested on Sunday after visiting his home in Tannum Sands .\nThe door of Parnell's home had a Taser and facewaller served beers as a charge .\nThe police to Parnell's home on Pointman Beach had received noise complaints .\nParnell faces magistrate's five charges will be heard .\nParnell was re-tripped again on April 7 after father-of-two did not appear .\nPammy Pannelly published details of her Facebook rant just four hours after bail .\nParnell is already on serious assault but could be sentenced to a minimum to 10 days .\nWest Queensland man Donald Tadjulis is also facing drink-driving charges .\nSeconds of causing harm to person, dangerous assault are also drink-related .\nParnell did originally live in a 'restaurant' in . ScotlandPolice were first called to Parnell’s home on the central east coast in the morning of April 5 .\n'Magistrate told him Parnell can not enter any establishments that serve alcohol .\nbecause of his serious assault charge'\nParnell is facing five charges and faces bail .\nThe Crown will place the ban as part of his bail bail conditions .\nMagistrate Mark Morrow says he believes he drink of so many people and I believe Macdonald Parnell’s behaviour makes the court for a purpose. I can’t even give him a cent, do I? Twenty per cent, I know. I’m not even here to ask if that’s what he is doing is about to harm my career?’\nUPDATE: Mail transcript of the original version of this article with a link .\nSteve Parnell was released on bail on Friday, April 7 when he\xa0enrested\xa0on bail\xa0at\xa0Gladstone Magistrates Court .\nThe ban was handed down at his court and the Crown will place it as part of his bail bail conditions .\nClick here for more news in crime .\nPOO ON an e-drunk: 'It's another insult to lack of a punter, who must be beaten out of laughter by a bang out'\nONUS: 'My nose splashed, it's like minute to minute tree branches high over the horizon,' she says, vomiting .\nCustomer says he was serving at the establishment that served him beers by a bearded man .\nParnell, just sitting at the side of the road, entered his address and will face charges .\nAn order can be used to prevent deportation without the need for a post—you could ask a friend who accepts an invitation not to deport them ; or to have to make living in a country under immigration law; to ask over time necessary to obtain a citizen visa .\nYou could make a ‘guest, register’ order to travel from the country that requires .\na student over burden has the correct right for claiming ownership of someone .\na .\nduelling order but the student cannot make the man stay in the area by fraudulent means .\nThe landlord must prove four ($50* consents to provide a rent—in order to guarantee their\xa0crestants and to protect""]",1,0.1314387211367673,0.0641711229946524,0.0852575488454707
"[""A woman has told how she fulfilled a promise to her twin when she successfully fought to get her sex attacker jailed after she committed suicide. In a landmark legal case, Sharon Hennessy, 30, won justice for her sister Michelle who killed herself aged 27 in October 2012, a year after she was punched, kicked and sexually abused as she walked home from a night out. At the time of Michelle's death, police were pursuing a rape case against her attacker Sean Thackaberry, but they said they would close it because there was no chance of a conviction without her evidence. Michelle (left) and her twin Sharon, pictured together on their 21st birthday. Michelle committed suicide a year about being attacked after a night out. Sharon reveals how she fought to bring her sister's attacker to justice . Sean Thackaberry was jailed for five years in a landmark case over attacking Michelle Hennessy . But Sharon, of Kildare Town, Ireland, had promised her beloved twin she would not let her attacker walk free. The pledge was important to Sharon because after initially being charged with rape, Thackaberry was released on bail – and Michelle said she did not feel safe while he was on the streets. The family believe this was one of the reasons Michelle took her own life. Sharon reveals how Michelle - who was a fan of skydiving and nights out - changed after the attack. She said: ‘She was afraid and vulnerable and instead of travelling to far-flung corners like she had done, she spent her time sat by the fire, knitting. ‘I hardly ever saw her put on make-up and she never went out with friends, like she used to. ‘She’d been so proud of her girly locks and her sense of fashion, but afterwards she didn’t care. ‘We were furious that Thackaberry hadn’t been locked up and whenever Michelle left the house, his supporters would harass her. They sent her abusive messages online too, calling her a liar. ‘The taunts and threats ground her down until she didn’t feel human anymore.’ In October 2012 Michelle committed suicide at home. Her sister recalled finding out – and desperately trying to reach her twin’s body. She said: ‘I remember collapsing onto the stairs and screaming from the bottom of my belly. ‘I screamed for all the pain and emotion that my twin sister was never able to scream. I screamed for the devastation she buried inside her, until it slowly destroyed every inch of her being. ‘I screamed for the anger she felt at not being protected from the monster who stole her life. It was devastating.’ Michelle (left) and Sharon, pictured at three years old, had always been close and Sharon vowed to see her sister's attacker jailed, hiring a top lawyer and pestering police to keep the case open . Sharon, pictured at her 30th birthday (left) along with a tribute to her sister at the event (right) Michelle (right) and Sharon pictured together on their 27th birthday . Sharon was heartbroken when a lawyer told her family the ongoing case against Thackaberry would ‘never see the light of day’ because of her sister’s death. ‘It felt like the final nail in Michelle’s coffin,’ she said. ‘I felt like that monster was going to win – again.’ So she hired a top lawyer and repeatedly pestered the police for the case to be pursued – and the trial went ahead. In November 2013 Thackaberry, then 20, of Kildare Town, Ireland, appeared at Dublin’s Central Criminal Court where he admitted aggravated sexual assault. The court""]","['Michelle Hennessy killed herself year after attack by Sean Thackaberry .\nSharon won legal landmark case of conviction without evidence from twin .\nHired lawyer, pestered police for case to be pursued and trial went ahead .\nThackaberry was jailed for five years at Dublin Crown Court .']","[""Sharon Hennessy wins justice for her sister's sister in landmark case .\nHer sister hick vows to jail Sean Thackaberry 'for being scared'\nAfter attack on Michelle Michelle, 30, died a year after night out .\nHe was jailed in 2009 in Ireland - but was released without bail .\nDefendant Sharon and her sister Sharon fighting to get her back .\nThackaberry admitted to lesser charges of raping her in 2008 .\nWarrant of 3 counts of rape; seven counts of attempted rape and one count of kidnap; 5n expected .\nShe vowed justice the court has brought into his case .\nMichelle's family tell MailOnline they broke her will and her sister will never go free .\nSiblings include Lister Lister and Michele 'Flehore' Ote .""]",1,0.2727272727272727,0.06896551724137931,0.125
"[""An American health care worker who contracted Ebola while volunteering in a Sierra Leone treatment unit has been downgraded to critical condition at the National Institutes of Health, doctors said on Monday. The patient's status was changed from serious to critical condition, meaning the person's condition has apparently worsened. The patient is being treated at the National Institutes of Health's hospital near Washington, D.C. The patient was flown in isolation from Sierra Leone on a chartered plane last week and arrived early on Friday morning. The patient's name, age and gender have not been released. Scroll down for video . A health care worker prepares a colleague's Ebola virus protective gear at a clinic operated by the International Medical Corps in Makeni, Sierra Leone. \xa0Five people in the U.S. are now being monitored after being exposed to Ebola . The person is a clinician working with Partners in Health, a Boston-based nonprofit organization. The group has been treating patients in Liberia and Sierra Leone since November. This came as a second American health care worker who was possibly exposed to Ebola has been moved to Nebraska Medicine's biocontainment unit after a change in symptoms, the hospital said on Monday. The worker was one of four monitored in Nebraska after exposure to another American who tested positive for Ebola.\xa0The person who was moved has not tested positive for the virus, the hospital said. None of the patients has been identified. The hospital said it would receive a fifth person who was part of the initial exposure in Sierra Leone later on Monday. The latest NIH patient is the 11th person with Ebola to be treated in the U.S. Two patients in the U.S. have died: a man treated in Dallas after contracting the virus in Africa and a doctor evacuated from Africa to Nebraska when he was already critically ill. The man in Dallas had contracted the virus in his native Liberia. He transmitted the disease to two nurses, resulting in widespread concern in the U.S., with questions raised about emergency department screening of patients, monitoring of ill travelers from Africa and even disputes over the disposal of potentially infectious waste from hospitals. The World Health Organization has estimated the virus has killed more than 10,000 people, mostly in the West African nations of Guinea, Liberia and Sierra Leone. The current outbreak is the largest ever for the disease. While deaths have slowed dramatically in recent months, the virus appears stubbornly entrenched in parts of Guinea and Sierra Leone. A Centers for Disease Control and Prevention spokesman said that besides the patient at NIH, there are 11 other Partners in Health workers being brought to the United States for monitoring. That includes four going to Atlanta to be near Emory University Hospital; one arrived Friday. On Saturday, four health care workers arrived at the Nebraska Medical Center in Omaha, and three arrived in the Washington area on Sunday to be near the NIH campus in Bethesda. One of those being monitored in Nebraska has developed symptoms of Ebola and was being moved to a biocontainment unit, hospital officials said in a news release on Monday. However, none of those being monitored has tested positive for Ebola. The National Institutes of Health said it has no other pending admissions of additional patients with the Ebola virus or who have been exposed to Ebola. CDC workers in Sierra Leone are involved in investigating the illness of the first patient, including looking for other people the person was in contact with. It's possible other people will be transported to the United States for monitoring, said the spokesman, Tom Skinner.= . A U.S. healthcare worker, who had been caring for Ebola patients in Sierra Leone, has been downgraded to critical condition at the National Institutes of Health in DC (pictured)""]","[""Ebola patient has been downgraded from serious to critical at the\xa0National Institutes of Health in DC .\nSecond American who was possibly exposed to Ebola moved to Nebraska Medicine's biocontainment unit after change in symptoms .""]","[""The U.S. worker contracted while volunteering in Sierra Leone treatment unit was flown in isolation from Sierra Leone last week .\nMove was made as the clinician worked with a Boston-based organization .\nHe is the fourth flier worker who has been Ebola tested .\nHas been downgraded to critical condition at the National Institutes of Health's hospital near Washington .\nU.S. is now no worse than the other condition with Ebola it saw in Africa, the hospital said Monday .\nAt least one person dies in U.S. who has been recently exposed to Ebola .\n61-year-old woman treated in Dallas is recovering in hospital in Texas and was tested for Ebola after being flown to local hospital while a nurse was in Liberia .\nThere are 11 other workers who have not tested positive being brought to the United States for monitoring .\nThe latest NIH patient is the sixth person with Ebola to be treated in the U.S. after being in Africa, and a man who contracted the virus in Sierra Leone .\nThe U.S. healthcare worker has the fifth person in America to be infected with Ebola .\nFour died and two, in two patients, were both in Texas and Dallas .\nWHO has estimated Ebola has killed more than 10,000 people, mostly in the West African nations of Guinea, Liberia and Sierra Leone in November .\nThe patient being contracted who had been treated at Nebraska""]",1,0.1877256317689531,0.06545454545454546,0.15162454873646208
"['A father-of-three was left with horrific injuries after being savaged by two Staffordshire bull terrier dogs when he went to complain about a neighbour\'s loud music. Postman Keith Chadwick, 36, nearly lost an eye and will require plastic surgery after being bitten in the face, body and legs by the ferocious animals. Mr Chadwick, who underwent four hours of surgery on Wednesday, is understood to have repeatedly raised concerns about the dogs to both the police and the RSPCA. WARNING: GRAPHIC CONTENT . Injuries: Postman Keith Chadwick, 36, from Accrington, was attacked by two Staffordshire bull terriersafter he went to complain about a neighbour\'s loud music . Aftermath: The postman is said to have nearly lost an eye and will require plastic surgery following the attack . He been facing an early start the next day when he went next door to complain. His 16-year-old son desperately tried to haul the dogs off his father. The dogs were seized and the neighbour, 21, arrested and bailed on suspicion of having dogs dangerously out of control in Accrington, Lancs. Mr Chadwick had repeatedly raised concerns about the dogs with both the police and the RSPCA, his family say. His wife Kelly Chadwick, 34, said her husband had thought he was going to die\' and said he was \'very lucky to be alive\' but will be left permanently scarred for the rest of his life. Mr Chadwick, pictured on holiday with his wife Kelly, is understood to have been facing an early start when he went round to complain to his neighbour about the music . She said the incident has been an \'absolute nightmare\' and that he will have to live with the injuries \'for the rest of his life\'. The mother-of-three said: \'He said to me ""I thought I was going to die, I thought I was gone"". \'He will have a permanent scar from his eyebrow to his nose and we don\'t know about skin grafts yet. \'He\'s going to have to live with this for the rest of his life and the children will have to see it too. \'He was an absolute mess. I have never seen anything like it in my entire life. It proper shocked me. \'I could hear him shouting ""get the dogs off my face"". The dogs had got hold of his knee in a locked jaw. \'That\'s when my girls came out and I quickly got them inside. I was very concerned the dogs would go for them. I was quite hysterical at this point. \'I phoned my mum straight away screaming for them to help me and the kids. We just can\'t comprehend everything that\'s happened.\' Wounds: The postman\xa0had repeated raised concerns about the dogs with both the police and the RSPCA, his family say . Extensive: The postman was bitten\xa0was bitten on the face, leg and side of the body during the attack . Mrs Chawick, who has been together with her husband for 18 years and married for eight years, said he will remain in hospital for the next 48 hours to check and prevent infection and could need future cosmetic surgery. She said: \'He\'s out of surgery and was in there for about four hours last night with the face and orthopedic surgeons. The facial injury goes from the top of his eyebrow down to his nose. \'Because it is so close to his eyelid they can\'t do much more. He will probably have a droopy eye. \'He has not been able to walk since this happened as he\'s had physiotherapy today to help him to walk on crutches. His knee is really swollen and he can\'t put any weight on it at all. \'There is no actual']","[""Postman 'nearly lost an eye' after being savaged by two dogs .\nHis wife said he thought he was going to die and will be scarred for life .\nHe was in surgery for four hours and will require further plastic surgery .\nHe had 'repeatedly raised concerns about the dogs to police and RSPCA'\nDogs' owner arrested and the animals have been seized by police .""]","[""Keith Chadwick, 36, was bitten in head and body after complaining of neighbour's music .\nDarren had severe head injuries and the threatening injuries raise concerns .\nHe was taken for four hours before walking to safety unscathed .\nNeighbour was arrested and 22 men on bail led to the arrest .""]",1,0.36974789915966383,0.10256410256410256,0.23529411764705882
"[""Lara Fernandes-Pontes was knocked down by a Land Rover after she dashed out into the road to get a paddling pool for a friend's party . A six-year-old girl was knocked down and killed after she ran across the street to retrieve a paddling pool for a friend's birthday party, a coroner heard today. 'Happy' schoolgirl Lara Fernandes-Pontes was being dropped off at a classmate's party by her parents when the tragic accident occurred. The excited youngster had just arrived at her friend's house when she remembered she had left a small paddling pool in the boot of her father's car parked across the road. She dashed out between two parked cars to get it and was struck by a Land Rover Discovery in South Oxhey last July, Hertfordshire Coroners' Court heard today. The driver, who had been making his way down the narrow street at a slow speed, would have had 'no chance' of stopping before he hit Lara, the hearing was told. She was airlifted to nearby Watford General Hospital but doctors could find no signs of life and she was pronounced dead. Her parents were visibly shaken as the inquest was told forensic police investigators found scuff marks on the bumper of the Land Rover where it had struck Lara's head. Coroner for Hertfordshire, Edward Thomas, said: 'Mum said they had been at Hayling Road dropping Lara off at a party and dad had parked opposite the address. 'Lara and mum had alighted and crossed the road. As they approached the door Lara remembered she had forgotten a small paddling pool in the boot of the car - it was obviously a swimming party and she turned and ran back across to get it. That's when she was struck by the car. 'Obviously she was so looking forward to the party, she was so excited and she wasn't concentrating properly when this tragedy occurred. 'I'm sure that Lara died instantly. I have received various reports about Lara including her medical records. She seems to have been really healthy and well cared for. She was a very happy girl and you can tell that she was a very happy, very well looked after, very well cared for girl. 'She was going to a birthday party, the excitement children have going to birthday parties. She must have really been looking forward to that birthday party. Here we have a really healthy, young girl who was going to a birthday party. 'She died of a traumatic head injury and that's why she would have felt nothing whatsoever. She would have died at that moment, the instant it happened and there's nothing anybody could have done to save her. 'A lot of people tried their very, very best but the injuries she suffered were too severe.' Police constable Anthony Winter told the hearing in Hatfield, Hertfordshire, that the driver would have had around one second between seeing Lara and hitting her. He said that the Land Rover Discovery IV had been driving at between 14mph and 16mph at the time of the accident, and that Lara was so short the male driver would not have seen her above his bonnet at the point of impact. The six-year old ran out between two parked cars to get the paddling pool and was struck by a Land Rover Discovery in South Oxhey (pictured) last July . 'The driver had about one second to react by the time he saw Lara. You've got to see what's happening, think what you're going to do and then do it. With such a low distance and such a short time there's nothing he could have done about it.' The tragedy unfolded in South Oxhey, Hertfordshire, on July 13 last year. Coroner Mr Thomas said: 'This was an area of parked cars. The driver""]","[""Lara\xa0Fernandes-Ponteswas on the way to a party when  hit by Land Rover .\nShe was being dropped off by her parents when\xa0remembered\xa0the pool .\nThe six-year-old had dashed across the road to get it for the birthday party .\nCoroner said driver of car had 'no chance' of stopping before he hit her .""]","['Lara Fernandes-Pontes, six, dropped off at party .\nLocked up from her car to get a paddling pool .\nLand Rover Discovery IV hit Lara by car in South Oxhey last July .\nAirlifted to nearby Watford General Hospital but she could not walk by incident .\nShe died instantly after being struck but she had suffered head injuries .']",1,0.39316239316239315,0.10434782608695653,0.18803418803418803
"[""An Air Canada plane made an abrupt landing and left the runway at the Halifax airport in bad weather, but there were no immediate reports of injuries, authorities said early Sunday. The airline said all passengers with Flight AC624 from Toronto left the plane and went to the terminal. Halifax Airport said there were no injuries reported. An Air Canada plane went off the runway at the Halifax airport early Sunday (file photo above) The airline said a preliminary count indicated 132 passengers and five crew members. Flight tracking service FlightAware showed that the plane is an AirbusA320, which has typical seating for 150. Power at the airport was briefly knocked out, but Nova Scotia Power said they had since restored it. The cause of the outage was not yet clear. The Halifax region is currently under a snowfall warning, with an Environment Canada alert saying, 'Visibility may be suddenly reduced at times in heavy snow.' Another flight tracking site, Flightradar24, listed several cancelled flights at the airport Sunday morning.""]","['An Air Canada plane went off the runway at the Halifax airport early Sunday .\nIn the process all the power was knocked out at the airport .\nPower has since been restored, and there were no reported injuries .']","['The Airbus A320 was travelling at 132 passengers and five crew .\nThey heard shortly from the runway that the plane landed safely .\nThe plane landed overnight at the major airport in Halifax, Nova Canada .\nThe flight over the Atlantic hit the flyover in East Sussex .']",1,0.38202247191011235,0.045977011494252866,0.2247191011235955
"['(CNN)All you need is luck, to misquote one of Liverpool\'s most famous exports, The Beatles. But Liverpool\'s footballers won\'t mind one bit that a fortunate goal sealed a vital win at Swansea to set up a pivotal clash with Manchester United at the weekend. One of English soccer\'s biggest rivalries is renewed on Sunday with vital points at stake in the race for a place in next season\'s European Champions League. Jordan Henderson knew little about his winner in Wales, the ball flying in after Jordi Amat\'s clearance struck him, but it helped make it seven wins out of eight for the Reds. A sixth consecutive clean sheet away from home pulled it within two points of Manchester United in fourth, with just four points separating Liverpool from Manchester City in second. ""It\'s a great result,"" Henderson told Sky Sports. ""The first half was disappointing but I felt as though we did better in second half, passed the ball and created a few chances. ""It was a great pass by Daniel, I got a little fortunate with the finish but you\'ve got to be in the right position to score. ""Overall we\'re delighted with three points and we now look forward to Sunday. We can\'t wait for it, we are high on confidence and have great momentum but United played well the other day. ""It\'ll be a tough one but at Anfield we go in confident and hopefully we\'ll get the result we need."" In a lackluster start, Daniel Sturridge dragged a shot wide of post for Liverpool before England international Adam Lallana fired a fierce half-volley right at Swansea goalkeeper Lukasz Fabianski. From then on Swansea asserted control. Martin Skrtel had to be alert to clear as Swansea\'s French striker Bafetimbi Gomis -- starting for the first time since collapsing on the pitch at Tottenham earlier this month -- headed at goal. Gomis then played a neat one-two with Wayne Routledge before forcing Liverpool goalkeeper Simon Mignolet into a fine low save. Next to threaten Liverpool\'s net was Iceland international Gylfi Sigurdsson, whose effort was arrowing for the top corner before Mignolet intervened. Just before halftime Jonjo Shelvey, a former Liverpool player, went close with a shot from a right wing corner that was deflected wide by Alberto Moreno. But having had a chance to regroup, Liverpool came out galvanized after the break and were soon on the front foot. First Fabianski made a brilliant save to keep out Philippe Coutinho\'s near post effort before the Pole was then in action again to deny Joe Allen. Though Liverpool were in the ascendency, its opening goal was down to a stroke of luck. As Henderson galloped onto a through ball Swansea\'s Spanish defender Amat got there first, but his clearance ricocheted off the Liverpool player and into the net past Fabianski. From then on Liverpool did a fine job of squeezing the life out of the game and playing on the counter, striker Daniel Sturridge hitting the post late on as Swansea left gaps at the back. Reading seal Wembley berth . In the FA Cup -- England\'s premier cup competition -- second tier Reading sealed a trip to Wembley to face Arsenal in the final four after beating Bradford 3-0. Goals from Hal Robson-Kanu and Garath McCleary inside nine minutes punished third tier Bradford, before Jamie Mackie added a third in the closing stages. Reading will face Arsenal in April while the other semifinal sees Aston Villa play either Liverpool or Blackburn, who meet in a replay.']","[""Liverpool beats Swansea 1-0 in the English Premier League on Monday night .\nA fortunate goal from Liverpool's Jordan Henderson settles matters in Wales .\nBrendan Rogers' side moves within two points of Manchester United in fourth spot .\nLiverpool extend good run to seven wins from its last eight EPL matches .""]","[""Seven wins out of eight in a crucial clash at the weekend .\nA win sets up a clash with United to secure place in English Champions League .\nLeicester City seal trip to Wembley to face Arsenal in the league semi-finals .\nBlackburn will play Arsenal in April's FA Cup semifinal .\nLiverpool and Manchester City draw in the semi-finals against Blackburn .\nSecond tier Reading beat Bradford 3-0 in England's premier cup .""]",1,0.3125,0.06349206349206349,0.171875
"['Nick Clegg will pledge that his party will bring forward plans to decriminalise possession of drugs . Nick Clegg will today press ahead with plans to decriminalise possession of all drugs – despite charities warning the move will wreck thousands of lives. The Lib Dem leader is to pledge that his party will bring forward plans to ensure those caught with drugs for ‘personal use’ will no longer face criminal prosecution. Instead, the maximum penalty would be a fine. The move covers the powerful ‘skunk’ strain of cannabis and hard drugs such as crack cocaine and heroin, as well as ‘soft’ drugs including marijuana and amphetamines. Mr Clegg will use a joint event with Virgin boss and long-time pro-drugs campaigner Sir Richard Branson today to claim that the move will spare thousands of young people a criminal record. But experts last night condemned the move, saying it will push thousands of youngsters into addiction and mental health problems. A poll of 100 charities by the Centre for Social Justice found that 69 per cent of charities in the field would be concerned if the Government decriminalised cannabis. More than half – 56 per cent – said cannabis use would increase if its use was decriminalised. Christian Guy, the think tank’s director, said: ‘Drug addiction is ripping Britain’s poorest communities apart. Our network of 300 front-line charities sees this on a daily basis. Many are right to be worried that liberalising cannabis laws will lead to more people taking drugs and developing harder use. ‘Politicians need to listen to these experts. They are the people who witness the devastating impact of drugs in our poorest neighbourhoods day in, day out.’ Mary Brett, a trustee of the charity Cannabis Skunk Sense, said there was a ‘severe contradiction’ between the policy and Mr Clegg’s concern for mental health. She said: ‘Nick Clegg demonstrates complete ignorance of the facts on drugs like cannabis and skunk. There is overwhelming evidence of a link between skunk and mental health problems like psychosis and schizophrenia. ‘If you decriminalise or legalise drugs then children will think it is okay to do, that it is safe. It is deeply irresponsible.’ Mr Clegg will use a joint event with Virgin boss and long-time pro-drugs campaigner Sir Richard Branson to claim that the move will spare thousands of young people a criminal record . Mr Clegg’s intervention comes weeks after a major academic study found that use of powerful skunk cannabis trebled the risk of having a psychotic episode. Under the Lib Dem proposals – which have been vetoed by David Cameron in government – drug users would no longer face prosecution if caught carrying drugs deemed to be for personal use. The maximum penalty would be a fine, with no criminal record. Persistent drug users would be referred for treatment or put on education programmes. A spokesman for Mr Clegg said the Deputy Prime Minister believed drugs should be treated as a ‘health issue, rather than a criminal justice issue’. ‘Nick is anti-drugs,’ he said. ‘But just throwing people into the criminal justice system isn’t working – skunk use is going up.’ Mr Clegg speaks during a visit to church in 2010 after revealing he is no longer an atheist . He had seemed happy to be considered an atheist. But it appears Nick Clegg has had a change of heart – and admitted he is warming to God. The Liberal Democrat leader yesterday spoke of the ‘great joy’ he experiences when attending Mass with his Catholic wife Miriam. He told Premier Christian Radio he was now uncomfortable being labelled as an atheist. ‘I now accompany Miriam and the children, and do so with great joy']","[""Nick Clegg will  bring forward plans at event with Richard Branson today .\nHe'll say those caught with drugs will not be prosecuted but face a fine .\nMove covers powerful 'skunk' strain of cannabis, crack cocaine and heroin .\nExperts condemned move, saying it will push thousands into addiction .""]","[""Party will press ahead with plans for possession of drugs and cannabis .\n‘Unpredict' policy will damage thousands of lives for lack of current laws, says Mr Clegg .\nCharities condemns ‘alvarication of health issues’\nMr Clegg will unveil new drug laws to crackdown on drunken driving and street corners .\nOfficials in the public sector must now hold ‘remendice of’ MPs to decide whether a repeat of the offence can be made by peers .\nA Nick Clegg spokesman says it would be significant .\nA National Theological Society spokesman and Michael Gove science board ‘discrimination’ panel have said anyone who has got the idea of homophobia should no longer have to play trial psychologist about it. Just that the public should 'consultants beware'\nA woman has appealed for ‘advice’ for a bottle of champagne on Christmas Day ‘and I took four out of it’\nThe £430,000 home mortgage ‘for a generation isunsustainable’ .\nAlmost all patients will now be 'registered drug dealers' to no longer go to because they now get powers to run pharmaceutical firms .\nA communications manager with the British Government said there was no extra""]",1,0.15702479338842976,0.016666666666666666,0.09090909090909091
"['(CNN)Tampa police have arrested a pair of teenagers in last week\'s shooting of a young pit bull mix that was left for dead. The 17-year-olds face aggravated animal cruelty and armed trespassing charges after tying the hound, now named Cabela, to railroad tracks and shooting her multiple times. Surveillance video from the area showed a group of individuals walking the dog along the tracks in the city\'s Sulphur Springs neighborhood before later running away, said Detective Patrick Messmer. Neighbors heard gunshots and police were called. Cabela was purchased to be used in dog fighting, but she wasn\'t any good at it so they wanted to get rid of her, according to Messmer. ""This appears to be an isolated incident,"" he said.  ""It doesn\'t appear that there was a large amount of dog fighting that goes on in the neighborhood."" On March 5, police found Cabela tightly tied to the tracks and shot three times -- twice in the neck and once in the shoulder. ""Nothing gets you ready ... to see a dog -- a helpless animal -- tied so tight to a railroad track around the neck that it\'s literally pinned down,"" said Sgt. Rich Mills, who freed her. ""She was literally pinned down. She could not get away even if she tried."" Once freed, Mills rushed Cabela to Tampa Bay Veterinary Emergency Center. Initially, it was thought the young dog would have to her right front leg amputated because the damage was so severe, but a metal rod was inserted and she\'s recovering. In fact, Cabela\'s already walking on her repaired leg. Rehabilitation will take four to six weeks, according to Dr. Jamie Davidson. Breaking: an arrest made in case of Cabela-dog shot and tied to tracks-more info at 9:30 p.m- @TBVES @TampaPD pic.twitter.com/FDWN0uvSE9 . Donations started pouring in once word of the injured pup got out. ""A little overwhelming, but really touching that so many strangers were willing to help Cabela, from all around the world,"" said Davidson.  Donations have ranged from $20 to several hundred dollars and came from as far away as Germany and England. The teens in the case were identified by police from the surveillance video. One of them has a lengthy record and was already known to authorities. Messmer says other arrests are possible.']",['Police found the pup after neighbors heard gunshots .\nCabela is expected to be rehabilitated within 4 to 6 weeks .\nHer treatment cost thousands of dollars .'],"['Teens came to the rescue of dog Cabela shot in the neck and shoulder, shooting her multiple times .\nThe 17-year-old used the dog in dog fight in the past, but was too scared it got fired .\nCabela, now free, is recovering on her paws .']",1,0.24,0.0,0.13333333333333333
"[""British Army tanks could soon be allowed to drive at 40mph again on public roads in England and Wales, it has been revealed. They had been driving at this speed since 1977, until it was realised 18 months ago that defence chiefs had wrongly assumed they were exempt from laws restricting tracked vehicles to 20mph. The top speed was therefore halved to 20mph in October 2013 to comply with the 1984 Road Traffic Regulation Act, but the Department for Transport is now proposing to put it back to 40mph. New limit?\xa0Armoured tracked vehicles had been driving at 40mph since 1977, until it was realised 18 months ago that defence chiefs had wrongly assumed they were exempt from road traffic laws (file picture) Ministers are worried that the 20mph limit is causing more congestion and raising possible safety concerns, as well as preventing proper training of tank crews to operate safely on public roads. They also believe travelling at slow speeds increases the vibrations of some tanks which can harm the health of crews over long periods, as well as causing wear and tear on roads and the vehicles. The DfT, which is now consulting on plans to raise the limit, added that actual operating speeds would still depend on careful risk assessments by the military and specific vehicle capabilities. Tracked vehicles such as the AS90 self-propelled gun and Stormer missile carrier can often be seen on rural roads close to army firing ranges in Wiltshire, Dorset and Pembrokeshire. A DfT spokesman said: ‘The plans under consultation will help address congestion that can be created by slow-moving vehicles on faster roads. ‘Increasing the maximum speed limit to 40mph will also reduce costs of higher fuel consumption and the time taken for training and testing when vehicles are limited to 20mph.’ Frequent sight: Tracked vehicles can often be seen on rural roads close to army firing ranges in Dorset, Pembrokeshire and Wiltshire - where a Challenger tank at Salisbury Plain is pictured in this file image . The consultation runs until April 24. RAC Foundation director Professor Stephen Glaister said: ‘It seems our armed forces need more practice at, literally, rapid deployment. ‘With troops now out of Afghanistan it makes you wonder what target military chiefs are eyeing up next?’ He added: ‘But tank commanders should beware. While they will theoretically be allowed to go faster, congestion might mean they never get near the limit as they are stuck in the same jams as the rest of Britain's 38 million drivers. ‘But at least they'll be in the right vehicles to tackle the potholes that blight the road network.’ The consultation was published last Friday by transport minister Robert Goodwill and Philip Dunne, the defence equipment minister. Last week London Mayor Boris Johnson outlined eight locations in the capital where 20mph speed limits could be introduced, with more possibly following.""]","['Armoured tracked vehicles had been driving at up to 40mph since 1977 .\nBut it emerged in 2013 they were not exempt from tracked vehicle laws .\nLimit was then halved to 20mph, but DfT now wants to raise it to 40mph .\nMinisters believe 20mph limit is causing congestion and health concerns .']","[""British Army tankers went between 1977 and 1997 doing 40mph in the 21st century alone .\nThey were dropped because they were wrongly exempt from road traffic laws .\nBut Transport now wants to rein in 20mph limit to 40mph .\nMinisters fear the limits are causing congestion, stress and more traffic .\nTracked trucks far beyond military speed limits are seen at a town centre and range range in Cheshire and Hampshire .\nPersonnel firearm tanks also keep clogging highways and roads .\nMinisters are concerned they could get stuck in traffic jams .\nHowever, a report by a senior defence set-up tank chiefs said they will be willing to operate at\xa020mph again .\nDepartment of transport blames delays for the slowing of fire tankings from 2009 onwards .\nThe Foreign Ministry tank commissioned to show the tanks - commissioned prior to the 20mph cut - had already told Defence that the tanks would not raise enough time for troops to get the ones as roads slow.\n\nThey backed armoured vehicles and said that they would be looking to local authority to provide green light that back up energy into drivers – if armoured vehicles could operate in these conditions. But road engineer Peter Lomersh said this meant that the Army tanks are over-fed and are using them to cause congestion and threaten safety.\nMr Lomersh, who said that tanks are well behaved, said public roads shouldn't come at a cost of £69 in order for training - the road capacity of our roads is met by petrol costs, so the large firms can't afford to make the difference.\nThe tank tankers are not even feeling the strain of congestion. This is despite risks known to drivers.\nDepartment of Transport traffic experts say 30s to 20 halved far more likely than double the speed limit - a review last year also revealed the speed and additional cost.\nDefence officials also revealed they are prepared to provide a four-elez-and-a-half £5 million to train tankers.\n‘The Government did not buy the contract for the tankers without sending an expert set-up instead.’""]",1,0.18765432098765433,0.054590570719602986,0.09382716049382717
"[""Angry parents alerted police after spotting a small drone hovering over homes and following their children home from school. Grandmother Patricia Bailey-Ruiz, of Alaska, said she spotted the drone flying above her while she was standing in the driveway with her granddaughter, two, on Tuesday. After other parents and school children also mentioned seeing the drone, Bailey alerted police, who told the parents the man operating the drone is not breaking any laws. Parents were angry after a drone was seen hovering near their homes and following complaints from their children that it followed them home from school (above file photo of the DJI Inspire Quadcopter drone) Anchorage police said the man told them he was flying his $3,400 DJI Inspire Quadcopter drone as practice for an impending business venture, according to\xa0Alaska Dispatch News. The man, who has not been identified, denied claims that he followed children or flew low enough to peer into people's homes with the drone's camera. He also said other drones operate in the area. When they responded to complaints, police told the man to respect other people's privacy and to stop flying the drone near the school, Eagle River Elementary, and also near the children. As he formerly flew drones for the military and was curious about the capabilities of civilian models, the drone operator said he would not fly the drone when children were returning home from school. 'There is no state or local law for the misuse of drones,' said Anchorage Police Department spokeswoman Anita Shell. 'Can we prove anything illegal has been done? No.' Bailey-Ruiz, who lives close the school, said she was outside with her grandchildren earlier this week around 3.30pm when the drone flew down in close proximity. She said: 'It came right down to us at the height of the light poles and just hovered there. And it was making a clicking noise and it was shifting around in the sky.' The grandmother said she decided to take action after speaking to a child headed home from school who said the drone followed kids, and had been out for a few days. Authorities told the parents that the law prohibits them from shooting at the drones but that throwing rocks and firing slingshots were within their rights, according to\xa0KTUU. The man, who was concerned about residents damaging his drone, was advised to avoid flying it over people's property to protect it from potential risks of damage. The man, who has not been identified, denied claims that he followed children with his drone and said he used to fly the device for the military (above Eagle River Elementary School) He was not charged or arrested following the incident. 'He wasn't committing a crime,' said Shell. 'There wasn't anything we could do but advise him of the neighbors' concerns about following children home or flying near windows.' Since the operator was warned, parents said when they saw the drone on Wednesday, it was not following students and was high up above the school. Shell said there has not been any complaints regarding him and his drone. The Federal Aviation Administration has estimated that there could be at least 7,500 civilian drone users in the next four years. While drone operation is banned for commercial purposes, there are few regulations for private drone use. However, current guidelines advise operators to fly the devices at a safe height away from crowds and airports. As for state regulations, operators are only banned from using drones for hunting or to locate animals while preparing for a hunt. The FAA is conducting an investigation into the incident in Eagle River, and are also working on rules for civilian drone use.""]","['Grandmother Patricia Bailey-Ruiz, of Alaska, first spotted the drone flying above her home while standing in the driveway on Tuesday .\nStudents from Eagle River Elementary School said drone was following them and had been out for a few days .\nDrone operator, a man who has not been identified, denied following students with his $3,400 DJI Inspire Quadcopter device .']","[""Second grandmother, two, spotted contraption in backyard, prompting police to spot the complaint .\nPolice said the small UAV has no laws and cannot be used for assisting the children .\nMan, believed to be a civilian, flew nearby, triggering the complaint .\nAuthorities said it was the culmination of a three other complaints in the area .\nParents worried that their toys might be used in helicopters to set up surveillance cameras to monitor family behavior .\nThe man, who was operating the Eagle River Elementary school, said he is legal and would not even fly his drone or not to harm parents who live nearby or concerned about his safety .\nOfficials say no state law says drones can't be used to hinder their children's movements .""]",1,0.23157894736842105,0.03191489361702128,0.14736842105263157
"[""Henry Slade enjoys a challenge. The lavishly gifted Exeter threequarter has already overcome more hurdles than many encounter in a lifetime. Stand his ground with troubled foster children? Naturally. Ignore advice from coaches that he was too small for rugby as a teenager? Absolutely. Battle Type 1 diabetes to forge a burgeoning professional rugby career? No problem.Outshine Jonny Wilkinson on his first European appearance? By a distance.Be included as the wild card in Stuart Lancaster's World Cup squad? Just maybe. Exeter playmaker Henry Slade (right) is being touted as a potential wildcard for England's World Cup squad . The 22-year-old has been in superb form for Exeter this season and could slot in nicely in the England set-up . For his many talents, Slade, 22, named Aviva Premiership player of the month for March, remains humble, grounded and reluctant to talk up his World Cup prospects. But his consistently high-quality displays in the Exeter midfield are making his case hard to ignore. The only player name-checked by Lancaster as a possible World Cup bolter after impressing on attachment to the squad during the Six Nations, the lithe left-footer from Plymouth has been told he will definitely feature in England's pre-World Cup camp where he can stake a claim for inclusion. Many believe he could yet prove England's missing midfield link as a physically robust, footballing 12 of enormous potential. 'It's nice to have that knowledge that I'll be there and have a chance to stake my claim,' he said. 'Everyone likes to feel they're ready for that next step. I feel I'm capable but it's not up to me. It doesn't get any bigger than a home World Cup and of course I'd love to be involved. Who wouldn't? But I realise I'm still some way down the pecking order and have plenty to do.' Slade's humility is evident as we sit and talk in Sandy Park's main stand enjoying the milky Devonian spring sunshine. On the field, he has more of a strut; confident in his skills and sure of his intent. A first international cap is a matter of when, not if. But just like the Exeter club he joined as a teenager, Slade refuses to get carried away by success. He is wise beyond his years, having lived with diabetes since a chance diagnosis at the age of 18. Standing up for his younger brothers when his parents took on foster children also opened his eyes to a world beyond the rugby field. 'Mum used to own a hairdressing salon but sold it when she had kids and became a respite foster carer instead,' he said. 'It puts things in perspective seeing kids my age who'd had such difficult upbringings or had been taken away from their parents because they weren't fit to look after them. It's not nice. 'When they started kicking off you'd have to stop them but I'd always try to take a minute to sit back and think, 'Bloody hell, they've had it tough' and think about why they'd be reacting in that way. It was a pretty good life experience.' Slade has overcome many challenges in his career, including diagnosis with Type 1 diabetes aged 18 . A less welcome experience has been the daily injections of insulin and regular blood tests required to check his blood sugar is not at dangerous levels. Typically, Slade considers his glass half full, not half empty. 'Getting the diagnosis at 18 was pretty tough to take,' he said. 'My dad had it as well so I knew how it would affect my life and how organised I was going to have to be. Still, while the other lads get their supplements and beetroot shakes before a match I get""]","[""Exeter's Henry Slade is being touted as a potential wildcard for Stuart Lancaster's World Cup squad .\nThe 22-year-old has been in superb form for his club this season .\nSlade was named Aviva Premiership player of the month for March .\nHe has overcome a number of hurdles in his career, including Type 1 diabetes .""]","['Exeter centre star Slade being touted as a potential World Cup bolter .\nSlade is said to be included as a\xa0wildcard in the England squad in the build-up .\nThe only player name-checked Slade in Twicken was 22-year-oldThe 21-year-old wants to quit the union and the league this summer due to illness .\nSolo-spaw wants to be able play for Bath, Tostock, Brookes, Severness and Ipswich in the future .\nHe knows his World Cup opportunity is his World Cup opportunity .']",1,0.39999999999999997,0.13043478260869565,0.28571428571428575
"[""Photographer Reuben Krabbe had been dreaming of capturing the Northern Lights for four years. He finally persuaded a group of skier friends to join him on a risky mission to ski down the snow-capped Tombstone Mountains, in Canada, as the spectacular show glimmered above them. Krabbe and friends, Tobin Seagel, Dave Gheriani, and Joel Jacques, travelled for six days to reach Tombstone Territorial Park in Yukon, braving avalanches and sub zero temperatures. The off-piste skiing location boasts some of the best views of the Northern Lights in Canada. Scroll down for video . Spectacular slalom:\xa0Professional ski and mountain bike photographer Reuben Krabbe, 24, travelled with three friends to take pictures of the mystical display . Temperatures at night reached -33 degrees Celsius, but that did not discourage the adventurous group from carrying on with their six day mission . The off-piste skiing location boasts some of the best views of the Northern Lights in Canada, which Krabbe described as 'mesmerising' When the group started the journey to the 1,500ft mountains, they encountered temperatures dropping to a freezing -33 degrees Celsius. They were unperturbed, and remained dedicated to their mission to slalom under the natural light show. Professional ski and mountain bike photogragher Reuben Krabbe, 24, said: 'We all wanted to make the trip happen, and Tobin and I had talked about trying to capture the single photograph of the Northern Lights and a skier. 'We spent a total of six days on the slopes, from leaving our truck to arriving back at it. 'The moment was very unusual and mesmerising. 'It was difficult to concentrate on a specific task when such a beautiful thing is happening above you.' The photographer has been skiing since his parents taught him at the age of four, and it has since become a massive part of his life. All the skiing conditions on the mission were off-piste, and in avalanche conditions, up the high mountains. The team braved avalanche and harsh weather conditions but Krabbe fulfilled his four-year wish to capture the Northern Lights in Canada . Friends Tobin Seagel, Dave Gheriani, and Joel Jacques spent six days with Krabbe traversing the Tombstone Territorial Park in Yukon, Canada . To witness the natural disco in its magnificence, you have to head north towards the Arctic, above latitude 60 degrees . The cause of the stunning Northern Lights is solar wind interacting with the Earth's magnetic field, creating the  beautiful, natural light show. The electrically charged particles are drawn to the Earth's poles and their colours are a result of the different gases in the atmosphere. In the northern hemisphere they are known as the aurora borealis, and many tourists flock to witness the ethereal display, despite the often high cost and cold temperatures. The mysterious show also occurs in the southern hemisphere, the aurora australis, its main audience being the penguins. Krabbe said: 'I love to create images that last in a person's head, and I think about it for a long time before I capture it. 'So, a single shot like the northern lights will always be special.' The Northern Lights are caused by solar wind interacting with the Earth's magnetic field, creating the  beautiful  light show . The skiers spent a total of six days on the slopes, braving sub-zero temperatures to view the Northern Lights in action . Krabbe\xa0said: 'I love to create images that last in a person's head, and I think about it for a long time before I capture it.'So, a single shot like the northern lights will always""]","['Photographer Reuben Krabbe, 25, and friends, skied off-piste under the spectacular natural lights display .\nThey slalomed down the 1,500ft\xa0Tombstone Mountains in Canada in dangerous avalanche conditions .\nThe mystical display was captured against the snow-capped mountains in a series of stunning photographs .']","[""Photographer Reuben Krabbe wanted to to capture incredible sights in Canada .\nHe was confided by a group following failed attempts to capture the magnificent lights .\nFriend, 24, was\xa0undoubtedly\xa0qualified to take  the spectacular pictures .\nThey feature undistsalled cliff-blond show and solar wind .\nSkiers had to endure sub-zero temperatures to braved extreme conditions .\n'It is the latest to go why\xa0the aurora Borealis\xa0is one of the most beautiful sights on the planet'\nIs Krabbe distraught, after being asked to enjoy the photo and skiing safety from outside to take in a person's perspective .\nHe was asked to just take 'a quick tour of each one and dip into which looks best on each camera'\nThe group called him from his room for\xa020 minutes, turned around and left them .""]",1,0.21978021978021975,0.06666666666666667,0.15384615384615383
"[""Blackburn Rovers manager Gary Bowyer has dismissed suggestions that striker Jordan Rhodes could leave. Championship promotion hopefuls Derby County and Norwich are keen to take Rhodes on loan with view to a permanent £8million transfer should they go up. Nottingham Forest and Sheffield Wednesday are interested in a similar deal. The 25-year-old Scotland international has scored 13 goals this season but has not been a regular starter and was on the bench for Sunday's 0-0 FA Cup quarter-final draw at Liverpool. Blackburn striker Jordan Rhodes will not be leaving Ewood Park to join a Championship rival . Rhodes (centre) was left on the subs' bench for the duration of Blackburn's FA Cup match against Liverpool . 'I don't understand why we'd want to even consider loaning one of our players to rivals,' said Bowyer. 'I think it's come out of possibly that he wasn't involved in the starting 11 on Sunday. 'We've had plenty of chats, of course we have,' added Bowyer. 'But he's starting on Wednesday against Bolton and we're looking forward to him scoring like he did last week at Sheffield Wednesday. 'It's simple. We've got 11 league games left and a Cup quarter-final with a potential visit to Wembley. 'Why we would want to be letting any of our players go at this stage is beyond me.' Blackburn, who are 14 points off sixth place, rejected a £12m proposal from Hull City last year but posted debts of £79.8m and are under a transfer embargo for failing to comply with FFP rules. Gary Bowyer has ruled out the possibility of Rhodes leaving the club before the end of the season .""]",['Jordan Rhodes has been linked with a loan move away from Ewood Park .\nDerby and Norwich are  keen on signing Rhodes to boost promotion hopes .\nGary Bowyer has ruled out the possibility of Rhodes leaving the club .'],"['Blackpool and Derby have ruled Jordan Rhodes could leave the Championship .\nDerby County signed the Adam Johnson loanee for £30million from Sheffield Wednesday .\nBlackburn, Norwich and Sheffield Wednesday have not asked for Rhodes on a similar contract .\nBut Scotland international has struggled to be a regular starter for Blackburn .']",1,0.3655913978494624,0.04395604395604396,0.1935483870967742
"['(CNN)I was in Florida last year when I got a call asking me to pose for a calendar. What? A calendar? As in Sports Illustrated swimsuit? Victoria\'s Secret angels? Cover girls. Pinups. Movie stars. Glam. I agreed, and now I am Ms. December. But it isn\'t quite what you think. The caller on the other end that day was Patti Tripathi. She was an anchor at CNN Headline News at a time when there were few Indian-American women in high-profile media jobs. Tripathi has her own media company now, but more recently she launched a nonprofit called Saris to Suits. She was asking me to help. She began by telling me her story. She was 12 when her family immigrated to the United States. Indian parents often have to save  a lot of money to ensure a good marriage for their daughter. Tripathi said that was a big reason why her family left. We spoke about similar experiences as Indian teenagers in America. She was not allowed to go to the prom or wear shorts, except to play tennis. She had an 8 p.m. curfew and her father expected she would be married soon after college. Tripathi felt like a burden. She did everything she could to stand on her own. And she did. My father was not as stern but he had a hard time watching his little girl become ""Americanized."" I, too, longed to be independent, far more so than was expected of a Bengali girl in the 1970s. At an all-girls convent school in Kolkata, I used to climb up three flights of stairs to reach my classroom. On every landing were oversized portraits of national leaders, most of them Indian. Hundreds of girls in white uniforms made the stampede-like dash up the stairwell. It was impossible to stop but I always looked up when I arrived at Indira Gandhi. There she was, in her trademark white sari and what I thought was a Cruella de Vil slice in her hair. In a nation that valued boys more than girls, I was in awe that we had a female prime minister. Gandhi\'s political career turned out to be less than stellar, but it was 1971 and I was not yet 9 years old. I wanted to grow up to be just like her. Regal. Smart. And most of all, in control of my destiny. I know so many other Indian girls felt the same. We had dreams. Big dreams. We wanted to be someone, do something rewarding with our lives. Yet for so many girls in India, dreams are vanquished by nightmare life scenarios. They are denied education and married off within months of their first period. I have met women who were abducted and forced into prostitution or lived with physically and mentally abusive men. Those problems are not limited to India or the rest of South Asia. They exist in the immigrant communities in the United States, in which abuse and crimes are underreported because of the stigma that still exists. Women are often ashamed to talk about these things. As an Indian-American journalist, I have told stories with hopes of casting light on the world inhabited by many South Asian women. I have mentored girls in my hometown of Kolkata. And always wondered: What else can I do? Some of that desire stems from my own circumstances in life. As a newborn, I was left on the steps of an orphanage in north Kolkata. It happened to be run by an American missionary, Helen Benedict, who happened to meet my adoptive mother at the Indo-American Society. My mother was honing her English speaking skills there. That was in 1962 and my parents were childless after 10 years of marriage. It\'s not hard to guess the rest of']","[""CNN's Moni Basu shares her story of struggle and success as a South Asian woman .\nBasu was featured as part of the Saris for Suits calendar, a tool created to empower women .\nThe Saris for Suits campaign aims to create awareness about violence against women in immigrant communities .""]","['Patti Tripathi says her American father helped her find a mission at her orphanage .\nSaabaniy moved to India to have first marriage .\nIn India, Tripathi guided her at her school .\nBut many early-childhood kids are still abused in their communities .\nPatti Tripathi: In U.S., Indian women are still still abused, and we must think it over .\nShe says women are rarely helped in the U.S. by their nationalities due to the stigma, and abuse in India says it exists .\nBut Saibaniy also says she hopes to develop an awareness campaign of the risks of abusing women and young Indian girls .']",1,0.2278481012658228,0.025641025641025637,0.13924050632911392
"[""It is arguably the most famous road in America, but can Scotland compete with the iconic Route 66 that stretches from Chicago to Los Angeles? In a bid to show visitors what the far north of Scotland has to offer, the North Highland Initiative, backed by Prince Charles, has launched the spectacular North Coast 500 route (NC500), which they hope will become as iconic as the American highway. The stunning touring route will start in the Highland's capital, Inverness, and snake past some of Scotland's impressive coastal and mountain scenery. The coastal route is said to be ideal for drivers, motorcyclists and even walkers who want to discover the far north of Scotland . The North Coast 500 route in Scotland covers over 500 miles of spectacular Scottish scenery, including sights such as the mountains of Suilven and Canisp from Loch Druim Suardalain . Taken from the roadside heading south a couple of miles from the Kylesku Bridge. The NC500 route runs over 500 miles through the Scottish Highlands . Enjoy Brora Beach along the way. You can sometimes see dolphins, minke whales, and grey and common seals off the coastline, which makes it an ideal place for walking and picnics . The coastal NC500 route has been created to showcase what the far north of Scotland has to offer, including local food, drink, accommodation and activities . It is hoped the 500-mile route will also help to showcase local food, drink, accommodation, culture, heritage and outdoor and adventure activities. Unmissable sights along the road include mountain ranges, Ben Hope and Suilven, the fairytale grand castle, Dunrobin, the Ardvreck castle ruins and the breathtaking Achmelvich and Dornoch beaches. The route can be completed in a long weekend, or over several weeks on a more leisurely schedule and can be explored as a loop or in part. Dunrobin Castle has 189 rooms, making it the largest in the northern Highlands. Its origins lie in the Middle Ages, but most of the present building and the gardens was added by Sir Charles Barry between 1835 and 1850. It is located on the NC500\xa01 mile north of Golspie . Ardvreck Castle is a ruined castle dating from the 16th century which stands on a rocky promontory jutting out into Loch Assynt in Sutherland, north west Highland, Scotland . Stop off at the beautiful Achmelvich Bay on your driving, cycling or walking tour . NHI chairman David Whiteford said: 'NC500 is one of the most exciting and innovative developments for tourism in the north Highlands for some time. Across the globe, touring routes have become famous and often the very reason for visitors making the journey to that country. 'We have, in the North Highlands, an opportunity to create a globally significant route that captures the essence of the wonderful landscapes and seascapes, people, stories, culture, history, adventures, food and drink and much more.' Mike Cantlay, chairman of VisitScotland said: 'There really is nothing quite like the open road, and this particular route really does take in some of the most picturesque parts of our beautiful country. People travel from all over the world for Route 66, and with our scenery, there's no reason why the North Coast 500 can't prove to be just as popular. 'You never know, at the end of the 500 miles, visitors might just be tempted explore 500 more.' The NC500 route follows the A835 out of Iverness towards the west coast. It then follows the rugged coast line upwards through the north west highlands\xa0across the north edge of mainland Britain and then follows the east coast on the A9 from Britain's most northerly village, John O'Groats, looping back to the""]","['The NC500 is a brand new driving route in the Highlands, promoting its spectacular scenery .\nThe\xa0initiative, backed by Prince Charles, aims to showcase local Scottish food, drink, accommodation and activities .\nKey photographic points include the\xa0mountain ranges, Ben Hope and Suilven, and Dunrobin Castle .']","['Prince Charles supports the North Coast 500 route and the NC500 route .\nIt is hoping it will become as iconic as the American highway .\nThe route will also help to showcase food, drinking, accommodation and heritage .\nThe route is launched in northern Scotland, and includes a spectacular coastal town and mountains .']",1,0.4077669902912621,0.0792079207920792,0.31067961165048535
"[""The soothing tones of Bob Marley drifted through the air at Stamford Bridge as the teams prepared for extra-time. Some were down on their haunches, receiving pellets of information, others flat on their backs receiving muscle rubs. 'Don't Worry 'bout a Thing,' sang Bob. Then Didier Drogba came on. If this were T20 cricket it might have been his theme tune, a special request on his 37th birthday. Why worry? This was all under control. Never in doubt. Someone seemed to be guiding Chelsea on a celestial path into the last eight. Was it Eden Hazard? Thibaut Courtois? Bjorn Kuipers? Bob Marley and the Wailers? Jose Mourinho and the Wailers? Or another other-worldly force. Chelsea players look dejected after being dumped out of the Champions League at home to PSG . Chelsea boss Jose Mourinho looks furious on the touchline after watching his team twice concede a lead . Turned out it was none of them. Turned out there was something to worry about. That something was Paris Saint-Germain, a team with bottle to match their talent. A team which took everything Mourinho could throw their way, scored twice from set-pieces and emerged triumphant. It leaves Chelsea to focus on the Barclays Premier League title. Roman Abramovich looked down from his seat in the West Stand. The Champions League will have to wait for another year. And it leaves English football to contemplate the prospect of no teams in the last eight for the second time in three years. Chelsea can have no complaints. Almost every decision went their way. Still Mourinho had the audacity to shake his head when the fourth official declared two added minutes at the end of extra time. Roman Abramovich looks down from his seat in the West Stand as Chelsea crashed out of Europe . His players left the pitch in scenes reminiscent to the defeat against Barcelona, only this time they would not blame the referee. And it all seemed to be going to plan, When the chaos first descended before half-time, Mourinho snuggled back into his seat alongside Rui Faria in the Chelsea dug-out. A few yards to his right, Laurent Blanc was flapping his arms in despair. On the pitch, David Luiz was in danger of losing control. Story of the game: minute 31, minute 43, minute 58, minute 96, minute 114 as is the fashion at Stamford Bridge. At least, that's how it went on the previous outing, an equally frenzied draw against Burnley, the fall-out of which was still falling out days later. PSG manager Laurent Blanc holds his arms out in the direction of the fourth official as Mourinho looks on . Former Chelsea man David Luiz gestures towards Blues striker Diego Costa during Wednesday's encounter . Here was Mourinho's chaos theory unfolding again. Traps set were stumbled into by PSG, a club still naive to the injustices of this competition in the closing stages, when the teams are so tightly matched, tactics cautious and the importance of decisions by the officials magnified beyond belief. Chelsea learned the hard way over the years but are now among the most seasoned. They break up play, they milk the contact, they circulate the tacklers, they over-react and pressurise the officials. On the side, Jose and the Wailers do their bit. It does not guarantee anything, of course. Not against this calibre of opposition. But every little helps, and their manager understands this better than most. Hence his pre-match posturing and the clear mind to react when the tie tilts and blurs. Edinson Cavani took the ball around Thibaut Courtois (right) but rattled the post with the goal exposed . PSG frontman Cavani reacts""]",['Chelsea out of the Champions League after away goals defeat by PSG .\nZlatan Ibrahimovic was given a straight red card for a foul on Oscar .\nGary Cahill opened the scoring for Chelsea before David Luiz equalised .\nEden Hazard scored from the penalty spot following Thiago Silva handball .\nBrazilian defender made amends with header six minutes from the end .'],"['Chelsea drop points after Paris Saint-Germain goals in extra-time .\nCourtois was in the second half after a poor move by Abramovich first half .\nTerry and Sir Terry Terry were on the ground, but Diego Costa scored .\nChelsea go 12th place after Manchester City beat Juventus to play PSG .\nExtra time left Chelsea humiliated in their last Capital One Cup draw with Burnley .\nInformation from PSG was completely under control and neither side could win or take a lead .\nAnd the only mistake we could make was a foul on the referee .\nPalace dropped 2-0 after Chelsea win 2-0 .\nChelsea were wearing a fourth official at one stage .']",1,0.2569832402234637,0.033898305084745756,0.16759776536312848
"[""Holders Bayern Munich struck either side of the break to beat second division Eintracht Braunschweig 2-0 on Wednesday and advance to the German Cup quarter-finals. A dazzling free-kick by David Alaba on the stroke of halftime and Mario Gotze's solo effort in the 57th minute were enough for Bayern, who were in control but never needed to hit top form against their toothless visitors. The Bavarians, top of the Bundesliga and chasing another domestic double, were up against a gutsy Braunschweig defence, with winger Franck Ribery frustrated in the first half by Braunschweig's physical play. David Alaba celebrates scoring during Bayern Munich's win against\xa0Eintracht Braunschweig . Midfielder Mario Gotze scored the German Cup holders' second goal of the evening . Brazilian defender Dante wins a header during the German Cup match on Wednesday evening . Arjen Robben, however, was lucky to be awarded a foul in the 45th minute with minimal contact by the Braunschweig player but it mattered little for Austria international Alaba, who unleashed a ferocious free kick into the top corner. Gotze killed off opposition hopes of a comeback early in the second half before Bayern stepped off the gas, content to protect their lead. Runaway third division leaders Arminia Bielefeld shocked in-form Bundesliga club Werder Bremen 3-1 with two goals from former German youth international Manuel Junglas to seal the biggest upset so far in the German Cup round of 16. The Westphalian club soaked up pressure early in the first half before striking through 26-year-old Junglas in the 32nd minute. Wolfsburg's Timm Klose scores his side's second goal of the evening against Leipzig . Third tier Arminia Bielefeld shocked the in-form Bundesliga side Werder Bremen . Arminia Bielefeld manager Norbert Meier celebrates during his side's surprise victory . Werder, back in European contention after a fine run in the Bundesliga, had control of the game but missed several good scoring opportunities before being punished again when unmarked Sebastian Schuppan tapped in a corner in the 57th minute. Werder captain Clemens Fritz, who was sent off near the end following a second booking, pulled one back but Junglas made sure it was a memorable evening for the former Bundesliga club when he finished off a quick break. VfL Wolfsburg kept their cool against ambitious second division club Leipzig and with a goal in each half from Daniel Caligiuri and Timm Klose they moved into the next round. Borussia Moenchengladbach also progressed with a 2-0 victory over Kickers Offenbach. Last season's finalists Borussia Dortmund, along with Bayer Leverkusen, Hoffenheim and Freiburg, booked their places in the last eight on Tuesday.""]",['Bayern Munich\xa0beat second division side Eintracht Braunschweig .\nThe win hands them a place in the German Cup quarter-finals .\nThird tier Arminia Bielefeld shocked the in-form Werder Bremen .\nWolfsburg kept their cool against ambitious second division club Leipzig .'],"[""Bayern Munich beat second division Eintracht Braunschweig, 2-0 .\nBrazil winner wins 1-0 second leg as they advance to German Cup quarter finals .\nAstia Bielefeld defeat Manuel Junglas to beat Werder Bremen, which finished second place in last round .\nTop of the Bundesliga beat Werder and Wurals and win German Cup .\nDante has scored an own goal in third tier's cup opener against Bayern .\nRealm side Hoffenbach got a place back in the bidding for the final eight .""]",1,0.4,0.13008130081300812,0.256
"[""A review into sexual abuse inside Australia's Nauru detention centre has found evidence of rape, sexual assault and guards trading marijuana for sexual favours from female detainees. The independent review by former integrity commissioner Philip Moss was released on Friday and has uncovered several dozen cases with guards possibly trading drugs for 'sexual favours' on the Pacific island nation. The 86-page report detailed allegations of indecent and physical assault, as well as sexual harassment, at the offshore processing centre. Scroll down for video . A review into sexual abuse inside Australia's Nauru detention centre (pictured) has found evidence of rape, sexual assault and guards trading marijuana for sexual favours from female detainees . The report states that one detainee, who was a mother of two, had asked for a longer shower to which a 'male security guard' agreed, under the condition that the could 'watch a girl or a boy having a shower.' Detainees had previously complained that two minute showers were not long enough and had requested four minute showers instead. However when one woman asked if she could turn the water back on to wash shampoo out of her eyes, it's alleged in the review that a male guard said he would give her more time, if she showed him her naked body. The review also states that they have been made aware of two specific allegations of rape at the centre . The independent review by former integrity commissioner Philip Moss was released on Friday and has uncovered several dozen cases with guards possibly trading drugs for 'sexual favours' on the Pacific island nation . One rape happened in a woman's tent. She subsequently asked for the incident to be kept quiet for fear of retaliation from other detainees. \xa0She then changed her mind and asked for police to investigate. The report states that the Nauruan Government then granted refugee status to the alleged perpetrator and he is now settled in the Nuaruan community. The second female detainee reported that she had been raped by a 'contract service provider staff member'. She also did not report the incident due to cultural and religious reasons. In another instance, a female detainee told the review that a guard had allegedly offered to give her friend chewing gum and a lollipop if she allowed him to see her naked. The 86-page report detailed allegations of indecent and physical assault, as well as sexual harassment, at the offshore processing centre . On another occasion two female detainees recounted a time when a driver and his assistant turned the vehicle's headlights off and propositioned the women with an offer of cigarettes and chewing gum. One transferee told the review that women in the camp could offer sexual favours in return for marijuana. 'Because they (the transferees) are suffering great depression here, and they feel relieved when they smoke the marijuana, the officers have made them addicted for their own reasons,' the detainee said. 'Because the women do not get paid here, so what they need to obtain,they only have to offer sexual - fulfil the requests of the men.' Finance Minister Mathias Cormann says the content of a review into allegations of abuse against asylum seekers on Nauru is 'very concerning . Finance Minister Mathias Cormann says the content of a review into allegations of abuse against asylum seekers on Nauru is 'very concerning'. Mr Cormann would not be drawn on whether more media access should be allowed on the island in the wake of the report, but said he was concerned by its findings. 'Some of the content in the report ... is very concerning,' he told Sky News on Saturday. 'The department has accepted all of the recommendations and all of the recommendations will be implemented. Mr Cormann would not be drawn on whether more media access should be allowed on the island in the wake of the report, but said he was concerned by its findings . 'Beyond that I'll leave it to""]","[""A new report has found evidence of abuse at Nauru detention centre .\nTwo allegations of rape were lodged involving Nauru guards .\nSexual abuse and sexual favours were also documented in the report .\nA detainee said the women fulfil the needs of men to receive drugs .\nMr Abbott was initially unphased by report saying things 'aren't perfect'\nLabor has criticised the government, calling them a 'disgrace'""]","[""A review into sexual abuse inside Australia's Nauru detention centre .\nIt found evidence of rape, female guards and sexual abuse .\nIt allegedly details how a male guard would cover up a hidden naked woman .\n86-page report detailed allegations of indecent and sexual assault and harassment on the controversial offshore processing centre .\nOne detainee said that she was subjected to sexual abuse .\nShe was asked for a longer shower, while a guard sexually assaulted her sexually .\nA transferee also told how a guard offered chewing gum and a lollipop if she allowed him to see her friend naked on the island .\nA government minister said such attacks would cause burns and bruising for up to six weeks .\nThe Finance minister today said he would not comment on allegations .\nMathias Cormann, Australia's chief minister for immigration, says the content of review into allegations of abuse against asylum seekers on Nauru is unfounded and 'very concerning'\nA female detainee says officers offered her 'sexual favors to men' in return for marijuana .\nIt hasn't been found in Ms Sams' book or in allegations of alleged victimisation or other further sexual offences in Nauru .\nAnother detainee claims a guard could get naked and would have no room to come""]",1,0.23943661971830987,0.07801418439716312,0.1619718309859155
"[""Forget being a supermodel as a career choice - young Chinese women are now dreaming that when they grow up they will get the chance to be an e-sport hostess. A recent report on 163.com, one of China's most-read websites, suggested that such hostesses, who are hired by gaming platforms to commentate on online video games and host live events in scanty clothing, are among the best-paid people in the country. Han Yiying, China’s top-paid e-sport hostess, was paid around ¥17 million (£1.8 million) to join a gaming company at the end of 2014. Xiao Xue (pictured) is an e-sport hostess and is recently featured by 163.com, one of China's largest websites . According to Xiao Xue, the income for hostesses vary considerably . Part of her job is to interact with live gamers over the Internet . Han's income almost caught up with Liu Xiang, a hugely popular Olympic gold medalist from China. Wages for e-sport hostesses increased more than 10 times in 2014 alone, according to the report. E-sport, short for Electronic Sports, is the name for organised multi-player video game competitions in which mostly male players pay to take part. Video game competitions associated with electronic sports involve real-time strategy, fighting and first-person shooter contests. Han Yiying (right) and Ruo Feng, two of the most influential e-sport hostesses in China . Han (left) was paid £1.8 million to join an online gaming platform last year . Originally from Sichuan, Han is also a professional online gamer and has participated in international competitions such as World Cyber Games . Many Chinese men take part in the events for a chance to ogle and communicate with beautiful women . There are cash prizes to competitors, but the real attraction for many Chinese men taking part in the events is the opportunity to ogle and communicate with beautiful women like Han Yiying, who is dubbed ‘Queen of e-sport’. Ms Han’s daily job includes dressing in a sexy outfit and chatting to the male competitors in the contests either through the internet or in person when there are live events. Han is also a professional gamer who has participated in a variety of international gaming competitions, including World Cyber Games. Bella is another super popular e-sport hostess in China . There are around 20 well-paid e-sport hostess in China, including Taiwan-born Xie Yitong (right) These hostesses wear sexy clothing in order to attract the mainly male players who participate in the e-sports . Han is one of a growing number of professional and highly paid e-sport hostesses, with at least 20 reported to be earning similar money. However, most of the hostesses are still on salaries considerably lower. 163.com reported that some of the new hostesses could only afford to eat one cup noodle per day, but they entered the industry out of passion. Hosting e-sport is becoming a dream job for some young Chinese girls . Beginners such as Xiaoxue are lowly paid and can only afford eating instant noodles . Xiao Xue communicates with gamers via smartphone apps . E-sport hostess usually have jack-packed schedules and work well past midnight . Some celebrity hostesses have a massive following, predominately male . E-sport hostesses also need to have advanced gaming skills in order to do live commentating .""]","['A gaming platform shelled out £1.8 million to sign hostess Han Yiying .\nMs Han is the top-paid e-sport hostess in China .\nHer duties include chatting with gamers online and hosting live\xa0events .\nYoung Chinese women are desperate to join the industry .\nWages increased more than 10 times last year for hostesses, report says .']","[""School-educated women in China are the most popular e-sport hostesses .\nYebeying were the top female players paid by online video game platforms in 2014 .\nWorkings in hotel rooms in order to earn networking, expertise and act like a hero shop .\nMany are dubbed 'Queen of e-sport' working as two women on the hot internet sites .\nChinese media have described hostesses as 'first-class members of China's underground'\nOne star on Chinese reality show: 'I'm one of the best professionals e-sports in the country .\nMothers say university-side studies show more bureaucracy is the higher education problem in Chinese-speaking countries .\nBut US 20-year-old student Xie Yitong, from Yunnan, says live hosting is fine .\nIn Hong Kong, she runs the China-based 165.tv website to play live on computer video games and broadcast chats on 163.com .\nOnline e-sport hostesses are still among the highest-paid in China - a leading social gaming site has become increasingly popular on China's largest website 163.com .\nMost e-sport hostesses are exclusively girls studying girls .\nMany are working as two women on hot internet sites .\nThere are also 20 celebrity female organised hostesses .\nFor information on business visit entrepreneur-madness.com.cn .\nAbout 4,500 athletes and spectators turn out on Wednesday .""]",1,0.19330855018587362,0.0149812734082397,0.10408921933085503
"[""Barcelona defender Dani Alves is discussing a three year contract with Paris Saint-Germain. The 31-year-old Brazil international is out of contract with Barcelona in the summer and has been offered to several Premier League sides. Alves's agent, Dinorah Santana, confirmed that her client was in 'advanced talks' with another club and the player was in Paris on Tuesday. Brazilian defender Dani Alves is in talks with Paris St Germain over a three-year deal with the French side . Alves, 31, is out of contract at Barcelona this summer and has been linked with clubs in England . Current PSG right-back Gregory van der Wiel has yet to agree terms on a new deal. Alves has played 30 times for Barca this season, including starting at the Etihad Stadium when the Catalan club beat Manchester City 2-1 last month. He has been at the club since 2008, winning four La Liga titles, two Copa del Reys and the Champions League twice. The defender was sent off in his last match for Barcelona, a 6-1 win over Rayo Vallecano . Alves has been with Barca since 2008, and has achieved both team and personal success in that time .""]","[""Dani Alves is out of contract this summer after seven years at Barcelona .\nThe 31-year-old was in Paris on Tuesday to discuss three-year deal .\nPlayer's agent confirms he is in 'advanced talks' with a club .""]","[""Brazil defender has discussions with Paris Saint-Germain understands .\nVeteran international has been linked to a three-year deal .\nSpain's rivals are looking to move the defender to England .\nAlves was a second most important player for Barca in 2008 .\nIs currently playing his 30 games for Barcelona this season .\nBrazil defender joins from PSG for Paris Saint Saint-Germain .\nBarcelona Barca match LIVE on Sports Wednesday .""]",1,0.3119266055045872,0.037383177570093455,0.12844036697247704
"['Screaming into a towel stuffed in my mouth, sweat pouring down my forehead, tears running down my face, I squeezed the breast pump again. Such was my determination to give my newborn daughter the best start in life, I was expressing milk for her, despite the huge abscess across the centre of my right breast. It was torture; far, far worse than giving birth. Rather than give Summer, then just two weeks old, a bottle of formula, I battled on. Months of brainwashing by the ‘breastapo’ and their mantra ‘breast is best’, made me feel the only thing worse than this torment was giving up. Laura Wright (pictured with her daughter, Summer) was so determined to breastfeed Summer as a baby that she went through weeks of agony . It was an attitude that not only threatened my health but also tarnished the first weeks with my precious firstborn and made me angry that women are put under such pressure to breast-feed that common sense flies out of the window. The questions about whether I intended to breast-feed began at my first prenatal appointment when I was 12 weeks pregnant and continued for the next six months. Advice, leaflets and DVDs were doled out in earnest, extolling the virtues and the rewards. Friends, family, colleagues; it seemed everyone wanted to know my intentions and to preach how breast-feeding was natural, easy, the right thing to do. I wanted to breast-feed; it can be a wonderful, bonding experience and mother’s milk protects against illnesses and allergies but the constant pressure to breast-feed takes no account of the fact not every woman can. My problems with Summer began immediately. When she was born at the University Hospital of Wales in Cardiff in July 2013, she weighed 5lb 2oz. When I put her to my breast she was too weak to latch on so the midwives gave her formula. For the next two days, at three-hour intervals, I kept trying. I was surprised how uncomfortable it was but when I winced, the midwife shook her head, insisting: ‘It doesn’t hurt.’ I felt pathetic, like I was failing Summer. Thankfully, on day three, with the help of a breast-feeding consultant, Summer finally latched on. There was no pain and I cried with relief. The next day I and my husband Ralph, a 30-year-old commercial manager, took Summer home. Laura (pictured with Summer) wanted to breastfeed because she knew it could be a bonding experience and that the mother’s milk protects the baby against illnesses and allergies . Over the next few days I continued to breast-feed but Summer was so hungry, I followed advice and relied on formula and expressed milk to top her up. Anxious to know if I was doing things right, I asked a breastfeeding consultant’s advice. ‘Why are you using formula?’ she asked in a disapproving manner, before feeding Summer my three remaining containers of expressed milk. I panicked; it had taken me a day to express that. So I put pressure on myself to quickly produce more. For the next six days I spent three hours a day with the breast pump and expressed at night after Summer had finished feeding. When I found a hard, round mass in the tissue of my right breast I asked the breast-feeding consultant to take a look. ‘It’s fine,’ she said dismissively. ‘A blocked duct. Give it a rub.’ Three days later my breast looked red and sore and was tender to touch. Feeding was extremely painful. Laura had problems with breastfeeding Summer (pictured at 4 days old) right from the very beginning as Summer was initially too']",['Laura Wright was determined to give her daughter the best start in life .\nShe found breastfeeding painful from her first attempt .\nLaura developed a huge abscess\xa0across\xa0the centre of her right breast .\nDespite this she carried on trying to breastfeed on the other side .'],"['Laura Wright, her partner Stella, went through weeks of agony to breastfeed .\nShe had first thought breastfeeding was painful after she learned to breastfeed twins, believing they were going to be naturally experienced .\nLaura has worked for 10 years and has been nursing for 10 years .\nFor 10 years, breast-keeping has taken place in Santa Barbara and on beaches in Wales .\nSince then she was determined to breastfeed as she was already a baby so was better off giving birth .']",1,0.3134328358208955,0.07575757575757576,0.19402985074626866
"['A professional dancer has refused to have plastic surgery to remove her birthmark as she has chosen to embrace her individuality. Cassandra Naud, 22, says she loves her unique appearance and even credits her birthmark for making her memorable in her industry. The dancer, from Alberta, Canada, who was once told by a casting agent to digitally erase her birthmark from her headshots, says that she believes it is a positive attribute. Scroll down for video . Cassandra refused to have her birthmark removed as she was told she would be left with severe scarring . \'My birthmark is a huge part of me,\' she says. \'It makes me unique and memorable, which is especially important for the career I\'ve chosen.\' When Cassandra was born with a huge brown birthmark on her right cheek, her parents, Richard, 60, a power engineer, and France, 50, a school caretaker, were given the option to have it removed, but concerned that it would leave her face heavily scarred, they decided against it. Cassandra says she is happy with the decision that her parents made as the effects of surgery could have been extremely damaging. \'As my birthmark sunk through several layers of skin, plastic surgery was the only option for removal. Doctors gave my parents a choice, warning them there could be scarring or I could be left with a lazy eye,\' she says. \'I\'m so glad my parents chose to leave my birthmark as it\'s part of who I am. Having a birthmark distinguishes me - and I don\'t feel that it has ever held me back.\' Cassandra Naud was born with a large birthmark under her right eye but rather than have it removed she has chosen to embrace her individuality . Cassandra works as a professional dancer and believes that her birthmark makes her more memorable . Cassandra, pictured with her mother and father, says she is thrilled that neither she or her parents went through with the removal of her birthmark . With her envious dancer body and gorgeous smile, Cassandra is used to attracting attention from strangers, but she says people are often very curious when they notice her birthmark. \'People come up to me in the street and ask me about it. I don\'t shy away from questions - it\'s natural to be curious. \'It\'s covered in hair which makes it difficult to disguise, but I honestly don\'t mind. I know some people might feel sorry for me, but I\'m confident in how I look.\' Cassandra hasn\'t always been so confident as during her school years, she was the victim of cruel taunts from bullies. She says: \'They\'d taunt me saying: ""You\'ll get beat up in high school"" and ""The hair on your cheek is gross"". \'Their cruel remarks were hard to deal with and I\'d often fight back tears. I felt ugly - even if only for that moment - and I was terrified of how I\'d be treated once I got to high school.\' After years of bullying, Cassandra was plagued by feelings of wanting to fit in and, aged 13, she gave her mum some shocking news. When Cassandra was born her parents were given the option of having the birthmark removed but concerned about scarring they decided against surgery. Pictured: Father Richard, mother France and brother Oliver . While she was growing up Cassandra, pictured with her mum France, suffered cruel taunts from bullies and even considered having her birthmark removed in her early teens . She says: \'I told my mum that I wanted to remove my birthmark. My parents were shocked but understanding of my decision and immediately booked an appointment with a plastic surgeon. \'He explained the scarring I\'d be left with and I immediately changed my mind. I figured it wouldn\'t be worth it and told my mum that I\'d prefer to keep my individuality']",['Cassandra Naud was born with a large birthmark under her right eye .\nHer parents decided not to have it removed as she would be left with scars .\n22-year-old was bullied at school but now  embraces her individuality .\nWorks as a dancer and says her birthmark helps her stand out .'],"[""Cassandra Naud at the age of 13 she was told\xa0the\xa0surgery would be\xa0erasing her birthmark with the wrong type .\nBut they considered it until a cast agent removed the birthmark from her head .\nThe piercers also strongly warned her parents they could be left with scarring in the future .\nCassandra says she is now happy and believes the scars can't be irreparablely removed .""]",1,0.45901639344262296,0.10000000000000002,0.2786885245901639
"[""A baby who only has half a heart has defied the odds after suffering a stroke and battling through four open heart surgeries. Jack Stevens was born with Hypoplastic Left Heart Syndrome (HLHS) which means the left side of his heart did not form properly. Jack, from Hartlepool, County Durham, has spent half of his life in hospital after having four open heart surgeries and five other operations. He has also suffered a stroke and  had to be resuscitated three times. Jack Stevens, now 15 months, was born with Hypoplastic Left Heart Syndrome (HLHS) which means the left side of his heart did not form properly. He underwent four open heart surgeries at just one week old . Jack survived a total of nine operations (he is pictured, left, after the last procedure), but then suffered a stroke and had to be resuscitated three times. He is now at home with his parents (right) Jack recovered well from the operations and has recently had his feeding tube removed for the first time. He is pictured here before his third open heart surgery procedure. But made a miraculous recovery and recently had his feeding tube removed for the first time. Now, at 15 months old, he is at home with his parents, . His father Chris Stevens, 30, said: 'He's been through so much in such a short space of time but he's doing brilliantly. 'We knew about his condition before he was born and he spent the first five months of his life in hospital. 'He had to have open heart surgery when he was just one-week-old and he's had three more since. 'Jack was only 4lbs 4oz when he was born and the condition has slowed his development. 'It was really difficult watching him lying in his hospital bed for so long surrounded by machines and tubes. 'But we knew it was best for him and he's battled through everything - he's a real fighter.' Jack, who is now at home with his parents Chris Stevens, 30 and Ashton Hodge, 27. The family are pictured before Jack's fourth open heart surgery . Jack only weighed 4lbs 4oz when he was born, and the heart condition has slowed his development . Jack had to be given up to 12 different medications up to four times a day, but now only needs three different medications via a syringe. He is pictured here (left and right) at one years old . At just one-week-old, Jack underwent three stages of the Norwood procedure - a surgery performed on the heart to improve blood flow. He was eventually allowed home for the first time in April last year but returned back to Freeman Hospital, Newcastle, three months later after suffering a stroke. He then endured a string of gruelling operations and is finally at home with father Chris, and mother, Ashton Hodge, 27, a charity worker. He is now on the brink of taking his first steps and speaking for the first time. Mr Stevens, an engineer, said: 'It's a lifelong condition so he will need a transplant at some point in his life but surgeons don't know when yet. 'He'll never be able to do any real physical activity. 'Jack had to be given up to 12 different medications up to four times a day but he only needs three different medications via a syringe at the moment. 'He's also had his feeding tube removed for the very first time last month which is fantastic. Mr Stevens, an engineer, said: 'It's a lifelong condition so he will need a transplant at some point in his life but surgeons don't know when yet' Mr Stevens said:\xa0'He's almost walking now and he mumbles all the time so hopefully he'll say his first word soon. We're both so proud of him - he's a""]",['Jack Stevens was born with Hypoplastic Left Heart Syndrome (HLSH)\nLeft side of his heart did not form properly and he underwent 9 surgeries .\nHe then suffered a stroke and had to be\xa0resuscitated\xa0three times .\nNow is finally at home with his parents but will later need a heart transplant .'],"[""Jack Stevens was born with Hodgman's Down's Syndrome (HLHS) which means the left side of his heart did not form properly .\nHe was born and had four open heart surgery and has also suffered a stroke .\nJack had to be resuscitate three times after the operation .\nThe baby was born at 1 weeks and is now at home with County Durham's NHS hospital and a care centre .""]",1,0.576,0.34146341463414637,0.512
"[""It won't come as much of a consolation after he was snubbed again by England manager Roy Hodgson, but West Ham midfielder Mark Noble has shown himself to be an impressive fisherman. Noble has been unwinding during the international break with Hammers team-mate Alex Song, and pulled out a monster on an early morning fishing trip. Song posted an image on Instagram showing Noble with a huge fish in his arms, evidently taking advantage of the extra time off he has been afforded as West Ham recharge ahead of a difficult Barclays Premier League run-in. West Ham midfielder Mark Noble caught a huge fish while enjoying time off during the international break . Noble is hoping that if he impresses further with West Ham, he will eventually get the call from England . Song posted: 'A man of many talents! Midfield And lakeside général!' with the image, clearly impressed at Noble's carp, which is thought to weight around 50 pounds. Noble has spoken in the past to Sportsmail about his passion for fishing, but admitted he has struggled to find team-mates who shared his love for the sport. ‘Modibo Maiga, Guy Demel and Momo Diame can’t understand how you go fishing and chuck them back,’ Noble explained in 2013. ‘They say, “Bring it in, I’ll eat it.” I say, “You’re not allowed to do that here!”’ Diafra Sakho, Winston Reid and Noble pose outside the Olympic Stadium, which West Ham move into in 2016 . Noble holds off the challenge of Sunderland midfielder Jack Rodwell in West Ham's 1-0 win at the weekend . The 27-year-old midfielder was disappointed to miss out on Hodgson's squad once again, even with a raft of injuries depleting the England manager's selection. But Noble still believes he can make it into the national squad ahead of next summer's European Championships in France if he knuckles down and keeps working hard with West Ham. ‘I have made it clear what I think about the situation and I would love to play for my country,' he said. 'Obviously at the moment it doesn't look like it is going to happen. ‘I will keep playing as well as I can at West Ham and enjoying it every week. You never know what will happen in the future.' Song, meanwhile, faces an uncertain future after it was revealed that West Ham's board hold serious reservations about signing him on a permanent deal from Barcelona. Sportsmail's Laurie Whitwell went fishing with Mark Noble back in 2013, read the full interview HERE. ‘You just switch off really,’ Noble said. ‘It’s so peaceful. You’re concentrating on your rods so you tend to forget about everything else. ‘I used to do a lot of fishing with my dad, usually in Beckton Boating Lake. That was a little bit different from this (at Honeypot Lakes in Essex) - there are no shopping trolleys here! Then I moved out and forgot how good it was. I’m pretty sure my mum sold all my gear. 'This summer I was on holiday in Florida, on an island called Boca Grande, and went fishing every day. That got me hooked again. We would do it all night from about 10 o’clock to five in the morning. It was one of the best experiences of my life.’ Mark Noble has a passion for fishing and posed for this image with one of his catches in the past .""]","['Mark Noble was shown in a photograph with a huge fish on Thursday .\nAlex Song posted the picture as the West Ham men enjoyed their time off .\nNoble was left out of the England squad again by manager Roy Hodgson .\nIn an interview with Sportsmail, Noble revealed fishing was his passion .\nCLICK HERE for all the latest West Ham United news .']",['Mark Noble was in a lengthy fishing session during the international break .\nThe West Ham star has caught a huge fish many times for the break .\nHammers star midfielder has impressed the team during the time this season .\nBut admits he has been struggling to find team-mates .'],1,0.358974358974359,0.12173913043478263,0.23931623931623933
"['(CNN)Nigerians go to the polls on March 28 in a tight contest, which is getting extra attention after the original date was rescheduled at the last minute. Many voters will be holding their registration card in one hand, and their mobile in the other -- making democratic history with the help of tech. In Africa\'s largest mobile phone market, programs to encourage citizens to get involved in the election have been gaining traction. ""Nigerians are looking for information,"" says Femi Longe, co-founder of Co-Creation Hub which meshes tech and social issues. ""Technology is helping people get involved in the conversation around democracy and elections, which is very important, as the general interest in the air has waned since the voting date was changed."" As incumbent Goodluck Jonathan prepares to face-off against former military ruler Muhammadu Buhari, Longe and his team have developed TechSQUAD -- a gang of geeks who work on web-projects that help citizens vote. Pre-Vote Prep . One such project is Govote.ng, a popular website that is focused on the registration process -- that\'s crucial as in Africa\'s most populous country, with over 170 million citizens, the logistics can be staggering. ""Most Nigerians have no idea where they are registered,"" explains Longe. ""We want to simplify the entire election process, [and] make it responsive to users."" People log on to the site to see whether they are registered with the Nigeria Independent National Electoral Commission (INEC) and, if not, they can find out how and where to register. TechSQUAD says approximately 10,000 people visit the site each day. Finger\'s Influence . Other squads concentrate on the next step. Youth charity YIAGA has set up ThumbPower which gets Nigerians to ""use your thumb wisely."" Sections like ""Who can vote"" and ""Where and When"" set out the process in language anyone can understand. Interactive maps connect users to local activists and the countdown clock is a reminder that the new elections date is approaching fast. ""The rescheduling of the election ... did affect the level of voter enthusiasm,"" explains YIAGA Program Manager, Cynthia Mbamalu. ""While there are certain concerns about security and the guarantee of free, fair and credible elections, the interest in this election is founded on the belief that this time votes will count."" Personality Problem . This election will be the first since Nigeria re-calculated it\'s GDP and pulled ahead of South Africa to become the continent\'s biggest economy. With a nominal GDP of $510 billion, and an oil sector that makes up 96% of total export earnings, the outcome of the vote will be closely watched by policy makers and businesses all over the world. Politicians, however, stand accused of relying on personalities rather than policies when it comes to winning votes. ""The strength of a leader\'s personality and his key personal networks are playing a very strong role,"" says Jasper Veen, Nigeria Director at National Democratic Institute. ""Both flag-bearers occasionally attempt to articulate policy positions -- it is still a far cry from policy-based politics."" And this is set to be a particular issue in this poll, as some seek a strongman who can defeat Boko Haram militants in the North-East -- the main justification authorities used when explaining the decision to delay the vote by six weeks. To fight this popularity contest, TechSQUAD collaborated with The Centre for Democracy and Development (CDD) to produce ngmanifesto.org, which explains what the parties plan to do to improve education, the economy and infrastructure. And once a government is elected, the site will track whether election pledges become reality. \'Quick Count\' Technology will also play a big role on voting day. A representative']","[""Nigeria's postponed Presidential election is slated to be held on March 28 .\nIncumbent Goodluck Jonathan will face-off against former military ruler Muhammadu Buhari .\nTechnologists and NGOs are working together to help voters prepare for the election .""]","['Nigerians went to the polls early on March 28 and many opted for Saturday .\nThey are hoping to help citizens vote using online SMS .\nOne project explains registration process, which should be changed from 5cents old to get bank workers far ahead of their goal .\nA result of the vote of 1,000 means the year of re-election is over .']",1,0.2941176470588235,0.060000000000000005,0.196078431372549
"[""In the much-loved Road Runner cartoons, it seemed that anything was possible – but the mayhem on the screen was born from writers that had incredibly strict rules to abide by. A former animator for Warner Brothers, which made the show, revealed in his autobiography that there were nine rules every cartoon had to follow. The star of each one was the Road Runner and his nemesis - Wile E. Coyote. A desert predator obsessed with catching and eating the Road Runner, he often used a bewildering and hilarious array of contraptions to snare his quarry. Scroll down for video . In the much-loved Road Runner cartoons, it seemed that anything was possible – but the mayhem on the screen was born writers that had incredibly strict rules to abide by . Rules included the Road Runner never being able to harm the coyote, except by saying ‘beep beep’, 'no dialogue', and ‘all materials, tools, weapons, or mechanical conveniences must be obtained from the ACME corporation’. The writers also had to try and ‘make gravity the coyote's greatest enemy’ and ensure that he ‘is always more humiliated than harmed by his failures’. The rules come from the 1999 autobiography of former Looney Tunes animator Chuck Jones, called Chuck Amuck: The Life And Times Of An Animated Cartoonist. The star of each show was the Road Runner and his nemesis - Wile E. Coyote. A desert predator obsessed with catching and eating the Road Runner, often using a bewildering and hilarious array of contraptions . They were posted on Twitter by director Amos Posner\xa0and have since generated considerable excitement on social media. One Reddit thread has been dedicated to a discussion about the rules, and whether they have ever been broken. One rule – ‘the road runner must stay on the road, otherwise, logically, he would not be called road runner’ – was broken many times, with the creature often appearing on rocky outcrops and once even pushing coyote along as he drives a speedboat. The cartoon first appeared in 1948, with 48 made altogether, along with one half-hour special. The Road Runner cannot harm the coyote except by going 'beep-beep!' No outside force can harm the coyote - only his own ineptitude or the failure of the Acme products . The coyote could stop anytime - if he were not a fanatic . No dialogue ever, except 'beep-beep!' The road runner must stay on the road - otherwise, logically, he would not be called road runner (though this seems to be a rule that was often broken) All action must be confined to the natural environment of the two characters - the southwest American desert . All materials, tools, weapons, or mechanical conveniences must be obtained from the ACME corporation . Whenever possible, make gravity the coyote's greatest enemy . The coyote is always more humiliated than harmed by his failures .""]","['The rules were revealed by former Looney Tunes animator Chuck Jones .\nHe listed them in his book The Life And Times Of An Animated Cartoonist .\nThe star of each show was Road Runner and his nemesis, Wile E. Coyote .\nAnother rule was that the coyote always had to be humiliated, not harmed .']","['The nine rules were drawn up by Looney Brothers .\nThe stars were the coyote,\xa0E. E. Coyote - Road Runner is unable to cheat .\nBut the creators also had to be honest without harming the coyote .\nOn occasion the author must aid E Coyote and he must set distance to the coyote .\nRules include unsteady driving and car must reach speed limit .\nPublisher Sharon Weinzah’s comic FNT rules set up set to be published soon by Destination American . click HERE to look up the FNT website at http://www.ventureatlantic.\nFNT images being used  on National Geographic Channel in US .\nTo check out the pictureset visit the FNT comic (http://www.ventureatlantic).\nFNT by email at: fct@ventureatlantic. .\nWizards of Chainsaw 2014 were offered $2 million crowns\xa0for the FNT villain Jack Frightman’s body at auction .\nThe 1972 novel earned fame among the games designer, Otse Koe, 57, and Brad Grey, 90 .\nFor links to FNT, visit the Destination American comic on www.tovenatlantic.com .\nFor Comic Culture info, visit the website üCoonShow/Sites .']",1,0.21367521367521372,0.06896551724137931,0.14529914529914528
"[""Southampton's early exit from the FA Cup means that Ronald Koeman's side have a weekend off, and the south-coast outfit headed to snowy Switzerland for a mid-season break. On Thursday, Koeman posted a picture of himself kitted out in full ice hockey kit, but now a video has emerged of the team in action... and they certainly shouldn't quit their day jobs any time soon. The Saints returned to winning ways on Tuesday night against Crystal Palace, but their recent form has seen them slip out of top four in the Premier League. Most of the Southampton squad struggled to stay on their feet as they took to the ice on Thursday . The players looked to enjoy their time playing ice hockey, with one player spinning another round on the ice . Injured striker Jay Rodriguez could not take part, but he watched on and laughed from the bench . Southampton boss Ronald Koeman got involved, taking to the ice in full kit to participate with his players . And talking of slips, most of the squad struggled to stay on their feet as they took to the ice on Thursday to participate in a sport they're less familiar with. One particular struggler was striker Graziano Pelle, who showed less pace than he does on a Saturday afternoon, and needed to be helped around the ice by Southampton chairman Ralph Krueger - who is a former ice hockey player and coach. Ryan Bertrand smiled for the cameras, and celebrated after slotting the puck through the legs of a helpless goalkeeper during a match between two teams. Graziano Pelle struggled more than most, and had to be helped around the ice by\xa0Ralph Krueger . Koeman laughs as his players slip and slide on the ice during their time in Switzerland . A disclaimer at the end of the video, uploaded by the club's YouTube account, put Southampton fans at ease . Southampton players took to the ice at Vaillant Arena in Davos, Switzerland on their team bonding trip . Morgan Schneiderlin (left) and Kelvin Davis put on their ice hockey gear before playing on Thursday . Ice hockey is, of course, a sport synonymous with injuries, but a disclaimer at the end of the YouTube video, uploaded by the club, confirmed that the afternoon passed without incident. 'No footballers were hurt during the making of this video,' read the message, and it is one that will relieve Saints fans watching. Koeman's side are back in action next Sunday, when they face perhaps their toughest test of the season - a trip to Stamford Bridge to play Chelsea. Shane Long was one Saints player who did not fancy his chances on the ice, opting out of the fun . Ryan Bertrand, whose loan signing was recently made permanent, celebrated after scoring a goal . Koeman is helped into his kit in the changing rooms before taking to the ice alongside his players . Pelle laughs with his team-mates as they arrive at the rink before taking to the ice on Thursday .""]",['Southampton have a week off and the squad have headed to Switzerland .\nThe players were treated to an afternoon playing ice hockey .\nManager Ronald Koeman also got involved and took to the ice .\nThe majority of the Saints squad struggled to stay on their feet .\nCLICK HERE for all the latest Southampton news .'],"[""Southampton stars had a hard time participating in their routines on the ice .\nRonald Koeman took to the ice again to have a video posted .\nThe ex-Koeman's side exited the FA Cup to head on to the 4th round between Southampton and Chelsea on Monday night .\nKoeman has managed to have a good winter break despite a back injury .\nPlayers spent the ice jogging around the ice with the squad in Switzerland .\nMost Southampton players had a rough time on the ice, but the majority players in attendance laughed when the cameras turned on the game .""]",1,0.4,0.12658227848101267,0.25
"[""West Indies master-blaster batsman Chris Gayle will play for Somerset in this summer's NatWest T20 Blast. Destructive opener Gayle will join Somerset in late May, the exact date of his arrival depending on his involvement in the knockout stages of the Indian Premier League, and he will remain with them until June 13. Somerset hope the 35-year-old will therefore be available for six matches. Chris Gayle has signed for Somerset for the upcoming NatWest T20 blast competition . Gayle gestures to the crowd after West Indies' defeat to New Zealand at the Cricket World Cup in Wellington . Gayle is to miss next month's Test series against England in the Caribbean as he struggles with a back injury which is curtailing his opportunities in cricket's longer formats. He is a prolific boundary hitter, with more than 8,000 runs to his name in Twenty20 cricket around the world - and Test and one-day international statistics to match. He said: 'I'm excited about joining Somerset for the NatWest t20 Blast this year. 'Many of the club's members and supporters will know that I came close to playing for the county in 2012 and I have always felt that, if I was able to, I wanted to honour that commitment to Somerset. I'm looking forward to coming to Taunton and scoring some runs.' The New Zealand players celebrate after dismissing the explosive batsman in the quarter-final . Somerset director of cricket Matthew Maynard added: 'Signing a world-class player of the quality of Chris Gayle is tremendously exciting for the club. 'He will be a tremendous addition to our already extremely strong squad. He is an inspirational character and we are delighted to be bringing him to Somerset.' Gayle poses with a policewomen during his time at the Cricket World Cup with the West Indies .""]","[""Somerset hope Chris Gayle can play six games for them in T20 blast .\nExplosive West Indies batsman could arrive later due to IPL games .\nGayle said: 'I'm excited about joining Somerset for the NatWest t20 Blast'""]","[""Chris Gayle will join Somerset in the States in this summer's competition .\nWest Indies master-blaster batsman Chris Gayle signs with Somerset .\nGayle's tripper is eligible to play in all six matches in the competition .\nBowler will also play the West Indies Twenty20 opener at Old Trafford .\nRosingman has failed to sign contract with England since 2010-11 .\nGayle revealed that he was earmarked as selection for India squad in national league .\nHe has not played for West Indies since July of 2013 .\nGayle changed the lead with the bat in a friendly in Wellington .\nGayle scored 12 from 28 wicket runs in T20 Blast match .\nBoard of Somerset think he will be available for a Test this year .\nThe 25-year-old has an international record of more than 8,000 runs .""]",1,0.21468926553672316,0.05714285714285715,0.1694915254237288
"[""Sam Allardyce will be a contender for the Sunderland manager's job if Gus Poyet is sacked. Poyet is under mounting pressure at the Stadium of Light after an alarming slide down the table, culminating in Saturday's dreadful loss against Aston Villa which sparked a supporter revolt. The growing animosity from fans towards the Uruguayan has not gone unnoticed by the Black Cats' board. Sam Allardyce will be a contender for the Sunderland manager's job if Gus Poyet is sacked . Sunderland fans attempt to storm Poyet's dugout as the home side slumped against Aston Villa . Stewards and members of Sunderland's backroom staff attempt to stop irate fans getting to the dugout . The club's hierarchy want to show loyalty to Poyet after the manager's excellent work in keeping the Wearsiders up last season. But there is a fear that the growing swell of opinion opposed to Poyet's regime from fans will have an adverse impact on matters on the pitch. And West Ham manager Allardyce, who used to play for Sunderland, will be high on owner Ellis Short's wanted list if he decides to make a change. Allardyce has admirers at Sunderland after helping the Hammers consolidate their position in the Premier League. Poyet has vowed to fight on as Sunderland boss but says he understands the supporters' frustration . Sunderland fans streamed out of the Stadium of Light as Aston Villa smashed four goals past their side . Likewise, he was a strong contender to replace Martin O'Neill in the Sunderland hotseat in 2013 before Paolo Di Canio was handed the role. Allardyce himself looks set to be out of a job when his contract at Upton Park expires this summer, with the club still to offer him an extension. And a vacancy at the Stadium of Light could provide Allardyce with an instant route back into management if he leaves.""]","[""Gus Poyet came under attack from Sunderland supporters on Saturday .\nThe Black Cats embarrassingly went down 4-0 against Aston Villa .\nAnd West Ham's Sam Allardyce will be a candidate if Poyet is sacked .""]",['Newcastle side are under mounting pressure from Sunderland fans .\nSunderland\xa0followed their side lose to their rival Aston Villa and Poyet looks to be a sipper .\nThe fans are tired of being led by the Black Cats striker and wants to leave a club .'],1,0.3614457831325302,0.14814814814814817,0.24096385542168677
"[""A brave transgender teenager came out in front of his entire class. Tom Sosnik, 13, of Fresno, California, first read the suicide note written by Leelah Alcorn, another tragic teen who took her own life at the end of last year. He then told the students; 'I am no longer Mia. I never really was.' Scroll down for video . Tom Sosnik (above) came out as transgender to his class . Sosnik (above) told his fellow students; 'I am not Mia. I never really was' Sosnik (above with Glee star Lauren Potter) when he was Mia . The middle school student then said; 'And now I finally stand before you in my true and authentic gender identity as Tom. I stand before you as a 13-year-old boy.' Tom then detailed his struggle over the past few years, and what it took to bring him to the moment where he made this announcement. He eloquently explained his challenges, saying; 'For a while, I dismissed the fact that I hated my body. I pretended to be content with what I was assigned until, at a certain point, I broke.' Sosnik began his speech by reading the tragic suicide note of Leelah Alcorn (above) He then added; 'I went through a series of horrible breakdowns. And I would stand under the water in the shower crying. I knew I wasn't happy.' He also took some time to let other students know if they were struggling with their sexual identity or orientation, he was there for them. 'I want you to know that if no one else accepts you, I always will,' he said. If you are reading this, it means that I have committed suicide and obviously failed to delete this post from my queue. Please don't be sad, it's for the better. The life I would've lived isn't worth living in… because I'm transgender. I could go into detail explaining why I feel that way, but this note is probably going to be lengthy enough as it is. To put it simply, I feel like a girl trapped in a boy's body, and I've felt that way ever since I was 4. I never knew there was a word for that feeling, nor was it possible for a boy to become a girl, so I never told anyone and I just continued to do traditionally 'boyish' things to try to fit in. When I was 14, I learned what transgender meant and cried of happiness. After 10 years of confusion I finally understood who I was. I immediately told my mom, and she reacted extremely negatively, telling me that it was a phase, that I would never truly be a girl, that God doesn't make mistakes, that I am wrong. If you are reading this, parents, please don't tell this to your kids. Even if you are Christian or are against transgender people don't ever say that to someone, especially your kid. That won't do anything but make them hate them self. That's exactly what it did to me. My mom started taking me to a therapist, but would only take me to christian therapists, (who were all very biased) so I never actually got the therapy I needed to cure me of my depression. I only got more Christians telling me that I was selfish and wrong and that I should look to God for help. When I was 16 I realized that my parents would never come around, and that I would have to wait until I was 18 to start any sort of transitioning treatment, which absolutely broke my heart. The longer you wait, the harder it is to transition. I felt hopeless, that I was just going to look like a man in drag for the rest of my life. On my 16th birthday""]","[""Tom Sosnik came out as\xa0transgender\xa0in a speech to his fellow classmates .\n'I am no longer Mia. I never really was,' Tom, 13, told the class .\nHe began his speech by reading the tragic suicide note of another transgender teenager, Leelah Alcorn, who killed herself last year .""]","['Tom Sosnik, 13, from Fresno, is transgender himself .\nLeelah Alcorn committed suicide last year, breaking a series of marriages .\nShocked when he decided he was transgender, and he made no reference to it ever, one that would have changed his feelings -ignment surgery .']",1,0.30927835051546393,0.0,0.1443298969072165
"[""A Florida teacher claims she was fired because she reported that her preteen student had told her she was being abused by her step-father. Diana Castella was teaching part time for Brownsville Middle School's iPrep program when a student told the teacher that her stepfather lays on top of her. Castella said she sought out another teacher's advice because she was unsure of the school's protocol and then reported what the child had told her to a school counselor the next morning. Scroll down for video . Florida teacher Diana Castella claims she was fired just days after reporting that her student, who is under the age of 12, was . 'Administrators and Miami-Dade County Public Schools don't like snitchers. They like everything to be brushed under the rug,' she told\xa0NBC 6. But school administrator told her that she was being investigated because she didn't report the abuse soon enough. Castella allowed the student to go home to her allegedly abusive step-father before the teacher alerted\xa0authorities. The girl was first questioned by the Department of Childhood Services without Castella in the room, . Castella said she was then let inside in the room, where she claims she heard the student confess that she had been molested by her step-father multiple times. Police were contacted and the student's father was arrested and charged with child molestation and lewd and lascivious conduct. When Castella returned to school, she said she was called into the principal's office and told she was under investigation by the school because she didn't report the incident in a 'timely manner'. A spokesman for Miami-Dade County Schools told NBC 6 that if someone in the district learns about a 'potential abuse case' they are 'required to report it immediately'. But, according to Castella, the principal claimed she had to be let go because the school could no longer afford to fund her particular position - not because of the investigation. The student's father was arrested and charged with child molestation. Castella said the school then told she was under investigation by the school because she didn't report the incident in a 'timely manner' But, according to Castella, the principal claimed she had to be let go because the school could no longer afford to fund her particular position - not because of the investigation . Castella believes she got fired for reporting what her student had told her. Castella said she is 'disgusted with the system', which she says should be fighting to keep on board a teacher who 'did the right thing'. 'I became a teacher for my students,' she said. 'I didn't become a teacher to save the reputation of a school.' The controversy comes just weeks after two teachers in the Miami-Dade County Schools' district were fired for incidents involving students. Last week a music teacher at Miami Palmetto Senior High was arrested and charged of having sex with a 17-year-old student that he admitted to having a nine-month relationship with. And at the beginning of the month a kindergarten teacher at the district's Silver Bluff Elementary School was charged with child abuse after he allegedly dug his nails into a student's hand and leg because she was struggling with math problems.""]","[""Florida teacher Diana Castella said she sought out another educator's advice and reported what the child told her the next morning .\nWhen the student was interviewed by Childhood Services she confessed to being molested by her father multiple times .\nThe father was arrested and charged with child molestation .\nSchool's principal then told Castella she was under investigation for not reporting the incident immediately .\nBut Castella said the principal told her she was being let go because the school no longer had funds for her particular position .""]","[""Diana Castella was teaching part time for Florida's i Prep program .\nShe claims she told a school counselor that her student was being abused .\nAccording to it at first they were suspicious, and concluded she was not investigating .\nShe then reprimanded her - but then contacted the  .\nschool, told her she had been a boy at the time, abused .violently .\nby student's father, charged, with lewd and lascivious conduct, because of poorly funded .\nschool .""]",1,0.4069767441860465,0.07058823529411765,0.2558139534883721
"[""If you are easily distracted by your smartphone or long for the return of simple mobiles that don't require lots of apps, then this ‘anti-smartphone’ is for you. The round phone, described as the first personal device for the 'post-smartphone era', is modelled on an old-fashioned pocket watch. The Runcible is a pebble-shaped prototype and includes a phone and camera,  an HD circular screen and a wooden case. Scroll down for video . A round phone called the Runcible (pcictured), is described as the first personal device for the post-smartphone era and is modelled on an old-fashioned pocket watch . It’s designed ‘refocus users' attention on real people and the real world’ and is touted as being the ‘world's first heirloom electronic,’ by\xa0Monohm Inc, which created the prototype. Aubrey Anderson, CEO and co-founder of the California-based company, said: ‘People need something to let them control their digital lives in clean, quiet, simple ways. The pebble-shaped device includes a phone and camera, as well as an HD circular screen (pictured left and seen right).\xa0It’s designed ‘refocus users' attention on real people and the real world’ and is touted as being the ‘world's first heirloom electronic’ Experts predicted that this year, people will forsake gadgets, social networks and other technology in favour of the simple life. In its sixth annual Digital Trends Report, London-based communications agency Hotwire, said we are entering the era of the 'neo-Luddite' and people are working on things to help us switch off. It's thought people are growing less keen on social media ans apps because of their irritation with adverts. The report, which followed figures by Ofcom released in December, found the number of weekly UK visitors to social networks is now 56 per cent - a drop from 65 per cent this time last year. The US, China and Japan saw similar decreases - but to a lesser extent. Elsewhere, in August, a team of developers launched a Kickstarter campaign to fund production of its noPhone - a fake handset designed to wean people off their tech addiction. ‘Runcible is the alternative to the increasingly invasive and commodified smartphone whose app-centric approach distracts us from our lives instead of helping us live them.’ The device, which is a cross between a traditional mobile phone and a wearable device, features the ‘first’ high resolution, fully round screen in a phone, as well as a high performance camera, although it is no specified how good it is. Inspiration for the unusual shape comes from ‘devices that humans have always carried with them: the pocket watch, the compass, the magical stone that fits the palm of our hand,’ the company said. The device, which is a cross between a traditional mobile phone and a wearable device, features a camera (seen on these prototypes) The device is built on Mozilla’s Firefox operating system and will see users visiting mobile websites instead of navigating the web via dedicated apps. It also includes features designed to refocus users’ attention on real people and the real world. For example, a maps feature shows the most interesting route to a chosen destination, rather than the fastest, social media feeds are summarised and the device is silent. ‘Runcible will never beep, alert or otherwise interrupt us, enabling us to keep our attention where it has always meant to be,’ the firm said. It offers connectivity expected of a smartphone, such as LTE, Wi-Fi and Bluetooth. ‘For the""]","[""Device includes a phone and camera, as well as an HD circular screen .\nCalled the Runcible, it's a cross between a smartphone and a wearable .\nGadget is\xa0modelled on an old-fashioned pocket watch and compass .\nIt could cost\xa0around\xa0the same as a \xa0high-end unlocked smartphone .""]","[""The phone is an early version of a \xa0circular pocket watch .\nThe Runcible is pebble-shaped prototype and features a phone and camera .\nThe\xa0device’s designed to ‘refocus users'\xa0interest on real people and ‘away and clear’\nBut the company only says that the round device is without a 3.5in battery in the pocket .\nExperts predict that people will adopt it on their own devices .\nCurrently rumoured to be replaced by the end of the century with a watch it will be replaced by hi-tech cameras in the like ‘Panoramic Neverwear’ .\nLakeshope watch which, printed in shelving, was shown in public last year, for just £39 before being shipped out to an east London town .\nIt was for sale last month during an exhibition to show off Consumer Art and Technology at PFI\xa0Southall ISC.\nHands went as a number of people around the world spoke out against plastic phones .\nPaper of more than 3,,000 material was offered free at the National Micronom’s Institute of Mechanical Engineers .\nMore than 2,200 gadget sales were sold through a High Street sale""]",1,0.22881355932203393,0.05128205128205128,0.13559322033898308
"[""A five-year-old boy is recovering after a sea lion that washed up on\xa0a San Diego beach bit him in the face. The boy was with his family at La Jolla Cove when he tried to pet the sea lion on Sunday. The animal, which was probably starving, 'snapped back its neck and lunged' at the boy. Scroll down for video . A five-year-old California boy suffered a 'minor puncture' when a Sea Lion bit him in the face in San Diego . The boy was with his family at La Jolla Cove (pictured) when he tried to pet the sea lion on Sunday . At least two sea lion attacks have been reported in the last three months, Fox 5\xa0reported. The San Diego Fire and Rescue Department says the boy suffered a 'minor puncture' to his jaw. His family took him to a local hospital for examination. The incident was reported to the National Marine Fisheries Service, the LA Times reported. There have been a record number of sea lions washing up on Southern California beaches in 2015. Nearly 2,000 of the animals have washed up on the state's shores in sick and starving conditions so far this year. Last week, the National Oceanic and Atmospheric Administration (NOAA) sounded the alarm over the surge in famished pups, saying there has been 'an unusually large increase' in sea lion strandings. In January and February, strandings were 20 times the average rate for those two months. Experts believe warming sea temperatures might be responsible for the enormous rise in strandings because the availability of fish and other sea lion food sources has been affected. Beachgoers are advised to stay away from mammals, some of which are emaciated and distressed.""]","[""Boy was with his family at La Jolla Cove on Sunday when he was bitten .\nHe suffered a 'minor puncture' to his jaw and went to the hospital .\nRecord number of sea lions washing up on Southern California beaches .\nPeople are advised to stay away from 'emaciated and distressed' mammals .""]","['The boy was eating meat at La Jolla Cove on Sunday when he was strangled .\nThe boy was awarded his family a punctured to his jaw after being pinched .\nDeadliest ever attack in the phenomenon at California Beachs was at the beginning of last month .\nPills and vomiting common in this spate of sea lion strandings .\nExperts say low-water strandings are due to record warm ocean temperatures, which could help the beach with warmer water .\nFears that seals are also\xa0maintaining strong populations in more wooded areas .\nCalifornia has been hit by droughts and nearly 2,000 the animals have been washed up in 2015 .\nTrio has been dubbed a new breed of creature, dubbed the zebra Bocoa, but far from alone .']",1,0.36065573770491804,0.143646408839779,0.273224043715847
"[""The US Navy has charged seven sailors over video recordings made of female officers and midshipmen without their knowledge aboard one of the first gender-integrated submarines. Among the sailors on the Georgia-based USS Wyoming are three men accused of making the recordings that were passed on to other crew members, documents released showed. While previous reports alleged that the victims were only female officers, documents obtained by Navy Times stated sailors also recorded female midshipmen temporarily aboard the sub. Violated:\xa0US Navy has launched investigation into allegations that some of the first women to serve on the USS Wyoming were secretly videotaped in the shower by a male sailor . Vile act: A 24-year-old second class petty officer is accused of recording at least three women while they were showering on undressed aboard the Ohio-class ballistic missile sub . A Navy official told the Navy Times that dozens of women could have been filmed, as sailors had used cellphones on board the Wyoming as far back as August 2013. One of the sailors charged allegedly traded videos of officers showering for two energy drinks. Another reportedly said the video recordings were 'like Pokémon, gotta catch them all.' Two of the seven sailors have been referred to court martial. Electronics Technician 2nd Class Joseph Bradley, 25, is charged with distributing videos and destroying evidence. Charge sheets state Bradley asked an unnamed technician to send over videos of the women when the ship was docked at its home port in Kings Bay, Georgia, which he then passed along to others. Missile Technician 3rd Class Brandon McGarity, 25, is charged with failing to report the videos and making a false official statement. In addition to the sailors from the USS Wyoming, an individual stationed at Trident Training Facility in Kings Bay is being charged. According to an incident report written last year, the unsuspecting women were recorded bathing and changing aboard the ballistic missile submarine. A 24-year-old second class petty officer allegedly made the videos over the past year and distributed them among his male colleagues. The clips were said to depict at least three servicewomen in the shower and in various states of undress aboard the Wyoming - an Ohio-class ballistic missile submarine. The first female sailors were introduced to American subs beginning in 2011 as part of a concerted integration effort, which has been labeled a success by the Navy. The privacy violation scandal comes at an especially sensitive time as Navy officials are preparing to integrate Virginia-class attack submarines. Come January, six female officers will join the crews of USS Virginia and USS Minnesota, according to a statement issued in October 2013 by Vice Admiral Michael Connor, commander of Submarine Forces. A ballistic missile sub such as the USS Wyoming typically has 15 officers and 140 enlisted crew members on board. Officers of both sexes use the same bathing facilities, but whenever a woman is in the shower she is expected to put up a sign indicating her presence inside, and her male comrades must wait until she comes out before entering. Smooth sailing: The integration of ballistic missile submarine crews, which got under way in 2010, had been labeled a success by the Navy . According to Navy Times, some of the women depicted in the videos are unhappy with the way Navy brass has been handling the incident. The Naval Criminal Investigative Service has launched a probe into the matter, and a spokeswoman for Submarine Group 10 in Kings Bay said the Navy would hold those involved accountable. The man accused of videotaping his female colleagues has not been named in the November 14 incident report, but he has been described as a petty officer assigned to Trident Training Facility. Investigators were first tipped off about the videos last month by an officer from another submarine who received the recordings. The USS Wyoming was at the forefront of the integration effort, welcoming a dozen female supply and line officers in 2011. A retired supply officer who was in charge of mentoring the""]","['The charges come after an investigation by the navy into allegations of privacy violations aboard the gender-integrated\xa0USS Wyoming .\nA 24-year-old second class petty officer allegedly recorded three female officers while showering or undressing .\nTwo other sailors were accused of taping women .\nUSS Wyoming was among first submarines in the Navy to have women join its crew in 2011 .\nBeginning in January, Navy is expected to integrate\xa0Virginia-class attack submarines .']","['Prosecutors from Georgia, Georgia and South Carolina charged seven aboard the USS Wyoming .\nThree are considered disruptive to their careers because they have to give up on tape .\nInmates two people were recorded berating with female officers as schoolgirls .\nThe third distributed them to other co-workers on staff .\nCourt documents allege that the third improperly videotaped onto the USS Wyoming .\nFive American subs in ten countries tried to recruit female sailors in 20 states and four countries .\nThe sub was joined by the Netherlands, Germany, Australia, Germany,  Italy and Italy in 2014, with memberships\xa0usually\xa0serving\xa0of up to 18 months. The USS Wyoming appears to be the youngest of an unnamed Navy unit .\nThe USS Virginia, a New York-based attack submarine, was hit by a missile by an enemy squad killed in late July 2014 and was seriously injured but survived .\nLawyers conduct recruit letters, recruitment emails and background checks on who’s recruiting women, to try to prevent confidential information leaking into confidential news reports .\nFour female student Septemales are enrolled at a New Jersey university; a 300-year-old woman was charged Tuesday in Georgia with four minor sex offenses as well as 60 days in custody .']",1,0.2624113475177305,0.04285714285714286,0.14893617021276598
"['(CNN)In an unusual turn of events last week, a terror plot suspect\'s desire to talk to local media put him at odds with his attorneys and landed a Cincinnati television station in federal court. At issue was a taped audio interview with Christopher Cornell and whether the station could broadcast that interview. Cornell is accused of plotting to attack the U.S. Capitol. The 20-year-old  -- who claims in the interview that he is affiliated with ISIS -- was arrested on January 14, months after his social media habits and talk of jihad put him on the FBI\'s radar, according to court documents obtained by CNN at the time of his arrest. Two days after his arrest, a court order was issued barring public contact with Cornell, who is being held at the Boone County Jail across the river in Kentucky. Last week, Cornell made a collect call to CNN affiliate WXIX, said news director Kevin Roach. That phone call initiated what ended up being an hourlong interview, Roach said. Cornell\'s attorney, Richard Smith-Monahan, argued that WXIX was in contempt of court for violating a January order ""directing the detention facility holding the Defendant not to permit outside contact by anyone with the Defendant without [defense counsel\'s] express approval."" Cornell spoke with reporter Tricia Macke. In that interview, he refuses to tell Macke how or when he first came in contact with ISIS, but he did give the reporter details on a plot to kill President Barack Obama, members of Congress, as well as an attack on the Israeli Embassy in Washington. ""I would have took my gun,"" he said.  ""I would have put it to Obama\'s head.  I would have pulled the trigger.  Then I would unleash more bullets on the Senate and House of Representative members.  And I would have attacked the Israeli Embassy and various other buildings full of Kafir who want to wage war against us Muslims."" When Macke asked him why he would plot such an attack, he said ""Obama is an enemy of Allah, therefore an enemy of us, of Islamic State.""  He said his plan for an attack on the U.S. Capitol was retaliation for ""the continued American aggression against our people and the fact that America, specifically President Obama, wants to wage war against Islamic State."" Cornell told Macke he was planning what would have been a ""major attack"" to take place in Washington on September 20, repeatedly referring to himself as a member of ISIS.  ""I\'m with the Islamic State,"" he said at one point.  ""I have connections with many brothers over there.  We\'ve been corresponding for quite some time now, actually.  The FBI finally caught on this past year."" Cornell told Macke that he used ""encrypted messaging"" to communicate with ISIS members.  He said they discussed ""how we should wage jihad in America.  We should form our own groups and alliances with the Islamic State,"" he continued. Cornell said he was serious about his plans.  ""I\'m very dedicated,"" he told Macke.  ""Like I said, I\'m a Muslim.  I\'m so dedicated that I risked my life.  That should say a whole lot."" He also warned that there were others like himself.  ""We are indeed here in America,"" he said.  ""We\'re in each and every state.  We\'re here in Ohio.  We\'re more organized than you think."" The interview was taped in three 20-minute segments and was recorded by the jail and WXIX. Roach said the jail\'s taping system only allows for 20 minutes of taping at one time, so each time the recording would stop and the phone call ended, Cornell called the station back to tell his side of the story. CNN listened']",['Cincinnati reporter interviews Christopher Cornell on the phone .\nCornell is accused of plotting an attack on the U.S. Capitol .\nCornell claims to have ties to ISIS .'],"[""Man accused of a plan to plot attacks against the U.S. Capitol Capitol .\nCNN sought permission for a interview with Cornell as part of a court order .\nCornell says he tried to get the media to ask him if they're affiliated with ISIS .\nHe denies the claims that he has intelligence .""]",1,0.3571428571428571,0.14634146341463417,0.26190476190476186
"[""Police have arrested their first suspect over the gang-rape of an elderly nun  at an Indian convent. Mohammad Salim Shaikh, 30, was detained in a hideout in Mumbai on Wednesday night and has been transferred to Kolkata, a police spokesman said. His arrest comes 12 days after the 74-year-old nun was locked in a room and raped while trying to prevent six men from assaulting another woman and robbing the Christian missionary school. Scroll down for video . Arrest: Police have arrested Mohammad Salim Shaikh over the gang-rape of an elderly nun at a Indian convent . Mumbai police commissioner Rakesh Maria said: 'The West Bengal team had the lead, they shared the information with us and sought our assistance. 'The assistance was provided and the accused was arrested from the Nagpada area and has been taken away by the Bengal team,' he told The Indian Express. CCTV was released three days after the attack showing some of the suspects leaving the staff room at the Convent of Jesus and Mary School in West Bengal. A reward of 100,000 rupees (£1,075) was on offer for any leads, police said. They detained five men for questioning but did not make any arrests. It is not known if Salim was caught on camera, Indian TV reported. Guarded: The 30-year-old was made to sit inside a police vehicle, which was waiting outside a court in Ranaghat . Careful: The guards clutched\xa0Salim's arms and made sure he had handcuffs on as they led him past the press . Arnab Ghosh, a police superintendent, said the men, aged between 20 and 30, scaled the boundary wall around 11.40pm on Friday 13 March. They entered the school and disconnected the telephone lines, he added. The robbers then tied up and gagged a security guard before entering the nuns' room, where they found the women sleeping. When the victim, who is the oldest nun at the school, tried to stop them taking another woman into a separate room they raped her. Caught: Three men were pictured on the Convent of Jesus and Mary School's CCTV but it is not known if Salim was one of them . Suspects: The CCTV footage was released three days after the attack showing the suspects leaving the school's staff room around midnight. Five other men were detained for questioning . The men escaped with some cash, a mobile phone, a laptop and a camera. They also ransacked the school's chapel and took holy items. CCTV showed books and papers strewn across the floor as the men left the staff room. Mr Ghosh added: 'At least two of them were armed and the rest were carrying burglary tools. In the chapel, a holy scripture was found torn and a bust of Jesus was broken.' The nun was taken to hospital in Ranaghat around 7am on Saturday 14. Demonstrations: Prayers were said at churches across India. Hundreds of people staged a demonstration in Ranaghat, where the nun is being treated in hospital, two days after the attack to demand justice . Sorrow: Nuns gathered in front of the convent after the attack. Archbishop Thomas D'Souza said the sisters prayed for the victim during Sunday Mass . Outrage: The robbers  tied up and gagged a security guard before entering the nuns' room. Furious residents and students took to the streets after the attack to demand justice . Atindranath Mondal, hospital superintendent, told The Times of India: 'Immediately a team of doctors attended to her and a senior gynaecologist operated on her.' She is now thought to be recovering well. After the attack furious residents took to the streets, demanding action and blocking off the main highway. Hundreds of students from the""]",['Mohammad Salim Shaikh was detained in Mumbai\xa0yesterday evening .\n74-year-old nun raped after stopping gang from assaulting another woman .\nCCTV was released of six men but it is not known if Salim was one of them .\nAttack caused days of furious demonstrations and peaceful protests .'],"[""Police arrest Mohammad Salim Shaikh, 30, in Mumbai .\nThe 30-year-old endured the nun's ordeal .\nThe robbers tied up and gagged before burgrifying a dorm .\nThe man-back, who is oldest in 10 years, thought to be safe .\nNun was held 12 days after her attackers stealing a girl at a missionary school .\nThree men were robbing the Convent of Jesus and Mary while guarding the convent .\nThree were arrested by police in Hertsbury, London for questioning on March 14 .\nThe men could be on the loose but their reward of £1,000-plus has not been arrested .\nThe India court denies claims the men obtained their help .\nPolice initially said they made no arrests, but denied it .\nThe community left outraged took to streets to demand action .""]",1,0.21739130434782608,0.021978021978021976,0.15217391304347827
"[""Police in Dallas are hunting two people linked to the death of a woman who apparently had a botched cosmetic procedure carried out on her buttocks and another who had holes caused by butt injections patched up with superglue. The suspects, named as Denise Rochelle ‘Wee Wee’ Ross and a transgender person called Jimmy Joe Clarke, also known as Alicia, are wanted for practicing medicine without a licence. Wykesha Reid, 34, was found dead on a massage table inside a business that performs eyelash extensions on February 19, with her pants partially pulled down and a blood-stained gauze on her butt. Suspects: Dallas police are hunting Denise Rochelle 'Wee Wee' Ross (left) and Jimmy Joe Clarke - also known as 'Alicia' - (right) who are linked to botched butt injections carried out on two women, one of whom died . The body was found by Clarke and police believe the victim suffered a medical emergency while having injections in her buttocks. Mrs Reid’s daughter, Keira, told police that her mother had booked a session to have ‘butt injections’ and that a woman who goes by the name of ‘Wee Wee’ and a transgender person were going to carry out the procedure. Police were also told by another witness whose boyfriend rents the business, in the 3800 block of East Side Avenue, that a person called Wee Wee and Clarke used it to perform butt injections, according to Wfaa.com. This witness works at the premises performing eyelash extensions and claims that Ross and Clarke arrived on the evening of February 19 and told her and the client she was with to leave. She also told police that Ross later urged her ‘not to break’ and lie about the fact she uses the premises. Clarke told police that she had no idea how Reid had died. The Dallas County Medical Examiner’s Office reported that it found injection marks and a silicone-type substance on the buttocks of Wykesha Reid, 34 . She claims that she arrived at the business on February 18 complaining that she ‘was not well and wanted to lay down’, so she locked her in the building overnight and discovered her body when she returned in the morning. The Dallas County Medical Examiner’s Office reported that it found injection marks and a silicone-type substance on the buttocks of Mrs Reid. The death follows a complaint to police by a 27-year-old woman who said that she visited 3800 block of East Side on February 9 and paid $520 to have buttock injections, but ended up screaming in agony when ‘unknown’ substances were used on her. The holes were then closed with superglue, she said. She later identified Ross and Clarke as the people who carried out the operation. The suspects' whereabouts are currently unknown. Neither are registered with the Texas Medical Board.""]","[""Denise Rochelle 'Wee Wee' Ross is being hunted by Dallas Police .\nAuthorities also want to speak to her colleague, Jimmy Joe 'Alicia' Clarke .\nThey are wanted for practicing medicine without a licence .\nThe suspects are linked to the death of a woman who had butt injections .\nIt's thought that the pair carried out a botched cosmetic procedure on her .\nAlso allegedly carried out butt injections using superglue on another client .""]","[""Denise Rochelle 'Wee Wee’ Ross, 36, has a base named Budphia Clarke .\nAccuser, Steph Clarke, 27, told police she lived with them in February .\nPolice also say they found injection marks and a silicone substance on her body .\nThey are all wanted for practicing medicine without a medical licence .\nWkesha Reid, 34, booked a session in Dallas on February 19 to have a boy and a dummy dummy and they were gone, she says .\nWhile the woman locked her down in wait after having to do with a 'hole-out', she decided that  she was in good health, she told police .\nLetters later told police she found her pants partially pulled down and a bloodstained gauze on her butt .\nRoss allegedly instructed her for a third\xa0joint to undergo a cosmetic butt op .\nThe victim told police when the holes were put on her body, she felt like a child .\nKylela Clarke, 26, was working at a gender-based Grant in Dallas when the coroner found her dead .\nWitness says she had sex with one of the two people and later called Michelle a 'tock butt addict'\nHer daughter, Keira, wrote that she was undershoothed on .\nthe same day she and her mother visited, telling the clinic she was well .\n2 men found silicone substance on them said 'how you know that?' and was on .\nPolice said Mrs Clarke received no results from tests .\nVictim was working for a transgender woman called 'Hardea' while Clarke and she asked him to fix her breasts .\nHe allegedly planned to enlarge her body and performed breast implants, which was deemed illegal .\nHe told her that she had had her skin removed and gave them 'baddies'\nWitnesses said Ross and Clarke made racist comments and made a threat when she was present .\nShe discovered her body in her flat when she returned in the morning after procedure .\nPolice believe both suspects were tied to a sting for two years .\nWoman who had knowledge of criminal offences told police she worked for a transgender woman .""]",1,0.2119815668202765,0.07407407407407408,0.14285714285714288
"[""The man accused of stabbing Sydney man Morgan Huxley more than 20 times has been found guilty of his murder. It took the jury just under three hours to find Daniel Jack Kelsall guilty of indecently assaulting the 31-year-old and murdering him in the early hours of September 8, 2013. Mr Huxley's family and friends let out exclamations when the verdict was handed down. Speaking outside court on Wednesday Mr Huxley's ex-girlfriend Jessica Hall said his 'life had been stolen by a worthless psychopath'. Kelsall remained expressionless in the dock as his mother Lynne and father Mark, who had sat near him throughout the trial, looked on. Scroll down for video . The man accused of stabbing Sydney man Morgan Huxley more than 20 times has been found guilty of his murder . Morgan Huxley (pictured) was fatally stabbed on September 8, 2013 at his\xa0Neutral Bay apartment on Sydney's North Shore . Mr Huxley's family and friends let out exclamations when the verdict was handed down . Deirdree Huxley (right), the mother of Morgan Huxley, and ex-girlfriend Jessica Hall, depart the NSW Supreme Court in Sydney on Wednesday . In a statement on behalf of Huxley's family, Ms Hall said her former boyfriend was 'an inspiring, generous and loving young man'. 'Morgan was beginning to make his way in the world,' she said outside court. 'He had hopes and dreams that he will never be able to realise. 'He will never get married and never be able to run around a park with his children. We love you Morgan.' It has also emerged that the killer stalked two other men in Neutral Bay, one just a week after he murdered Mr Huxley in his bedroom. One young man told police that just a week after the murder and just streets away, a man he identified as Kelsall — and wearing the same cook’s uniform — stalked him down Ben Boyd Rd almost to his front door. The young man said he confronted Kelsall, who ran off, according to the Daily Telegraph. Another man also told police he was having a cigarette outside a block of units in Spruson St several months before the murder when a man, who he later identified as Kelsall, jumped out from behind a bush. The ex-girlfriend of Morgan Huxley prepares to read a statement at the court . Deirdree Huxley (right), the mother of Morgan Huxley, and ex-girlfriend Jessica Hall (second left), depart with friends at the NSW Supreme Court in Sydney . Owen Huxley, the brother of Morgan Huxley, leaves the NSW Supreme Court in Sydney on Wednesday . Over the course of two week trial, the jury in the NSW Supreme Court heard how Mr Huxley had been discovered by his flatmate lying in a pool of blood in the doorway of his Neutral Bay apartment on Sydney's North Shore. The crown relied on a string of circumstantial evidence, which crown prosecutor Peter McGrath SC told the jury would leave them to infer only one thing - Kelsall was the killer. The first was CCTV footage which shows an intoxicated and barefoot Mr Huxley leaving the nearby Oaks Hotel around 1.30am with Kelsall breaking into a jog behind him. Kelsall tracked him into his home, indecently assaulted him as he lay on his bed, and then stabbed him at least 20 times, the crown said. His DNA had been found on Mr Huxley's penis and a single print matching his ring finger was on the businessman's bedroom door. Mr Huxley's blood was also found on the shoulder bag Kelsall was carrying that night - which the 22""]","[""Morgan Huxley, 31, was fatally stabbed in his Sydney apartment in 2013 .\nDaniel Jack Kelsall faced court this week over Mr Huxley's death .\nKelsall\xa0says he was invited to Mr Huxley's home after meeting on the street .\nThe 22-year-old told the court they had consensual sexual encounter before intruder hit him over the head and attacked them both .\nPolice reveals killer allegedly stalked other men in the area .\nOne man said he was followed the week after Mr Huxley was killed .\nMr Huxley's family and friends let out exclamations when the verdict was handed down .\nEx-girlfriend Jessica Hall\xa0said her ex-boyfriend was 'an inspiring, generous and loving young man'\nKelsall remained expressionless in the dock as his mother Lynne and father Mark .""]","[""Daniel Jack Kelsall sexually assaulted and stabbed Huxley in Sydney apartment .\nCoccurred in the early hours of the 2013, three years after killing .\nHe was found dead in his locked Lexus locked room in Neutral Bay .\nMr Huxley's ex-girlfriend Jessica Hall has served just two weeks and 36 months (just in prison on Kelall)\nIn a statement released by family Ms Hall described a 'specially generous and loving' person who had previously helped other disabled people .""]",1,0.3238095238095238,0.10576923076923077,0.1904761904761905
"[""South Africa skipper AB de Villiers' accomplished showing with bat and ball helped the Proteas to a 146-run World Cup victory over the United Arab Emirates in Wellington. De Villiers underpinned South Africa's innings with a sparkling 82-ball 99 as they reached 341 for six, before taking two for 15 from three overs as the UAE were bowled out for 195 in response with 15 balls remaining. De Villiers surprisingly fell one run short of his century, but will take consolation from having smashed four sixes to take his total to 20 at this showpiece - the most at the tournament - and a record 36 in 21 World Cup matches overall. South Africa captain AB de Villiers (right) inspired his country to a comfortable win against the UAE . The explosive batsman hit 99 for the Proteas as they continued they impressive form in the World Cup . De Villers also took two wickets with the ball at the Wellington Regional Stadium on Thursday . The victory was as comfortable as the margin suggests for South Africa as the UAE slumped to a fifth defeat in as many World Cup games. The Proteas, already through to the knockout phase, set the formidable target after being asked to bat first at Westpac Stadium. De Villiers shared a 108-run fourth-wicket stand with David Miller, after Hashim Amla (12), Quinton de Kock (26) and Rilee Rossouw (43) had departed, and added a further 53 in partnership with JP Duminy. Miller was dismissed one run short of his half-century at the start of the 37th over, bowled by Mohammad Naveed, who claimed figures of three for 63. De Villiers had been let off the hook on 63 when he offered a caught-and-bowled chance trying to go down the ground to Amjad Javed, and looked set to notch his hundred only to slice a wide length ball from Kamran Shazad straight to Javed at short third man. His departure signalled the arrival of Farhaan Behardien, though, and his quick-fire 64 not out from just 31 deliveries kept the South African score racing along. Farhaan Bahardien also shone for South Africa with the bat in Wellington . UAE have lost all five of their World Cup games so far this year and were 45-3 after 12.3 overs . Duminy (23) became Naveed's third victim when he was trapped lbw, but Behardien and Vernon Philander (10 not out) took the total past 300 in an unbroken 49-run seventh-wicket stand. The UAE's long-shot chances of chasing down that total were dealt a heavy blow as they slumped to 45 for three after just 12.3 overs. Morne Morkel led the early charge for the Proteas, dismissing Andri Berenger (five) and Khurram Khan (12) as he took two for four from his first four overs, while Duminy claimed Amjad Ali's (21) wicket in between. Shaiman Anwar and Swapnil Patil put on 63 in a fourth-wicket stand that provided a brief respite, but when Anwar (39) sent Imran Tahir's delivery straight to mid-wicket they began to tumble again. Saqlain Haider (seven) replaced Anwar at the crease, but he only lasted three overs to become De Villiers' first victim of the day, before Javed (five) followed suit soon after to leave the UAE on 125 for six with 15.4 overs left. De Villiers rounded off his display with a simple catch as Naveed (17) top-edged Philander tamely to mid-wicket and the subsequent departures of""]",['South Africa reach 341 for six off their 50 overs in Wellington .\nProteas had already sealed qualification for the next round at World Cup .\nAB de Villiers hits 99 and takes two wickets in comfortable victory .'],['Captain of South Africa inspired Proteas to a 146-run World Cup victory .\nThe UAE hosts were beaten 45-3 in New Zealand .\nDe Villiers scored 99-102 from 215 balls as his captain .\nDe Villiers hit four runs with two batsmen .'],1,0.34146341463414637,0.1,0.24390243902439024
"[""They are known as some of nature's most reclusive predators, and it seems this owl was keen to live up to that reputation when it was spotted by a photographer in a park in the Czech Republic. Peeking out from behind a tree, the huge bird of prey appeared to play hide and seek with senior engineer and photographer Jiri Michal as he tried to capture it on film. The amusing game of peek-a-boo took place in Vysoka, a small village in the country's hilly east, while the seven-year-old male owl was out hunting. Surprise: A great grey owl pokes it head out from behind a tree as\xa0Jiri Michal, 34, a senior engineer and photographer, captures the bird of prey on film . Playing games: Mr Michal, who spent three hours trying to photograph owls before spotting this one, said he wasn't sure what the bird was doing, but it appeared to be playing a game with him . Mr Michal, 34, of Pilsen, Czech Republic, said: 'I wasn't sure what this mischievous owl was doing, however it kept poking its head out from behind this tree as if it was playing a game with me. 'Owls are definitely my favourite birds. They have amazing eyes and are always pleasure to photograph.' Mr Michal said he had been photographing the birds for three hours when he spotted this one roughly 20ft away. He added: 'This owl was not in the mood to play for too long, and straight after I took these pictures he flew off. 'I'm forever thinking up new ideas for what to photograph and I love nature as a whole. From the smallest insects to the larger birds and mammals, they must all be protected.' The great grey owl is the largest species of owl, measuring up to two and a half feet in length, and lives in northern America, Canada, and northern Europe. Despite owl's reputation as night hunters, great grey owls often seek out prey during the day, perching high in branches and using their excellent hearing and eyesight to track down prey. Now you see me: The great grey owl is the largest species of owl, measuring up to two and a half feet in length. Despite the animal's reputation for being nocturnal, this species often hunts during the day . Youngster: Mr Michal believes the owl was a male, and was around seven years old, making it relatively young. Captive birds have been known to live up to 27 years old . Their large face, and two disc-shaped plumes of feathers around their eyes, act as satellite dishes, filtering sound into two highly sensitive ears under the feathers. Their hearing is so acute that, during the winter months, the owls often hunt by swooping low over snow drifts, listening for the sound of voles or gophers moving around underneath. Their large, soft feathers and slow, deep wingbeats mean they are nearly silent as they move, so as not to scare their prey away. Once they have locked on to a target underneath the snow, they will use their sharp talons to plunge through the ice and drag their meal out. While the birds are not migratory, they will roam for miles around their usual hunting grounds if prey becomes scarce.""]","['Jiri Michal, 34, spotted owl while walking in park in west Czech Republic .\nAnimal seemed to be playing game with him while hopping around a tree .\nGreat grey owls can reach more than two feet long and hunt in daylight .']","['Great grey owl spotted appeared to be playing game with bird of prey in peek-a-boo .\nMigratory species of birds normally live for 27-years old .\nDrummer Jiri Michal, 34, of Pilsen, Germany, is keen because of its reputation for night hunting .\nEventually he pointed to a small tree belonging to a male great grey owl .\nA female owl age is 7, while an adult is around 7 .\nThe owl is nocturnal and usually hunts swooping low over drifts for prey .']",1,0.328125,0.1111111111111111,0.1875
"[""Manchester City manager Manuel Pellegrini has spoken\xa0to Sportsmail's\xa0Pete Jenson ahead of their Champions League last-16 showdown with Barcelona. Here are the top 10 quotes from the interview with the Chilean boss. Manchester City manager Manuel Pellegrini has spoken  to\xa0Sportsmail's Pete Jenson . Pellegrini on Manchester City's triumphs last season going unrecognised . 'We were fighting on all fronts. We won the Capital One Cup, reached the quarter-finals of the FA Cup, played in the Champions League and we won the League scoring 157 goals. Liverpool only had one competition and that's an enormous advantage.' Pellegrini on Liverpool getting the attention . 'The slip from (Steven) Gerrard? They lost that game 2-0, not 1-0. If he had not slipped, does it end in a draw? We'd still have been two points ahead of them. So why was it Liverpool losing the league and not us winning it?' Pellegrini on being told to buy English players . ‘It is important to have English players but can you sign them? Can you get (Raheem) Sterling? Maybe if you go to Liverpool with £100million you can. If I want an English player in the position of (David) Silva who is there? Maybe (Wayne) Rooney, but who else?' Pellegrini on European silverware . 'Manchester United in all of that great era under (Sir Alex) Ferguson only won two Champions Leagues. Real Madrid went 32 years without winning the European Cup. It is important to be there in the later rounds but you can't think that not being there is a disaster.' Pellegrini poses with the Premier League trophy in May 2014 after he saw his team win the title . Pellegrini on Barcelona . 'You can talk about tactics and technique but if you go a man down against Barcelona, you're put in a terrible position. It is not a disgrace to get knocked out by them. Their squad, if it is not the best in the world, it is the second best. No other team can put together Leo Messi, Neymar and Luis Suarez but I want to play them with 11 and if they knock us out then let that be because they were better than us.' Pellegrini on his days as a centre back before becoming a manager . 'If you want to say I was a disaster of a player then say it. But give me another disaster of a player who played almost 500 games across 14 years.' Pellegrini on Manchester City's riches . 'This year Liverpool, Arsenal, Chelsea and Manchester United have all spent more than us. People don't accept that we are trying to become a big club in a very short time. I don't think there's such a difference between the top five or six squads.' Pellegrini feels English clubs aren't helped in European competitions by the domestic fixtures during winter . Pellegrini on the festive fixture list . 'English football gives other leagues an advantage. There are some traditions you can't change, I realise that. Boxing Day is non-negotiable. But you can't play nine games in December and nine in January. You have to stop at some point.' Pellegrini on James Milner . 'It would be very difficult to find a more complete player than Milner. There are players who are better technically. There are quicker players. There are players who head the ball better. But show me a player who does all the things that Milner does well and there isn't one. 'You leave him on the bench and he is furious, but watch him during the game, encouraging and shouting. And in the next training session he kills""]","[""Read Sportsmail's interview with Manchester City boss Manuel Pellegrini .\nPellegrini feels his team's triumphs last season went unrecognised .\nCity face Barcelona on Wednesday, away in the Champions League .\nPellegrini wants a fair fight at the Nou Camp to try to overturn the 2-1 loss .\nGael Clichy was sent off in the first leg and Pellegrini is up for round two .\nCLICK HERE for all the latest Manchester City news .""]","[""Manchester City manager talk to Sportsmail's Pete Jenson .\nManuel Pellegrini spoke about Champions League last season .\nHe said English clubs thrive in Europe without equipping them .\nPellegrini on Capital One Cup third place .\nPellegrini's recent history including winning the Champions League .\nPellegrini beat AC Milan 1-0 last summer .""]",1,0.32558139534883723,0.12598425196850396,0.21705426356589147
"[""My daughters had told me the hotel was a favourite of Kim Kardashian so I thought it would be big, brash and boastful... and it was. But Atlantis the Palm - which sits at atop the world's largest artificial islands created in the shape of a palm tree - is also beautiful, and that is not what I had expected. The Dubai resort, which opened in 2008, was clearly designed by someone who loves the sea and tales of the lost city. Scroll down to watch the journalist's video . Atlantis the Palm was clearly designed by someone who loves the sea and tales of the lost city . Every column, ceiling, painting and even door handle has been carefully crafted to remind the visitor that sea-life is central to its operation. The complex is big, very big. Ever visited the London Aquarium? The Atlantis has its own version inside the hotel, but with 11 million litres and 65,000 marine animals it's more than five times as large. At Atlantis we stayed in an executive suite, but for visitors who can't get enough of watching marine life, the underwater suites feature floor to ceiling views of the aquarium. You can watch the sharks, piranhas and sea horses as you soak in your bath or even from the comfort of your bed. For visitors who can't get enough of watching marine life, the underwater suites feature floor to ceiling views of the aquarium. You can watch the fish as you recline in your bath or even from the comfort of your bed . The Dubai resort, which opened in 2008, is a favourite of Kim Kardashian and her mother Kris . Priced at £6,000 a night these are aimed at honeymooners, however, I suspect most honeymooners will be otherwise engaged to appreciate the view. But as a keen fisherman seeing all those wonderful creatures must have triggered some primeval and we dined on seafood all week. Deciding which restaurant to visit at Atlantis the Palm was never an easy decision, but with such a wide range of culinary delights it was a dilemma that we enjoyed - the only problem was remembering the location of a particular restaurant because the hotel was so vast. A favourite was the hotel's award-winning seafood restaurant, Ossiano and as expected, the food and service was superb. The restaurant has a floor to ceiling glass wall and the view of the aquarium was simply mesmerizing - conversation consisted of 'Wow, look at the colours on that one' or 'I have never seen a creature like that'. Stevie and his wife enjoy dinner at the hotel's award-winning seafood restaurant, Ossiano . The hotel is a 20-minute car ride from the city centre, but to ensure that you don't feel like straying, the hotel has 21 restaurants, bars and lounges to entertain its guests. During our exploration we managed to sneak a look at the 924 square-metre Royal Bridge Suite, where Kim Kardashian and her friends stayed in November. Pictured: A close-up view from the table at dinner . Located on top of the hotel, the three bedroom pad can be yours for around £28,000 per night - which by my rough reckoning equates to more than 30 pence per second - and a private lift takes you up the 22 floors. You can eat haute cuisine on a gold leaf dining table, cooked by your own personal chef, surrounded by expensive works of art while enjoying panoramic views of the Arabian Gulf. We spent the week living like children - we fed the stingrays, sped across the estate on a zipwire and embarked on a shark safari which saw us putting on suits and helmets and wandering around a tank with the beasts. But even if we hadn't booked up for all of that, we would have been quite content with the time we spent in Atlantis'""]","[""Atlantis the Palm sits atop the world's largest artificial islands .\nThe Dubai resort designed with tales of the lost city in mind .\nIt boasts an aquarium with 11 million litres of water and 65,000 creatures .""]","[""Iantis the Palm fell back home after being inspired by the lost city .\nThe hotel is currently an award-winning seafood restaurant .\nThe hotel's executive and water suites offer floor to ceiling views of underwater .\nThe views of sharks, piranha and superb dolphins are hypnotising .\nFury dining on a shark safari, surrounded by art, and exploring in whole .\nHow well your cat could look out on Kim Kardashian's brother playing golf courses .\nEntreuxive included sweeping around a supertanker on a zip wire and diving golfing in the Arabian Gulf waters .\nLocated at the city centre, the hotel mocks huge car gates - even at the very most beautiful things .\nIt's hard to limit excellence and 'purseur' of Prince's adventures. Try it .\nTop floor apartment has visually stunning views of the Thames, at $32k .\nIt was including the stunning Ocean but we had to wait for the sea too sobs. We chose South of Caen's eco-£20k gym in Bromley .\nFrom there we got panoramic views of sting rays jumping on a plastic ball and a tanking in the sea. The beauty of blooms and concussions. Wait when""]",1,0.1452991452991453,0.05172413793103448,0.10256410256410256
"['If you’re a woman in the US and you want the best quality of life, Minnesota is the place to be, according to a new study. It came top of the pile in a study of all 50 states, plus the District of Columbia, that looked at over a dozen factors to establish the best and worse for women to live in. To coincide with\xa0Women’s History Month,\xa0WalletHub\xa0looked at, among other things, how much women in America’s states earned, health care standards and employment and poverty levels. Scroll down for video . After Minnesota it found that the next best states to live in are Massachusetts, Vermont, Maryland and New Hampshire. South Carolina, Oklahoma, Louisiana, Mississippi and Arkansas came bottom of the pile. Number one for women’s health care is Vermont and number one for economic social and well-being is Maryland. The best place for a woman to earn big bucks is the District of Columbia, according to the study, and the state with the lowest unemployment rate for women is North Dakota, with Nevada having the highest number of jobless women. New Hampshire scored very well when the researchers analysed education levels, with the state having the lowest high school dropout rate in the country. Arizona was found to have the highest dropout rate. If you’re a woman in the US and you want the best quality of life, Minnesota (pictured) is the place to be, according to a new study . For a long life, it seems that President Obama’s birthplace of Hawaii is the place to be – it has the highest Life expectancy at birth, with Mississippi registering the lowest. WalletHub said that it drew its conclusions after looking at data from sources including the U.S. Census Bureau, the U.S. Bureau of Labor Statistics, the Centers for Disease Control and Prevention and the National Center for Educational Statistics. It said: ‘Much work remains to be done in the name of social progress. In some states, women continue to fall behind their male counterparts in various measures. For instance, women represent nearly two-thirds of all minimum-wage workers in the U.S. And in the 22 states that have refused to expand their Medicaid programs under the Affordable Care Act, women comprise the majority of poor uninsured adults.’']","[""Minnesota came top of the pile in study that looked at over a dozen factors .\nWalletHub looked at earnings, health care, education and poverty levels .\nLife expectancy for women is highest in Obama's birthplace, Hawaii .\nThe District of Columbia is where women in the States earn the most .""]","['New Hampshire has ranked number one in a survey of all 50 states plus Washington DC .\nA Harvard University study looked across the US, including New Hampshire, Massachusetts, and Vermont .\nBest state for women’s education and life is\xa0South Carolina,  the best place for women in the rest of the states .\nShaska has the lowest level; highest is Washington DC, DC .\nFlorida followed by Nevada and Minnesota with the highest rates for women while in the top 25 .\nThe Dominican Republic, a top nation in family readiness, ranked citizens at 8th, but ranks poorly in the top 14 .\nAs shown in surveys, the progress of social work is slow and will take some time to create a sense of social equity to all women, recommended to women by the NCRU .\nFlorida’s high school school graduation is the highest-performing school with the highest rate. Iowa and Iowa are good; but it has not been on its way for 20 years to the White House .\nCleveland was the top state of 49 states; four had jobs without a college degree .\nThe lowest rate of income correlates to three times higher unemployment as a whole than poverty .\nThe top state for income, care, education and well-being was South Carolina, which was the lowest state at birth .\nThe state has the lowest high school dropout rate and has the best education for economic social and well-being .\nVermont has not the only state with great statistics; that one came bottom of it, with an unemployment rate of only 1.2\nArizona has the lowest health insurance rate rate in the country and the one with the highest education level.\nFlorida’s basic income was the highest level. It is three times the higher unemployment rate in poverty .\nMinnesota had the lowest income of any 49 state; the lowest was lowest (1. 4) .\nFor years of health and wellness, the state ranks the lowest and of the bottom three states, the state or nation is Minnesota (1. 6)\nWhite males had one tenth largest pool of upwardly-educated males as well, far above the pool of white males .\nAlaska is the very one top third of states to have the highest unemployment rate (1.5) if it had a worthless college degree; this shouldn’t be the case; there’s a tiny listed county; it is in ten black .\nNew Hampshire  ranks the bottom third of any 49 state; is ranked 24th .\nEach had the highest number of school students as well as one place was a college degree college .\nSurvey’s survey will include 6 specific questions, likely the ones that']",1,0.14028056112224452,0.03219315895372234,0.08817635270541083
"[""Jordan's Queen Rania is spearheading a push to encourage more people to travel to the Middle Eastern kingdom despite terrorist threats or political turmoil in neighbouring countries. Speaking exclusively to MailOnline Travel, she said she is surprised that more Britons don't visit Jordan and assurred holidaymakers that it is safe and filled with unique experiences. 'Britons prefer an unconventional experience and we have so much to offer,' she said. Scroll down for video . Queen Rania, pictured, says tourists to Jordan should expect a 'warm' reception from locals . Her comments came during a tourism event in Amman in which the 44-year-old royal also said the country was stuck 'between a rock and a hard place' - a reference to the conflicts that have blighted the Middle East since 2011. Despite Jordan's 'bad neighbours', she continued, Britons and others should consider the country 'safe' to visit. Since the murder of pilot Muath al-Kasasbi, 26, at the hands of ISIS in February, tourism to the country has plummeted by 17.8 per cent - continuing a trend that begun two years ago. Tourism to Jordan has plummeted by 17.8 per cent - continuing a trend that begun two years ago . Just a five-hour flight from the UK, Jordan is around 15 degrees warmer and abundant with fascinating history and culture. The striking reds and soft undulations of the desert, the implausibly beautiful valley of Wadi Rum rum, cut into the sandstone and granite and the bouyant Dead sea waters should be enough to stir your wanderlust. In the Unesco World Heritage Site of Petra, famous for its rock-cut architecture and water conduit system visit the treasury and the ancient Nabatean aqueducts. Or explore the Greco-Roman city of Jerash, taking in the monuments including the Temple of Artemis and Temple of Zeus. Climb the 800 steps of the Ad-Deir Monastery or go camel trekking through the desert at sunrise. As a result, the country is desperately trying to drum up interest abroad, with tourism chiefs pointing the continued calm in capital Amman and in major tourist sites such as Petra. However, Jordan has borders with both Iraq and Syria, and is part of the coalition currently conducting air strikes targeting the terrorists of ISIS. Nevertheless, according to Queen Rania, the country is totally safe to visit and was at pains to point out that visitors should expect a 'warm' reception from locals. The country is desperately trying to drum up interest abroad, with tourism chiefs pointing the calm in Amman . Tourism is worth an estimated £2m a year to the Jordanian economy and is one of its biggest employers . 'Here in Jordan, we see tourists as more than visitors - we see them as our guests,' she added. 'People will invite you to share a cup of tea or a meal. You will always get a warm welcome.' The royal also spoke of the country's history, which includes more than 500,000 sites of archaeological interest, among them 12 crusader-built desert castles and the mighty Petra, and of its striking Dead Sea coastline. Tourism is worth an estimated £2million a year to the Jordanian economy and is one of its biggest employers.""]","[""Jordan's Queen Rania spoke exclusively to MailOnline Travel in Amman .\nTourism worth around £2m a year and is one of its biggest employers .\nFor the last two years tourism to Jordan has plummeted by 17.8% .\nCountry borders Iraq and Syria and is\xa0conducting air strikes on ISIS .""]","[""Violent groups have blighted the Middle East since uprising in 2011 .\nJordan's official spokesperson says tourism is the 'eater and cold' link .\nShe also said the country is 'not between a rock and a hard place'\nSince February, a Jordanian pilot was an ISIS fighter in Jordan .\nBut overall tourism remains low and low as King Abdullah has targeted even more terrorists .\nLocal tourism group says nothing has gained from fears but things have improved .\n'Jordan underestimated the tourist market by reacting solely to having no tourists in close proximity ... to the extreme west'""]",1,0.29139072847682124,0.0,0.13245033112582782
"[""Swirling through the air in mesmerising saucer-like shapes, these exceptionally rare lenticular clouds are the most common explanation for UFO sightings.\xa0The remarkable-looking disc shapes were spotted by amateur photographer Glenn Spencer, 42, in the sky above\xa0Chester in Cheshire. The formations, also known as wave clouds, were scattered over miles, producing a stunning spectacle.\xa0Rarely seen in the UK, lenticular clouds are formed when a tall geographic feature, such as the the top of a mountain, obstructs a strong wind. The interruption in airflow creates a wind wave pattern in the atmosphere on one side of the mountain and at the top of these waves, moisture in the air condenses and forms a cloud.\xa0As air moves down into the trough of these waves the water evaporates again, leaving behind clouds in a characteristic lenticular shape. Mr Spencer noticed them while driving to the shops and was so amazed that he stopped the car to retrieve his camera from the boot.\xa0He said: 'I tried to follow them to higher ground to get a good view. They were just so mesmerising and I thought they looked amazing.\xa0It is easy to see why people mistake them for UFOs. They are brilliant. I've never seen anything like it.' Scroll down for video . Rare spectacle: These\xa0lenticular clouds, also known as\xa0altocumulus standing lenticularis, are hardly ever seen in British skies . Stunning: They form when wind blows over high ground and then undulates down in a stream of waves creating a rippled effect as the air cools . Commonly mistaken for UFOs:\xa0The clouds are sometimes reported as UFOs, particularly the flying saucer, because of their lens shape . How they form: They occur when the air meets obstructions such as mountains and the clouds' thickness creates incredible contrasts of light . Mesmerising: Amateur photographer Glenn Spencer, 42, noticed the flying saucer-shaped clouds as he was driving to the shops in Cheshire . Pilots of powered aircraft tend to avoid flying near lenticular clouds because of the turbulence of the rotor systems that accompany them .""]",['Extraordinary lens shapes are exceptionally rare\xa0lenticular clouds and are also known as wave clouds .\nThey are hardly ever seen in the UK but were spotted by an amateur photographer in the sky above Cheshire .\nThe rippling effect is created by cooling air and the clouds are the most common explanation for UFO sightings .'],"['Any aircraft is in contact with mountains can cause the lenticular phenomenon .\nTheir forms can be formed when a mountain obstructs winds over high ground .\nWhen the unusual formation is spotted, both drivers and tourists flock to the phenomenon .']",1,0.20202020202020202,0.0,0.16161616161616163
"[""The Prime Minister will condemn 'warped' sense of political correctness which prevented council staff from reporting abuse for fear of appearing racist . Teachers, social workers and councillors who turn a blind eye to child sex abuse will face up to five years in jail under plans for a new criminal offence. It comes as David Cameron today vows to eradicate the ‘culture of denial’ surrounding the issue. The Government has decided to act following an official report that found at least 1,400 children were subjected to appalling sexual abuse in Rotherham between 1997 and 2013. Children as young as 11 were raped by multiple perpetrators, abducted and trafficked to other cities in England. The Prime Minister will say a ‘warped’ sense of political correctness contributed to local authorities not acting. The inquiry found there were fears among council staff of being labelled racist if they focused on victims’ descriptions of the majority of abusers as Asian men. There have been separate allegations of decades of paedophile activity by powerful individuals in churches, hospitals, schools, political parties and the BBC. New measures will be unveiled at a summit in Downing Street attended by victims and survivors’ groups, police chiefs, council leaders, health and social care professionals, and child protection experts. Ministers plan to introduce a new criminal offence of ‘wilful neglect’ of children suffering abuse, and apply it to social workers, teachers and elected council members. A similar offence has recently been introduced in the health service and is punishable by up to five years in jail or an unlimited fine, and unlimited fines for organisations. As well as new sanctions for public sector workers who fail to protect children, the Government will announce a new national helpline for professionals to blow the whistle on bad practice. Child sex abuse is also to be prioritised as a ‘national threat’ by police and crime commissioners and chief constables. The Prime Minister will say: ‘We have all been appalled at the abuse suffered by so many young girls in Rotherham and elsewhere across the country. ‘Children were ignored, sometimes even blamed, and issues were swept under the carpet – often because of a warped and misguided sense of political correctness. 'That culture of denial which let them down so badly must be eradicated. Shaun Right, the former \xa0Police and Crime Commissioner of South Yorkshire, resigned over the scandal . 'Today, I am sending an unequivocal message that professionals who fail to protect children will be held properly accountable and council bosses who preside over such catastrophic failure will not see rewards for that failure. ‘But it is not just about introducing new policies. It is about making sure that the professionals we charge with protecting our children – the council staff, police officer and social workers – do the jobs they are paid to do.’ The new offence of wilful neglect will apply when there has been a failure to act when a court concludes that a ‘moral duty’ to do so exists. It is expected to sit alongside a separate ‘mandatory reporting’ law, which would apply in schools, hospitals, churches, or sports clubs operated by a national body. Similar laws already exist in Northern Ireland, Australia, the United States and Denmark which impose a legal duty on professionals such as teachers, social workers, police and doctors to report suspicions of abuse or face legal consequences.""]","[""Government decided to act following revelations of Rotherham scandal .\nAt least 1,400 children were abused in area between 1997 and 2013 .\nChildren as young as 11 raped by multiple people, abducted and trafficked .\nCouncil staff were scared to report the abuse for fear of seeming racist .\nPrime Minister is to condemn the 'warped' sense of political correctness .""]","['David Cameron vows to tackle failing to act due to a sense of political correctness .\nThe report reveals a reported furient of child sex abuse that police officers and crime officers deliberately ignored .\nAlso, it is not enough to stop the attack on Asian girls, however, warn police officers .']",1,0.3157894736842105,0.08928571428571427,0.1929824561403509
"['(CNN)Barring a revelation from his parents or girlfriend, we may never know what was going through the mind of Andreas Lubitz in the moments leading up to the crash of Germanwings Flight 9525. What we now know is that all indications point to Lubitz as the perpetrator of the crash, locking the pilot out of the cockpit and setting the aircraft on a fatal trajectory into a remote mountain range in the French Alps. Every day, more details come to light, as the world struggles to make sense of why a 27-year-old German man would apparently choose to deliberately crash a plane with 150 people on board, including himself -- and remain so calm while doing it. When investigators searched Lubitz\'s home in Dusseldorf, they found medical leave notes ""slashed,"" suggesting Lubitz was hiding an illness or illnesses from his employers. The dates for which Lubitz was excused from work included the day of the crash, though investigators have not yet revealed the reason he was excused, if any reason was written on the notes by his doctor. We do know, from a German aviation source, that Lubitz passed his annual pilot recertification examination last summer. An official with Lufthansa, the parent company of the budget airline Germanwings, said that the exam only tests physical health, not psychological health. ""He was 100% fit to fly without restrictions,"" Lufthansa CEO Carsten Spohr told reporters at press conference last week. ""His flight performance was perfect. There was nothing to worry about."" Spohr added that Lubitz had ""interrupted"" his training, which he began in 2008. That break lasted several months, he said, but that such an interruption isn\'t uncommon. Lubitz suffered from ""generalized anxiety disorder,"" with severe depression symptoms dating back to 2009, according to French newspaper Le Parisien. While the main medical clinic in Dusseldorf denies it was treating Lubitz for depression, German investigators found antidepressant medications in Lubitz\'s apartment, according to published reports that CNN has not yet been able to independently confirm. Die Welt, a German newspaper, over the weekend cited an unidentified senior investigator, who said Lubitz suffered from ""severe subjective burnout syndrome"" and severe depression. ""Someone who has a significant depressive episode or depressive disorder will oftentimes get an antidepressant alone, and many times will have a good resolution of those symptoms,"" CNN Chief Medical Correspondent Dr. Sanjay Gupta told Poppy Harlow Sunday on ""CNN Newsroom."" ""People who relapse or develop more of what is called a psychotic depression in addition may have symptoms of psychosis. Maybe they could be having delusions or hallucinations, but the idea is having breaks with reality."" One of the medications Lubitz was prescribed is said to be Agomelatine (an antidepressant medication), according to Le Perisien. Antidepressants can sometimes make people suicidal, especially those suffering from schizophrenia and bipolar disorder. Other times, they can make patients manic or psychotic. The drug\'s list of warnings and precautions include metabolic changes -- such as weight gain -- and the potential for cognitive and motor impairment. ""Has potential to impair judgment, thinking and motor skills; use caution when operating machinery."" In 2010, Lubitz received Olanzpine injections (an antipsychotic medication) ""to treat OCD,"" according to Le Perisien. Doctors advised Lubitz to be more active, practice a new sport and regain self-confidence. ""This is a powerful medication,"" said Gupta. ""If this is true, it sort of reads into the severity of just how bad the psychosis was, at least at one point in his life."" There are other things besides psychosis for which the drug may be administered, but that\'s the most common use. One of']","[""Investigators believe Andreas Lubitz deliberately crashed Germanwings Flight 9525, killing himself and 149 others .\nLubitz suffered from anxiety and depression symptoms dating back to 2009, French newspaper reported .\nDoctor: It's 'rare for depression to cause people to kill other people'""]","['Officials have been tracing Andreas Lubitz from gunman, not crash ""attacker""\nInvestigators say doctors hid Lubitz medical leave notes hidden .\nLubitz suffered from anxiety and depression .\n""Inclusion isn\'t surprising, but maybe it\'s a ploy to buy his out, get better,"" analyst says .\nA patient suffers depression and other difficulties, might have a ""albertal illness,"" says a psychiatric doctors .\nAdmit had Lubitz\'s depression at first; it was ""other things,"" expert says .\nThis is a very ""standard practice,"" a psychiatric medication expert says .\nSources from the patient\'s psychiatrist\'s notes show he asked the patient to check if his mood was ok afterward, analyst says .']",1,0.22516556291390727,0.09395973154362416,0.17218543046357615
"[""A bust of Vladmir Putin, depicting the Russian leader dressed as a Roman emperor, is to be unveiled in St Petersburg. The Roman-style statue is being gifted by St.Petersburg’s fiercely nationalist Cossack community to commemorate the allies’ victory over Nazi Germany in the Second World War. The comparison of the strongman with the leaders of ancient Rome was in-part inspired by Putin’s decision to back pro-Russian separatists in the Ukraine,Newsweek reported. The clay mould was designed by a St. Petersburg sculptor, backed by the city's popular Cossack community . The bust is at the St Petersburg's Academy of arts, ahead to its unveiling at an underground station . St Petersburg’s traditionalist Cossack group Irbis, a popular organisation supporting Slavic military values, said the bust of Putin will be placed at an underground station in north St Petersburg. The city, formally Leningrad, is Putin’s home town. The bust’s designer, sculptor Pavel Greshnikov, was quoted as saying he had considered portraying the Russian leader in a suit and tie, in military fatigues and even in medieval armour. The statue is complete with a laurel wreath and other trappings of the Roman Empire. It is at Greshinov’s workshop at the St Petersburg Academy of arts, ahead to its unveiling. Putin may have upset some people with his Ukrainian activities, but in his hometown he is still popular . Cossacks have grown in popularity in Russian since the fall of communism in the 80s and 90s. The group, which prides itself on military valour and its Russian Orthodox Christian roots, has particularly warmed to Putin’s increasingly traditional values. Andrey Polykov, a local Cossack leader in St Petersburg, backed the creation of the Putin Statue. Lenin was commemorated in bronze throughout the USSR. However in many places the statues were torn down after the fall of communism . He was quoted as saying the Russian leader was one of the country’s ‘brightest’ and most ‘positive’ heads of state for ‘the last hundred years or so’. Polykov claimed Putin had a record as a peacemaker following wars in Georgia in 2008 and Moldova in the early 1990s. Boris Yeltsin, Putin’s predecessor, has also been immortalised in sculpture. A statue of the post-Soviet leader was erected in Yekaterinburg in 2011. Andrey Polyakov said his Cossack community had been planning for a long time to erect the Putin statue .""]","[""Vladmir Putin to be shown in a laurel wreath and a wearing a Roman tunic .\nCossacks chose the St Petersburg statue to mark victory against Nazis .\nTraditional group said the idea was inspired by Putin's stance on Ukraine .\nSculptor said he considered putting Putin in a suit of armour or in fatigues .""]","[""Tone is a 'traditional' style .\nparody, dressed as a .\nRoman-style emperor of the Roman Empire .\nSting is in Russia's Stetersburg town of St Petersburg .\nThe Cossacks expelled 540,000 troops from Europe during the Cold War .\nWidely backed .\nthe Soviet allies, as Hitler and backed Hitler for power .""]",1,0.2727272727272727,0.018518518518518517,0.18181818181818182
"['Labour MP Frank Field has complained angrily to Green Party leader Natalie Bennett over claims a Green protester tried to photograph him after he had a heart attack. There were fears for veteran campaigner Field’s life when he collapsed at a rowdy meeting in his Birkenhead constituency last weekend. Field, 72, recovered after being taken to hospital. But Labour supporters claim Green activist Colin Dow tried to photograph him as he lay on the floor unconscious waiting for an ambulance. MP Frank Field has complained to Green Party leader Natalie Bennett over claims a Green protester tried to take a photograph of him after he had a heart attack . ‘To take a photo of someone who has just had a heart attack would be a despicable thing to do,’ Mr Field told The Mail on Sunday. ‘Some members of the Green Party are the kind of people who infiltrated the Labour party in Merseyside years ago. We got rid of them and some have resurfaced in the Greens. This kind of behaviour has no place in public life. ‘Everyone thinks the Greens are cuddly and fluffy but the truth is very different. It is high time Natalie Bennett denounced them.’ The incident occurred during a meeting hosted by Mr Field to discuss plans to sell-off of the site of Rock Ferry High School. Green activists, including Mr Dow, led protests. ‘Had I been closer, I would have taken a picture,’ Colin Dow said . Mr Field said: ‘I told the police I did not want the protesters to force the meeting to be stopped. I was happy to continue. Later, I felt chest pains and collapsed.’ Mr Dow, a former Labour party member, last night confirmed he took his camera out when Mr Field collapsed but was told by a Labour councillor not to take a picture. He said he complied but denied he was being ‘insensitive’ as it was a public meeting. ‘Had I been closer, I would have taken a picture,’ he said. He claimed others present did take photographs, and he hit back at Mr Field on his Facebook site, challenging the former Labour Minister’s ‘imagined version’. He said the MP behaved ‘insultingly’ towards protesters.']",['Labour MP Frank Field complained to Green Party leader Natalie Bennett .\nClaims Colin Dow tried to take a photo of him after he had a heart attack .\nThere were fears for Field’s life when he collapsed during a rowdy meeting .\nMr Dow denied he was being ‘insensitive’ because it was a public meeting .'],"[""Labour MP was pictured at a meeting in Birkenhead yesterday .\nHe was awaiting ambulance when he arrived but collapsed after suffering chest pains .\nBut he claims the former Labour Minister compared his appearance to leader Timothy Powell .\nMr Dow said he thought the Green Labour party leader was being 'insensitive'\nSaid that the alleged incident bore the hallmarks of a deeply racist group .\nHunt have now attended the recountmaker's appeal .\nGreen Party’s leader claims she did not attend .""]",1,0.36879432624113473,0.10071942446043165,0.2127659574468085
"[""A ‘deceitful’ businesswoman has been left with a £100,000 bill for tricking her husband into believing he was the father of their son born after IVF treatment. Minutes after the ruling, the victim of the con was reduced to tears as he read a statement in which he described the actions of his ex-wife as ‘absolutely appalling’ and pleaded to remain part of the boy’s life. ‘I live in hope that when he is 18 he looks for me… and be part of my life again,’ he said. ‘He is truly missed.’ A lecturer who said his former wife deceived him into thinking her son born via IVF was his has won £100,000 after a court heard the boy, who is now nine years old, was conceived using another man's sperm . The man – a lecturer in his sixties who cannot be named for legal reasons – thought the boy was his after the couple visited a fertility clinic. But the woman, who is in her 50s, had returned a few months later with an ex-boyfriend and was impregnated with his sperm. 'I wanted my former wife,\xa0and her former boyfriend, to realise the consequences of their deceitful actions practised over almost six years. It has deeply affected me and my family, but most importantly their own son and my ex-son, which is absolutely appalling. This four-year litigation has been incredibly difficult and stressful and I have sometimes felt: “I think I am in the wrong film”. Not only did my ex-wife commit the deceit but she misled her own child too. I can’t imagine what my then “son” must have felt to have had a loving father substituted by another man – how can she (and he) sleep at night? They used me to ... support him economically whilst maintaining a secret little family life behind my back. I live in hope that when he is 18 he looks for me, and I and my family can show him how much we loved him and he can be part of our lives again. He is truly missed.' Her deceit was only revealed when, following their divorce, the man sought further contact with the boy. Central London County Court heard that the couple married in 2002 and two years later they went for IVF treatment in Barcelona. The boy was born in 2005 but the pair separated when he was just six months old and their divorce was finalised in 2008. At no time did the man know that the boy was not his, said his barrister, Thomas Brudenell. ‘It is hard to imagine a more cruel deceit,’ he said. The court heard that the man had looked after the child when the woman was working away from their London homes and had paid more than £80,000 in maintenance over the following years. But in 2011 a dispute arose over the amount of contact he was having with the youngster – and the woman then dropped the ‘bombshell’ that he was not the biological father, which was confirmed by a DNA test. It led to her ex-husband claiming damages for the ‘distress and humiliation’ he had suffered along with the return of maintenance and compensation for loss of earnings. The court heard the pair had a troubled marriage when they had IVF in 2004. They then fell out, so when the woman returned to the IVF clinic in 2005, she took an ex-partner, whose sperm was used to conceive . The woman said there had been no deceit, no fraud and no misrepresentation, but Judge Deborah Taylor found in favour of her ex-husband. The judge accused the woman of being an ‘untruthful witness’ after finding""]","[""Court heard man and woman, who had troubled marriage, had IVF in 2004 .\nThey had a row, so woman returned to clinic with former partner in 2005 .\nIt was then that she conceived their son using former partner's sperm .\nBut husband said he was not told of this until the child was five years old .\nHe was today awarded £40,000 in damages at London's County Court .\nJudge also ordered wife to pay his legal fees, believed to be £60,000 .\nMan lost contact with boy, but hopes son 'will find me' when he's 18 .""]","[""Lure that her son's child, born via IVF, was false .\nThe woman had met and cared for the boy when they were in marriage .\nCourt heard she broke down and believes he was her ex-boyfriend .\nRuling for the damages claimed by the man has already reached £100,000 .\nThe victim spoke of her ex-husband 'I am unconcious .\nThe woman was living with him since their divorce which ended when she is 30 .\nThe ex-husband had to be found guilty of crime after her .\nDNA evidence tests that boy was son and father .\nMan not in attendance at IVF clinic for regular visits .\nHe recanted and so was scouted the child was the man's biological father .\nShe later kept the man in touch with her son and they also returned to the clinic .\n'Pertile and humiliation,' is the word used\n\nJudge ruled not that, he did tell police that an ex-boyfriend committed .\nThe judge ordered she keep him in custody for the custody process .\n'Tick' language: The experience was 'sexually awful'\nBut the mother left crying in the courtroom .""]",1,0.3436426116838488,0.05536332179930796,0.15807560137457044
"[""An Australian cyclist has taken a tumble just before the finish line during the European women's cycling tour, after a spectator's hand reached out and hit her handlebars. Loren Rowney was just metres away from finishing the\xa0Molecaten Drentse 8 in The Netherlands, when a hand emerged from the side barrier crowded by spectators. It appears to have grabbed onto Rowney's handles, which sent her flying over her bike. The 26-year-old managed to crawl over to the finish line but is believed to have suffered a broken collarbone, the Sydney Morning Herald\xa0reports. An Australian cyclist has taken a tumble just before the finish line during the European women's cycling tour, after a spectator's hand reached out and hit her handlebars . Loren Rowney was just metres away from finishing the Molecaten Drentse 8 in The Netherlands, when a hand emerged from the crowd along the side barrier . The 26-year-old managed to crawl over to the finish line but is believed to have suffered a broken collarbone . South-African born Rowney laid on her back until medical officers helped her off the track. While the Australian came seventh place, race winner and two-time world champion Giorgia Bronzini of Italy described the finish as 'strange'. 'I thought at first that maybe it was my fault,' she said, the Herald reports. 'But I've already seen the footage and it looks like a spectator grips her wheel. Very strange.' Rowney took to Twitter to thank everybody for the well wishes. 'I'll try and get back to you all... it's hard with 1 arm! on my way to Hamburg for treatment,' Rowney wrote on Friday. Rowney took to Twitter on Friday to thank everybody for the well wishes . Loren Rowney (right) with\xa0after the Pro Women's Grand Prix during Prudential Ridein London in 2013 .""]","[""Loren Rowney was competing in the Molecaten Drentse 8 in The Netherlands .\nBut just metres before the finish line,\xa0a spectator's hand reached out and hit her handlebars .\nThe 26-year-old flipped over her bike and reportedly suffered a broken collarbone .\nThe cyclist was able to crawl over the finish line and came seventh place .""]","[""Loren Rowney was just metres away from finishing a race on a passing handlebar when a hand reached out .\nBut the 26-year-old the 27-year-old was crawling back\xa0over but is believed she suffered a broken collarbone .\nFellow winner Natalia Pedanni claimed she was hanging from the bottom of the race .\nThe woman competed for an hour 0.01 of the way at Drentes .\n'It was 'the craziest [competitive appearance] I had to witness,' says two-time leadist .\n'My hand may have taken hold of my wheel, very strange,' she tweeted on Friday .\n'I try to get back to you all it's hard with 1 arm!' on way to Hamburg for treatment .""]",1,0.32183908045977017,0.1395348837209302,0.25287356321839083
"['(CNN)A lot of people have ventured to Paraguay over the years in search of some sort of a dream. My great-great-grandfather, Jean Bourdain, was one of them. I\'ve looked for this mysterious ancestor before -- in Uruguay, with my younger brother Chris. We were disappointed when our trail ran cold. We were left with a cryptic reference to the news that Jean had died in Asuncion, Paraguay. Which raised the questions: ""What the hell was he doing in Paraguay?"" And ""Where is Paraguay, anyway?"" Roots: Our Journeys Home . It\'s certainly a country few of us know much about. Landlocked by its better-known neighbors, Paraguay is probably best known for being a hideout for escaped Nazis and for a succession of truly spectacularly lurid, out-of-a-comic-book dictatorships -- the last being the administration of Gen. Alfredo Stroessner. It\'s certainly a country few of us know much about. Landlocked by its better-known neighbors, Paraguay is probably best known for being a hideout for escaped Nazis and for a succession of truly spectacularly lurid, out-of-a-comic-book dictatorships -- the last being the administration of Gen. Alfredo Stroessner. When I first looked at the possibility of making a television show there, many years ago, descriptions of the country by visitors were not promising: crime, corruption, counterfeiters, failed institutions, looted banks -- in short, a backwater. I thought I\'d use the dubious quest for ""The Missing Bourdain"" as the spine of a show, a framework to investigate one of the least-known nations in the Americas. My crew, looking at various storytelling structures, settled on the terrific film ""The Limey"" as a rough template. In that film, Terence Stamp, playing a just-out-of-prison career criminal, voyages to Los Angeles in search of answers after the death of his daughter. In this week\'s ""Parts Unknown"" episode, I explore Paraguay (and my family\'s past) in similar nonlinear fashion. It\'s an amazing-looking show. Everybody who worked on it, handcrafted it, is convinced it\'s some of their best work. What I found out -- about Paraguay, about my family -- surprised me. I hope it entertains you.']",['Bourdain goes looking for the story of his long-lost great-great-grandfather in Paraguay .'],"['A lot of people have ventured to Paraguay over the years .\nMy great-great-grandfather, Jean Bourdain, was one .\nWoodward film star of ""The Missing Bourdain"" ""Travels"" in search of his family .\nFeds: Slain American jailer survived attempted assassination .']",1,0.2222222222222222,0.03846153846153846,0.14814814814814817
"['William Tallon was more than just the Queen Mother’s favourite servant. He rose from impoverished beginnings to become her confidant and close friend. As the first part of a remarkable new biography revealed last week, Tallon was also a predatory homosexual who breached Royal security by bringing young men back to Clarence House at night. And he made powerful enemies. Here, in the final extract of Backstairs Billy, we reveal that courtiers took their revenge by banishing him from the Queen Mother’s side, shamefully disregarding her wish that he should be allowed to live at Clarence House for the rest of his life. And whatever became of his meticulous diary, the ‘black book’ of life with the Royals? So close: Billy with the Queen Mother on her 88th birthday in 1988 (right). He cuts a lonely figure in 2003 (left), a year after her death . Within days of Billy Tallon’s death in November 2007, a small group of men were seen entering his flat in Kennington, South London. All Billy’s possessions were boxed up and put in storage. There is no proof that things went missing, but the speed with which events occurred shocked his friends, one of whom said: ‘It was all very odd. Would you expect your former employer to visit your house and go through your things? We don’t know for sure, but that’s what we think happened – the Royal household had sent a team to go through Billy’s possessions before they were sold...’ Billy Tallon would tell anyone who listened that the Queen Mother had promised him that his little gatehouse cottage at Clarence House would be his home for life. ‘I thought she had left instructions to that effect but I could hardly ask her to put it in writing to me,’ he said. ‘I suppose I was rather naive in thinking that a letter would survive if it meant everyone had to put up with me for a few more years. In some ways they were quite ruthless, you know.’ Rumours: Billy said he knew Princess Diana was having affairs while still married to Prince Charles . Some months after the Queen Mother’s death in March 2002, Billy received a short letter telling him that Gate Lodge had to be vacated. The deadline gave him little time, but he obediently packed his things and left. There was no leaving party, no letter of thanks, no formal goodbye. An official made sure he was out on time. Billy didn’t find his new life easy. His 51 years of service had given him no time to learn how to live in the evenings and at weekends. For years he had organised lunches and dinners for the Queen Mother, but he had never had to make his own meals. Now his life of privilege was over: he shambled along to the shops like any other elderly single man. He began to eat irregularly and sometimes not at all. He was also shocked at the cost of a good bottle of wine. Billy had developed a taste for the finer things in life and he was suddenly cut off from them all. But there were compensations. Billy was an amusing man with a remarkable history and he was invited to an endless series of parties, which gave him a faint glow of the life he had once enjoyed with the Queen Mother. ‘I go to these things because I find it so difficult to be on my own,’ he confessed. ‘I enjoy the parties, but would happily give them up if I could go back to my old life.’ Billy spent night after night in his local pub, The Dog House, where he would get drunk and invite all and sundry back to the flat – anything was better than being alone']","[""Queen Mother's royal courtier William Tallon was known as Backstairs Billy .\nRose from impoverished beginnings to become her confidant and friend .\nBut he also breached protocol and brought young men to Clarence House .\nOther courtiers took revenge by banishing him from Queen Mother's side .\nAlso denied her request that he should be allowed to live at Clarence House for the rest of his life .""]","[""Billy died from the disease in 2007 at his home .\nInside his flat, a small group of men saw him dispose of his possessions .\nAll box up, without knowing why, and kept in safe storage .\nAll his fifth marriage is believed to have resulted from Billy's death .\nBut despite that William was stuck by his ancient life and the family castle .\nBoys always was allowed to run back out, and they shut him down .\nWilliam said I would never be king, but my mother had promised. She was right. But my sweetheart didn’t call me. She had to call me.\nHer sister Margate Thornham must be called. She must be captured. What would her sister’s husband unaccountable?""]",1,0.30208333333333337,0.03157894736842105,0.11458333333333334
"[""Wales captain Sam Warburton is expected to be fit for the vital RBS 6 Nations clash with Ireland on March 14. Warburton suffered a knee injury in the 20-13 victory over France in Paris on Saturday night which catapulted Wales back into championship contention. The 26-year-old had ice applied to the knee immediately after leaving the field at the Stade de France and it had been feared that he would miss the visit of Grand Slam hopefuls Ireland to the Millennium Stadium. Wales captain Sam Warburton is expected to be fit for the vital RBS 6 Nations clash with Ireland on March 14 . But the Wales management team have said Warburton will return to training later this week and the openside flanker's deputy Justin Tipuric has been released from the squad to play for his region the Ospreys this weekend. 'Sam suffered a contusion to his knee,' said a Wales team statement on Monday evening. 'He will continue to be monitored by the medical team and will return to training later this week.' Warburton (centre) suffered a knee injury in the 20-13 victory over France in Paris on Saturday . Outside-half Dan Biggar, who scored Wales' decisive try against France, will also return to training later this week after suffering a hip injury in Paris. But Bath loosehead prop Paul James, a late second-half replacement for Gethin Jenkins in Paris, has been ruled out for the rest of the tournament with a fractured thumb and will miss the next four to six weeks. Wales announced earlier that they had released 12 players back to the regions this weekend, among them Tipuric and British and Irish Lions winger Alex Cuthbert who was dropped for the Paris victory in favour of Liam Williams. Warburton breaks out in a smile during a pres conference with head coach Warren Gatland .""]",['Sam Warburton suffered a knee injury in the 20-13 victory over France .\nIt had been feared that he would miss the clash with Ireland .\nBut he is now expected to return for the Six Nations match on March 14 .'],"[""Wales captain Sam Warburton will play for Ireland for .\nThe vital RBS Six Nations clash against Ireland .\nWarburton suffered a knee injury after coming off the bench for 20-13 in Paris .\nSam Warburton will have six caps against Six Nations in his career .\nThe three-time Cardiff head coach has been unable to tackle the game board for this tournament .\nWhers in the place of KurtCautin replacement Dan Biggar after suffering a hip .\nTigers prop Foley will miss out following his thumb ruled fractured .\nBath are hopeful Andrew Barr will now make way for England against Wales at the weekend .\nBathland lure Graham Wilson and Ruan Priestland from Bath in autumn .\nJames ruled out of Six Nations for six months after hamstring failure in comeback .\nMcCamberwell offered condolences just last week but\xa0will\xa0on the OBS website saying he would not consider his future .\nBut Bath\xa0former second-half prop is set to withdraw from squad after his injury .\nPaul Moore will withdraw for six weeks after an upset over Paul James .\n21-year-old GethinJenkins had dislocated shoulder in Paris .\nRangers captain Ospreys looked fine on his ankle .\nNineteen-year-old winger\xa0Pola Munroolo has\xa0roubled himself to fit but 'looking forward to beginning of the Six Nations\xa0\n""]",1,0.2307692307692308,0.08527131782945736,0.16153846153846155
"['Most parenting advice says you don\'t have to worry if your baby doesn\'t start speaking until around 18 months. But that won\'t be an issue for Toni and Paul McCann from Ireland whose adorable son Cillian said his first word at just seven weeks old. The tiny tot, who is now nine weeks old, was filmed by his 36-year-old mother who says that she knew he had been trying to communicate for a while. In an adorable video, filmed by his mother Toni, Cillian McCann, then seven weeks old says his first word . Cillian has three older sisters, Toni revealed that her little girls, Sophie (bottom right), Eva (bottom left) and Ellie (top), did not start talking at such an early age . Toni said: \'He was trying to speak for a while but that day I knew he was trying to say something. \'I\'d read that babies communicate from a young age and to give them space to answer when you talk to them. \'That was I was doing that day and because he was so alert and making such good eye contact I decided to video him. You can tell my total shock when he came out with ""hello"".\' In the short clip, Cillian can be seen moving his mouth around trying to talk. After making several attempts he eventually comes out with his first word. Toni, who has three older daughters Sophia 12, Ellie, 11 and Eva, eight, said that she knew other people would be shocked when they saw the film. In the video Cillian is seen struggling to get his word out, but with a bit of encouragement from his mother he finally says hello . She said: \'If I hadn\'t have videoed it I\'m sure people wouldn\'t have believed me. I don\'t think I would have believed it myself! \'After that he said it again to my daughter Eva although it wasn\'t as clear. When he has been focused and interacting with me since that day I have been telling him ""I love you"" and I can see he is trying to copy that! \'I have three older girls and never experienced this with them although I think I probably just talked ""at"" them and didn\'t give them space to respond.\' Toni says that Cillian was very alert from a young age and had been trying to make out words since he was just five weeks old. This happy family snap shot shows the clever little boy resting on the back of one of his sisters, Eva (left), Ellie (middle) and Sophia (right) Toni said she is pleased that her little boy, pictured with his sisters Sophia, (left) Eva, (middle) and Ellie (right), can bring so much joy to the world . She said: \'He loves his sisters but from a very young age he always responded most positively to interaction from his dad, my husband Paul. \'From about five weeks old his little tongue would stick out when his dad was talking to him. I realise now he was trying to talk because that\'s what he does in the video.\' And people have been very impressed by their talented son. \'People\'s reaction has been so lovely,\' said Toni. \'Lots of people have said it brightened their day. Lots of people say they can\'t stop watching it. A girl I know said it is a perfect example of the love between mother and child! \'Some people don\'t believe it\'s real, that it\'s been edited but on the whole most people love it. That is really lovely for me as there is so much bad in the world it\'s great that my wee son is spreading some joy.\'']","[""Cillian McCann was filmed by his mother Toni at seven weeks old .\nIn the clip the little boy can clearly be seen trying to speak to his family .\nAfter several attempts he manages to say 'hello'\nThe average child can say six words by the time they reach 18 months .""]","[""Cillian McCann, seven, was filmed six weeks by 36-year-old mother Toni, 39, from Ireland .\nIn a video he is now nine weeks old, he said his first word .\nThe video was shared by his mother Toni and released last week to show the amazing response they have given him .\nToni said: 'He has not a lot of language' but his body language is remarkable .""]",1,0.3305785123966943,0.08403361344537816,0.23140495867768593
"[""Everton midfielder Leon Osman believes Sunday's 2-1 win at QPR proves the Toffees do have the fighting qualities to win ugly when they need to. Aaron Lennon sank Rangers with a 77th-minute winner to move Everton up to 13th in the Barclays Premier League and nine points clear of the relegation places. Everton have been accused of being too soft this season after failing to replicate last year's fifth-place finish, but Osman insists they showed their mettle with a battling display at Loftus Road. Leon Osman believes Everton's win over QPR on Sunday shows the Toffees can win ugly when needed . Osman points at goalscorer Seamus Coleman after the defender had fired Everton ahead at Loftus Road . 'Certain games sometimes call for certain styles of play and the way the game goes dictates how you end up playing,' Osman said. 'Every time we lost the ball it was sent up to the edge of our box so we had to fight and scrap for second balls. 'It was a scrappy match defensively but we proved we can do that side of the game and then once you've done that, you have the opportunity to hit teams on the counter attack, which we tried to do. 'There was probably not as much football played as we usually like but there's no problem winning like that as well.' Aaron Lennon (left) celebrates after scoring the winning goal for Everton against Queens Park Rangers . The victory was Everton's second in a row in the league and saw Roberto Martinez's side bounce back from a disappointing 5-2 Europa League defeat to Dynamo Kiev on Thursday. 'It was a massive win for us after we suffered a big disappointment in the week,' Osman continued. 'It hasn't quite happened in the league this season so to put back-to-back wins together was really important for us. 'We were terrific at the back, especially Phil Jagielka. I thought he was at his best and we dealt with all their situations quite well. The winger slots home the crucial goal to move the Toffees closer to safety with the win at Loftus Road . 'It was always going to be difficult with the pitch as it is and with the way they played. 'They made it difficult for us but we stood up to that challenge head on and came away with a victory. 'We've still got eight games left and we're going to concentrate on those games now and just see how many points we can pick up.'""]",['Everton beat QPR 2-1 at Loftus Road in the Premier League on Sunday .\nLeon Osman believes the Toffees showed their mettle in victory .\nThe Blues eased relegation fears with their second league win in a row .'],"[""Everton currently sit ninth in table in the Premier League this weekend .\nThey sit eight behind ninth while Roberto Martinez''s side are at 16th .\nQues Park Rangers boss Roberto Martinez's side resigned in January .\nFulham keeper Dan Kighthead earned a 2-1 win against QPR on Sunday .\nBut the 34-year-old started his game conceding a goal to close gap .\nRangers drew 1-1 in the second-half of the Premier League against Arsenal FC on Saturday .\nEverton now home 13th in Premier League after beating QPR 2-1 away at Loftus Road on Sunday .\nThey would be returning to the top to set up the points, and Aaron Lennon impressed and scored the winning goal, replacing Phil Jagielka .\nBut in the second half of the match, Lennon said: 'We lost the ball, we fought hard and we are struggling' .\n'I felt they were playing the same every night. It's also good that they were playing the same team we played, there when we aren't in the same position we're getting better .\n'The bottom four teams, it's going to be tough to keep up with last week and it won't get us back. I see 'we've still got eight games left and we're going to concentrate on those games now and just to see how many points we can pick up'\nEver captain Leon Osman conceded that 'we still haven't quite taken on criticism in the league'\n'20% of us put our heads in the back net here, we let it go to the forwards so we'll play us that way'\n'Terrorism only works when you're playing in the Barclays Premier League meaning that you're on the counter-attack against teams'""]",1,0.16049382716049385,0.055900621118012424,0.09259259259259259
"['The documentary is presented by Ian Dunn (pictured) one of the founders of the reviled Paedophile Information Exchange (PIE) BBC bosses have sparked outrage by broadcasting a historic film presented by a notorious child sex campaigner – and have refused requests to remove it from the internet. The documentary is presented by Ian Dunn, one of the founders of the Paedophile Information Exchange (PIE), which campaigned to legalise sex with children. It is one of 30 archive films on the BBC’s website telling the history of the gay rights movement. The 30-minute documentary – Glad To Be Gay? – portrays Dunn as a legitimate gay rights activist and makes no reference to his role in setting up the reviled group. Victims of child abuse described as ‘horrifying’ the decision to upload the film. When The Mail on Sunday contacted the BBC to point out the documentary was causing offence, the broadcaster refused to take it down – on the grounds that it is a ‘significant’ work on the history of gay rights. The documentary, first shown on the BBC in 1976, shows the lives of gay people at a time when homosexuality was still illegal in Scotland, and featured interviews with future Foreign Secretaries Robin Cook and Malcolm Rifkind. It was an episode of a public access TV series called Open Door, and the BBC website states it was made by the Scottish Minorities Group and credits Ian Dunn as a presenter. Dunn, who died in 1998, is shown describing the work of the group in Edinburgh, while Mr Cook and Mr Rifkind were interviewed about their opinions on gay rights. The footage includes Dunn calling for the age of consent to be lowered, stating: ‘We think a boy considered old enough to take responsibility of bringing up a family is surely old enough to make up his own mind.’ But there is no mention in either the original documentary or on the BBC website of Dunn’s role in campaigning for adults to be allowed to have sex with children. When MoS contacted the BBC (headquarters pictured) to point out the documentary was causing offence, the broadcaster refused to take it down – on the grounds that it is a ‘significant’ work on the history of gay rights . In October 1974, Dunn had co-founded PIE as an offshoot of SMG, and wrote that its goals were to campaign ‘for the legal and social acceptance of paedophilic love’. Last night representatives of victims of child abuse said the BBC’s decision was at odds with refusing to show repeats of Top Of The Pops featuring disgraced DJs Jimmy Savile and Dave Lee Travis. Catherine Allen, of sexual abuse victims’ charity One In Four, said: ‘This is horrifying and shows complete contempt for those who suffered at the hands of Ian Dunn and other members of PIE. ‘I believed the BBC had learned lessons from the Savile saga but they still aren’t taking sexual abuse seriously.’ Dr Jon Bird, of the National Association for People Abused in Childhood, called on the BBC to remove the film or amend it to make viewers aware of Dunn’s warped views. The BBC said: ‘This video – which doesn’t involve or discuss any children – was considered a significant programme on gay rights and has been online for many years.’']","[""BBC bosses have sparked outrage by broadcasting documentary film .\nHistoric film is presented by notorious child sex campaigner Ian Dunn .\nOne of 30 archive films on website telling history of gay rights movement .\nPortrays Dunn as a legitimate gay rights activist and makes no reference to his role in setting up the reviled Paedophile Information Exchange (PIE)\nBBC say film is ‘significant’  and refused to remove it from their website .\nCampaigners say decision is 'horrifying' and shows contempt for victims .""]","['The documentary is presented by the reviled Paedophile Information Exchange .\nThe documentary features Ian Dunn, one of the founders of the group .\nHe has been solicited money to make films in the group by Tory campaigners .\nThe BBC footage includes Dunn calling for age of consent to be lowered .\nUnclear - if it caused offence, the film is on the internet .\nCampaigners has compared the treatment of gay people to the legislation .']",1,0.3926380368098159,0.12422360248447203,0.22085889570552147
"[""Martin 'Mad Dog' Allen returns with his latest  column for Sportsmail. The Barnet manager admires Jose Mourinho's courage in playing Kurt Zouma against Tottenham but takes aim at the sluggish strikers currently masquerading as Manchester United stars. MOURINHO'S GOT BALLS! Chelsea manager Mourinho threw Kurt Zouma in against Tottenham to shield the back four, to stifle and stop the opposition in the League Cup final. They were rewarded with a clean sheet. How many managers would have the confidence to play a centre-back in central midfield in a cup final at Wembley? In front of 90,000 fans and millions watching across the country - across the world. It must be said, Mourinho’s game management is second-to-none. It was no surprise that their goal in that game came from a set play and their second on the counter attack. Jose Mourinho's game management is second-to-none, particularly when it matters most . He soaks up the pressure, waits for the game to open up and frustrate the opposition. He knows within his ranks he has game winners who will score. The work ethic he has drawn from those technically brilliant players is astounding. His ranting and raving about the injustices from referees puts pressure on the officials into giving Chelsea better decisions. He is the master at it and keeps all the attention and focus off his player. But above all, he’s got balls. The Chelsea manager threw youngster Kurt Zouma in to protect the back four against Tottenham . SLIPPING AT THE TOP . The pressure, the anxiety, the expectancy, not rotating enough? What is it about the top teams slipping up at this point in the season? Getting close to the finishing line, you start looking over your shoulder. We all know running a race it’s better to chase a person in front than to be looking behind you. I don’t know the answers, I wish I did. In the Championship we’ve seen Bournemouth fall from the top, Wycombe Wanderers have done in League Two, my club Barnet have fallen behind in the Conference. Even Mourinho’s Chelsea had a blip, although they are managing it well. We see it right across all sports. We see it in golf in the Masters every Sunday night at Amen’s Corner. We see it when cricketers get into the 90s and are chasing a century. We see it in darts when the players start missing doubles. Over the next two months, the teams who come out on top will be the ones with the goal-scorers, who maintain their self belief throughout it all. Eddie Howe has seen his Bournemouth side slip away from the top of the Championship recently . UNITED’S SLUGGISH STRIKE FORCE . How slow is Radamel Falcao? And Robin Van Persie has lost half a yard of pace from his days at Arsenal. You can’t fault Falcao for his work ethic and atittude. He most definitely has that. But he lacks a yard or two of explosive speed. Manchester United have crept up on to the shoulders of the Champions League places, but there is far from enough pace and athletic ability in the group to make it into the top four. Radamel Falcao has failed to hit the ground running and appeared slow in a Manchester United shirt . Robin van Persie seems to have lost half-a-yard of pace under Louis van Gaal at Old Trafford . ONE PERSON I KEEP HEARING ABOUT... DARRELL CLARKE, BRISTOL ROVERS BOSS . Darrell Clarke has grafted through the lower levels where he had success. As a player he was at Mans""]","[""Kurt Zouma's switch to in front of the back four was a masterstroke .\nChelsea won the Capital One Cup thanks to Jose Mourinho's tinkers .\nManchester United are struggling up front with players who are too slow .\nNeighbours Manchester City are missing something in their DNA .""]","[""Jose Mourinho's match management is second-to-none this season .\nLouis van Gaal's\xa0Manchester United are eighties at the moment .\nRobin van Persie seems to have lost pace at United .\nGraham Pollock: Manchester United lost half of their pace under Louis van Gaal .\nNycombe have a match scoring muck but will have true faith, he says .\nGraham: Does this slip mean there isn't enough faith for the club to have the bottom of their games this season to get?\nThe high-tiesse teams can take advantage of some of the most important weekends .\nThose teams who are comfortable with the team winning - don’t want to just lose them to .\nIn the long run the teams have the talent, the buys and being ensured that they will succeed .\n teams who aren't prepared for the big teams, like Barnet and Stoke City, were bygone flop .\nCity, Inter and Dortmund are the tight races .\nAnd they are the few teams in Europe with the biggest name chasing it .\nScoring is secondary to the best players who have been to semi-finals for three straight years .""]",1,0.19999999999999998,0.0504201680672269,0.125
"[""Sydney has become one of the world's growing  hotspots for ultra-millionaires, outranking the likes of Moscow and Los Angeles, a new report has revealed. Sydney has claimed the 14th spot in a survey of 40 of the most important cities in the world for the wealthy by Knight Frank. Ultra High Net Worth Individuals (UHNWIs) must have a net worth of more than $30 million to qualify for membership of the exclusive rich-list. According to a list of Australia's wealthiest people by BRW, Gina Rinehart, James Packer, Frank Lowy, Harry Triguboff and Anthony Pratt are among some of the country's richest citizens. Sydney has been listed as one of the world's fastest-growing cities for ultra-millionaires\xa0with 764 UHNWIs . Billionaire Gina Rinehart \xa0recently listed her extravagant property in the exclusive Sydney suburb of Mosman . Rinehart has an estimated wealth of $20bn, Pratt and family's wealth is estimated at $7bn as is Packer's and Lowy's. Triguboff is thought to have a fortune of over $5bn. Sydney is home to most of Australia's wealth with 764 UHNWIs, followed by Melbourne at 456, Perth at 267, Brisbane at 249 while Auckland  sits at 557. The Knight Frank Wealth Report's annual Attitudes Survey found London remains the single biggest centre for global UHNWIs, followed by Tokyo, Singapore and New York. Still, Knight Frank's head of research and consulting, Matt Whitby, said that over the past 10 years, Australia has grabbed fourth spot in terms of countries with the greatest foreign inflows of High Net Worth Individuals (HNWIs). 'Of these HNWIs, there were 1,734 UHNWIs living in Australia in 2014, that is, someone with a net worth of over US$30 million. Sydney currently accommodates almost half of these individuals, with the capital cities of Melbourne (26%), Perth (15%) and Brisbane (14%) taking up the balance. The report's Global Cities Survey expanded to 40 cities for the first time, collecting data from 108 major metropolitan centres to rank the UHNWI population numbers. Billionaires James Packer and\xa0Anthony Pratt are among the Australia's high-profile wealthiest residents . Harry Triguboff is the founder and managing director of closely-held Meriton Pty and Australia's biggest apartment developer . Sydney has the highest concentration of UHNWIs, and high-profile Australians have maintained their properties across the state. Billionaire Gina Rinehart, from Perth, recently listed her extravagant property in the exclusive Sydney suburb of Mosman. Rinehart's daughter Hope Welker and her husband Ryan previously lived in the stunning harbourside home before moving to New York in 2011. Billionaire casino mogul James Packer recently revealed his new dream to build the world's finest luxury six-star hotel Barangaroo in Sydney. Melbourne topped the second state in the country with 456\xa0Ultra high net worth individuals (UHNWI) in 2015 . Sydney outranked countries including Madrid (pictured) after claiming the 14th spot of UHNWIS in 2015 . Sydney is home to most of Australia's wealth with 764 UHNWIs, followed by Melbourne 456 and Perth 267 . Football Federation Australia (FFA) chairman Frank Lowy is reportedly living in one of Sydney's affluent suburbs of Point Piper with his family. The Wealth Report's annual Attitudes Survey studied cities where the wealthy congregate, work, invest, educated and spend their leisure time. 'One of the clear trends to emerge from the Global Capital Markets Survey results is the increasingly global nature of private investments,'""]","[""Sydney is listed as one of the world's fastest-growing cities for millionaires .\nKnight Frank survey revealed the world's top 40 cities for rich dwellers .\nUltra High Net Worth Individuals are defined as worth more than $30m .\nSydney home to 764 UHNWIs in 2015 - the most of any Australian city .""]","[""The Knight Frank Wealth Report published list on 6,000 World's most Powerful High-Intelligent UHNWI list, including Melbourne and Sydney .\nThe list would top the cities' list .\nMelbourne listed as the most powerful city, Knight Frank Wealth Report .\nNewcastle has the highest concentration of wealth, with one of world's wealthiest areas in Sydney .\nIt has claimed the 14th spot in the Knight Frank Wealth Report .\nSydney is the world's highest ranked city with 764  UHNWIs .\nLydney has the highest concentration of\xa0topless\xa0UHNWIs .\nWestern Australia ranks top of the list .\nHighest in Australia wants to build the world most expensive hotel on the six-star list .\nLondon was listed as most rich by the Knight Frank Wealth Report using data from 109 cities .\nIndia is top city in Australia and most likely to be identified as elite\xa0wealth .\nSingapore has populations increasing at capacity due to the  lavish lifestyle .\nAustraliaWas one of the 6,000 world's wealthiest\xa0apprentice\xa0developers .\nBut there are other continents and global cities making the rankings too, with Singapore top the list .\nAustralia, ranked 34st""]",1,0.25409836065573776,0.07438016528925619,0.16393442622950818
"[""Venus Williams has suggested she is likely to follow her sister Serena and end her 14-year boycott of the prestigious Indian Wells tournament next year. The 34 year-old American gave her clearest indication yet that she would return before the end of her career following a 6-3 7-6 victory over Caroline Wozniacki that took her into the quarter finals. Venus has not played in March's high profile WTA event in the Californian desert since 2001 when, as has been well-documented, she made a late withdrawal from a semi-final match against her sister with a knee injury. Serena subsequently got a hostile reception when she played in the final. Venus Williams has suggested she will return to Indian Wells doe the first time since 2001 . The elder Williams sibling reached the quarter finals of the Miami Open on Monday . Williams shakes hands after defeating Carloine Wozniacki in straight sets at the event in Key Biscayne . Rory McIlroy's former fiancee could not contend with Williams' game, going down\xa06-3 7-6 . The younger sibling ended the family boycott this year, and now it looks like both of them may well be back as well in 2016. Asked what she thought of Serena's warm reception at Indian Wells earlier this month Venus responded: 'It was wonderful to see. I definitely watched every moment, and it was great to see her and my family there. Next year will be a big year for us being an Olympic year. I can't exactly say what my schedule will be, but it was wonderful to see her reception.' Did that mean she had softened her own stance? 'Oh, yeah, absolutely. I have heard so much about how much the tournament has just improved in general in terms of the fans and the players. 'So it will be something to see for me.' Serena is comforted by her family after being jeered by the crowd when winning at Indian Wells in 2001 . The world No 1 returned to the tournament this year where she reached the semi-finals . Williams plays a shot on the run during her fourth round victory over\xa0Svetlana Kuznetsova in Miami . Venus said that she had not fully discussed the matter with Serena but went on: ' I think really what Serena did and how she went about it was just awesome for me as a big sister to see, because I feel like usually I'm the big sister. I feel like in this instance she took the role of big sister. 'It was really nice. I love how, you know, we continue to protect each other no matter what. She did a fantastic job out there, even though she wasn't feeling her best. So like I said, I think the tournament's amazing. I also said next year is an Olympic year, so my whole focus is on trying to get to the Olympics. 'So I don't know what tournaments I'm going to play as long as I'm at the Olympics. That's my goal, to be healthy enough. So I think it would be awesome to return, but I don't know what my schedule is next year. It's going to be all around that.'""]",['Venus Williams has hinted she will return to Indian Wells next year .\nVenus withdrew from the tournament in 2001 before sister Serena was given a hostile reception in the final .\nWorld No 1 Serena returned to BNP Paribas Open for the first time this year .\nVenus defeated\xa0Caroline Wozniacki to reach Miami Open quarter finals .'],"['World No 1 recently said that she would return to play at the tournament last year .\nThe 34-year-old sister is the American who won at\xa0sack Wells earlier beat by Williams .\nShe recently crashed out of her matches against the Williams sisters with knee injury .\nLike her on Monday she ended family boycott of Indian Wells in 2011 .\nThe elder Williams had reached the Miami Open in the Indian Wells .\nVenus is 6-3 against Wozozniacki\xa0in Melbourne .\nAfter going down 6-6 7-6 in Miami, she said she will need to catch a warm reception when she returns .']",1,0.34355828220858897,0.12422360248447206,0.18404907975460122
"['Los Angeles authorities say are working with the FBI to build a criminal case against millionaire Robert Durst\'s wife and she may testify against her husband to avoid criminal charges . Durst is currently being investigated for the shooting death of Susan Berman in 2000 and police say wife Debrah Lee Charatan, 58, allegedly tried to help Durst flee to Cuba before his recent arrest. The New York Post reports that Charatan, who married Durst less than two weeks before Berman\'s death, could face a federal charge of aiding and abetting a flight to avoid prosecution. Los Angeles authorities say are building a criminal case against millionaire Robert Durst\'s wife Debrah Lee Charatan (pictured in 2012 and 2014) and she may testify against her husband to avoid criminal charges . If convicted, Charatan could do up to five years behind bars. \'The wife is definitely in play, a police source told The Post. \'If she’s smart, she’ll waive [spousal privilege] and tell investigators everything she knows and put the final nail in his coffin — and then she might escape prosecution.\' Durst was preparing to fly to Cuba when he was arrested on March 14 and police believe that Charatan was going to meet him there or help him flee. The Post reports that police are going over Charatan\'s financial records to look for money transfers or other incriminating evidence. Charatan was in Florida which is just 90 miles from Cuba when Durst was arrested in New Orleans. \'She knew this was coming and that [Durst] was going to be arrested and this was all going to blow up,\' a police source told The Post. Recent arrest Robert Durst poses for a mugshot photo after being arrested for murder and detained on March 14 in New Orleans, Louisiana . On Friday, Millionaire Robert Durst\'s attorneys claim that he was illegally arrested on charges that he murdered Susan Berman in California, as well as drug and weapons charges filed in New Orleans. In the papers filed at the State Criminal District Court in New Orleans, William Gibbens and Dick DeGuerin asked a magistrate judge to schedule a preliminary hearing so that they can prove that there is no probable cause to keep Durst jailed. They say he should be released. \'I think he\'s an easy target and everybody\'s piling on. ... They\'re gonna find nothing,"" Dick DeGuerin, the lead attorney on Durst\'s team, told  KTRK-TV. \'I think Louisiana and their elected officials want a piece of the publicity pie.\' \'Invalid arrest\': Robert Durst\'s legal team accused authorities in documents today of arresting the real estate heir illegally, as his attorney blasted Louisiana officials for wanting a piece of the \'publicity pie\' \'I think he\'s an easy target and everybody\'s piling on ... They\'re gonna find nothing, Dick DeGuerin (pictured), the lead attorney on Durst\'s team, said on Friday . The judge agreed to schedule that hearing during another court appearance by Durst on Monday in New Orleans. The attorneys also asked the judge to order that evidence be preserved from the hotel where Durst was arrested. They are seeking any and all records related to Durst and Everett Ward, the pseudonym Durst used to check into the hotel. The documents blasted the arrest, which the attorneys say was orchestrated \'to coincide with the final episode of the HBO docudrama The Jinx. The six-part documentary concluded Sunday. Durst\'s arrest came shortly before the HBO finale about his links to three killings — that of his first wife, who disappeared in New York in 1982; Berman, the daughter a mobster and a close friend who acted as his spokeswoman after his wife disappeared; and a 71-year-old neighbor in Texas whose dismembered body was found']","[""Robert Durst's wife\xa0Debrah Lee Charatan, 58, could 'testify against her husband to avoid criminal charges'\nPolice are investigating whether or not Charatan helped Durst Flee to Cuba prior to his March 14 arrest .\nIf convicted, Charatan could do up to five years behind bars .\nDurst was arrested on March 14 for the murder of Susan Berman in 2000 .\nDurst's legal team say authorities made an 'invalid arrest' on March 14 .\nClaim he was illegally arrested on murder, drug and weapon charges .\nLawyers say it was a publicity stunt to coincide with The Jinx finale .\nJudge agreed to a hearing Monday in New Orleans; Durst to appear .\nThe 71-year-old is on suicide watch at a Louisiana detention center .""]","[""Robert Durst is being investigated for his shooting death in 2000 .\nHe was recently charged his wealthy wife and tried to kill her .\nLos Angeles authorities are building charges against one of New York's wealthiest single husband and convicted of aiding or abetting flight .\nIf convicted, Martin Durst could testify to escape crime charges .\nThe prosecutor says his wife is ' definitely in play' he's her husband's boyfriend and 'can't escape prosecution'\nMartin's family is just 55 old and are likely to live for 45 years .\nDurst has a string of crimes's criminal history including the murder of Susan Berman in California in 2000 .\nHe had one and his wife were planning to get involved in the HBO finale .\nWid Nyhan says he feels his wife and friends 'can get hit on the head here,' and 'it could be the final nail in something .\nthat we have something wrong, then we know'\n'It's not public issue, about anything, it's personal questions' he said 'unrightly' to a New Orleans attorney .\nHe did not detail where his wife was being held but he could not escape prosecution .\nThe local FBI has agreed to a hearing .\nThe New Orleans must preserve evidence""]",1,0.3452380952380952,0.10179640718562875,0.20238095238095236
"[""Former footballer Clarke Carlisle has pleaded guilty to a drink-driving offence which happened just days before he attempted suicide. The 35-year-old, who played for Leeds, Burnley and QPR, today admitted failing to provide a sample on December 20. He also pleaded guilty to a charge of driving otherwise than in accordance with a licence on the same date, when police officers spotted his Mercedes travelling in an 'erratic' manner. Former footballer Clarke Carlisle has admitted failing to provide a sample when he was suspected of drink driving. Days after he was pulled over by police, he attempted suicide . Carlisle still bears the facial scars from his December 22 suicide attempt in a crash which left him in a coma until mid-January. The former Professional Footballers' Association chairman spoke clearly as he admitted the charges from the dock at Highbury Corner Magistrates' Court in north London today. Deputy District Judge Margaret Dodds told Carlisle  he would 'inevitably' be disqualified when he next appears at the same court for sentencing on May 14. She also ordered that reports be made in the case after being told of Carlisle's medical situation. The court heard he was spotted by police 'swerving' his Mercedes and nearly hitting another vehicle on Pentonville Road, north London, on December 20 at about 7am. Prosecutor Zahid Hussain said the car was seen 'swerving in the lane, to the pavement on the nearside, almost mounting the pavement' and that the tyres were 'grinding on the curb'. When the officers stopped and spoke to Carlisle 'alcohol was smelled on his breath', Mr Hussain added. The court was told that Carlisle did not blow long enough in the breathalyser when he was tested at the roadside to provide an adequate sample. Carlisle later said he fell into a spiral of decline after his contract as a TV football pundit was cancelled . He was taken to Islington police station but would not co-operate and said: 'Sergeant, I would like to speak to my counsel first.' The court was told that Carlisle had been involved in excess-drinking offences in 1999 and 2011. Krystelle Wass, defending, told the court: 'Two days after the incident Mr Carlisle attempted suicide, which is why matters have taken some time to come to court.' She said there were 'ongoing mental health issues'. The deputy district judge replied that she would order reports ahead of the next hearing as 'he is clearly in some trouble'. The deputy district judge told Carlisle that he would get credit for his early guilty plea but noted that he has a 'bad record'. Carlisle, who was released on unconditional bail. said 'Thank you, ma'am' as he stepped out of the dock. The former footballer (pictured playing for Burnley) has previously told of past thoughts of suicide when his career was coming to an end and he suffered serious injury . The married father-of-three was  left critically injured when he was struck by a lorry near his home on the morning of December 22 on the A64, near York. He later told how he threw himself in front of the lorry in an attempt to take his own life. Carlisle said he felt his life was spiralling out of control after he was told by ITV he was losing his £100,000-a-year Champions League pundit role. He said he went straight to a casino and blew his and his wife's savings. He told The Sun last month: 'I had to die. This wasn't escaping or running away. This was the perfect answer. It made everyone happy and it ticked every box.' He said he had sat in the police cell and concluded that he could not let his children 'have a criminal father'.""]","[""Former Leeds, Burnley and QPR player was pulled over by police last year .\nHe has now admitted failing to provide a breathalyser or blood sample .\nThe incident came just days before the ex-player attempted suicide .\nHe later said he felt that death was the 'perfect answer' to his problems .""]","[""Clarke Carlisle pleaded guilty to a drink-driving offence .\nAttempted suicide in August and December when police spotted his Mercedes travelling in 'moment'\nCarlisle did not blow long enough when he was recorded by the roadside .\nSaid he was in 'some trouble' after failing to limit his risk in court .\nThe former Professional Footballers' Association chairman 'fessed up to committing suicide today .\nCarlisle suspended from drink driving and drink-driving later on licence .\nSignificant report after case will be made about his situation as MOTD sentencing .\nJudge sentenced him at Highbury Corner Magistrates' Court in May 14 .\nThreaty after speaking out on phone as he said: 'I'm a bit late' after accident - so here are your thoughts? Send an email: thcoreryfoundation.org/dailymailkarylperryfoundation.JFKMonbcy.com .\ntommyyperry@ancashire.co.uk/TommymyCareter .\nIf you know someone who has lost touch with you, please send an email to hmspinseythorn@Westwood.dailymail.co.mail.uk. I’m happy to make it""]",1,0.2450980392156863,0.03960396039603961,0.13725490196078433
"['Serena Williams has spoken of her close friendship with tennis rival Caroline Wozniacki. Appearing on the front cover of US\xa0Vogue, the American world No 1 admits that times can get tough at the top and that she is glad to have Wozniacki and sister Venus around for support. \'It’s hard and lonely at the top,\' Serena confessed to Vogue. \'That’s why it’s so fun to have Caroline and my sister, too. You’re a target when you’re number one. Everyone wants to beat you. Everyone talks behind your back, and you get a lot more criticism. God forbid I lose.\' Scroll down for video . American world No 1 Serena Williams appears on the front cover of Vogue and showed off her fit physique . Serena shared an Instagram image touting her Vogue issue in which she admitted: \'It’s lonely at the top\' Last May, it was Caroline who needed Serena\'s support.\xa0When Serena got word that Caroline had been dumped by fiance Rory McIlroy, she immediately picked up the phone. \'I was devastated. I had planned the bachelorette party,\' Williams said. Serena and Caroline both sat down to chat about the event six months after the fact. \'My phone was going crazy, but I didn’t want to talk to anyone,\' said Caroline. \'I kept calling,\' Serena said. \'First she texted, ""If you don’t pick up, I am going to fly to Monaco."" And then, ""If you don’t answer the door, I am going to knock it down."" \'So I thought, OK, I better answer the phone. And I am so glad I did. She wasn’t pitying me, like a lot of people were. I mean, it’s not like anyone died.\' Williams spoke about her close friendship with Caroline Wozniacki, who is a  rival on the tennis court . Wozniacki added: \'I was in shock, but she was really helpful because she had been through it before. She didn’t sugarcoat it, and she didn’t look down on me. \'She was really there for me when I needed her the most, and that’s why I think our friendship is so strong now.\' \'I was impressed with how strong she was,\' Serena said, before continuing: \'And you know, there will be other engagement parties... many.\' Williams and Wozniacki celebrate after the Dane finished last year\'s New York Marathon while the pair also attended the Vogue Fashion Fun Awards in New York last year . Serena indicated that Caroline won\'t have problems finding another guy, as they literally swarm her when the girls go out at night. \'I am really shy. I don’t talk to guys,\' Serena conceded. And although she had once wished for a family and children of her own some day, she\'s not in any particular hurry. \'I guess,\' she said. \'I’m not even looking for it.\' On the court, it\'s a different story. Serena went on to say: \'On the court, I am fierce! I am mean and I am tough. I am completely opposite off the court. My confidence just isn’t the same. I wish I was more like I am on the court. Nobody would know that I am constantly crying or complaining.\' Williams said: \'On the court, I am fierce! I am mean and I am tough. I am completely opposite off the court\'']","[""World No 1 Serena Williams appears in the April issue of US Vogue .\nThe American admits 'You're a target when you're number one'\nWilliams is pleased to have tennis rival Caroline Wozniacki as a friend .""]","[""Serena Williams appeared on the front cover of US Vogue on Tuesday .\nShe didn't come down about her close friendship with tennis-mate, Caroline Wozniacki .\nThe pair were separated this year leaving Caroline at the center of their problems .\nWilliams doesn't think she needs the boys, but says Caroline is 'caring ' for her .\nHer fans and friends are 'broken at the top, too', according to Serena's Instagram .""]",1,0.25688073394495414,0.09345794392523364,0.22018348623853212
"[""It boasts a beautiful town centre and a wealth of history to explore. But it turns out there’s another reason why tourists flock to York – it’s considered the world’s safest city. And three more British towns – Bath, Edinburgh and Brighton – help make up the top four safest places. York is considered the world's safest city, according to a new study which found only one per cent of people consider it to be risky . Cairo, Bangkok, Istanbul and Marrakech were the cities deemed most risky to visit on a short break. The survey by Post Office Travel Insurance of 2,075 UK adults showed that 72 per cent felt York was safe, compared to one per cent considering it risky, and 26 per cent having no view. In contrast, only seven per cent thought Cairo was safe – and 56 per cent felt it was dangerous to visit. But London didn’t even make the top ten – with 58 per cent deeming the capital safe and 16 per cent risky. A stolen wallet (24 per cent) was the most common occurrence for those who had had problems in cities. As many as 26 per cent felt they had been ripped off on city visits, with this figure rising to 43 per cent among those aged 18-24. Cairo (pictured), Bangkok, Istanbul and Marrakech were the cities deemed most risky to visit on a short break . Of the eight UK and Ireland destinations in the survey, the least-safe was Belfast with only 37 per cent deeming it safe. But although 53 per cent reckoned Manchester was safe, 20 per cent thought the city was risky - a higher figure than that for Belfast (19 per cent). Venice, Vienna, Dublin, Florence, Stockholm and Copenhagen made up the rest of the top ten safest cities.""]","['York is considered to be the safest city in the world, according to a survey .\nBath, Edinburgh and Brighton also make the top four safest places .\nCairo, Bangkok, Istanbul and Marrakech deemed most risky cities to visit .']","[""New York found to be considered the world's most safe .\nStudy reveals only one per cent of the people surveyed considered it unsafe .\nTemperatures prompted a 75 degree rain on Thursday leading for 80 people to dip into the country .""]",1,0.3132530120481927,0.024691358024691353,0.21686746987951808
"[""A woman who fractured her neighbour's skull with a claw hammer has told the jury that she 'only wanted to knock him out'. Lisa Williams, 49, admitting hitting David Coleman, 54, three times in the head with the hammer after a long-running dispute between their two families about a fence. But she claimed she was acting in self-defence after Mr Coleman got into a fight with her brother and told the court she has 'learned  you don't knock people out with hammers'. The families had been 'neighbours at war' for eight years and Mr Coleman claimed the Williams would throw dog faeces into the garden and bang on walls at night to stop them sleeping. Lisa Williams, 49, (left) admitting hitting David Coleman, 54, (right) three times in the head with the hammer after a long-running dispute between their two families about a fence . Mr Coleman from Chingford, north-east London, also claimed Williams hated him because he looked like her ex-partner. A brawl erupted in June 2013 when Mr Coleman confronted Williams' brother Jonathan about mud smeared all over his front bay windows, Snaresbrook Crown court heard. Jonathan Williams was said to have got the upper hand in the fight and pinned Mr Coleman to the ground before his sister emerged from their house brandishing a hammer. A brawl erupted when Mr Coleman confronted Williams' brother about mud smeared on his windows, Snaresbrook Crown court (pictured) heard . Williams admitted striking Mr Coleman three times to the head with the hammer but claims she was acting in self-defence and\xa0denied causing grievous bodily harm with intent. 'I hit him three times on the head with the hammer, the third time I used more [force] than I used for the first two, I wanted to knock him out, I wanted him to stop,' she said. When asked if she had stopped to think what type of injury a hammer blow would cause she said: 'No, I've since learned you don't knock people out with hammers - I thought he was going to kill us.' She claimed at one point in the fight Mr Coleman was straddling her, saying: 'I think I was concussed, it was so quick - I was concussed, I was woolly headed and what followed was as a result of being woolly headed. 'It was awful, I couldn't think straight, Jonathan was trying to release Mr Coleman's grip from him - he wouldn't let go and he kept flailing his legs out at my brother's legs.' 'I was horrified, it's like you're fighting for your life, it's like the whole world is caving in.' She claimed that she stopped when her brother managed to grab the hammer out of her hands. Other witnesses claim it was a third neighbour Bernard Mason, who ran from his home to break up the fight and disarm Williams. His wife Pamela Mason was forced to sit on her to restrain her until the police arrived, it has been claimed. The trial continues. Sorry we are not currently accepting comments on this article.""]","[""Lisa Williams, 49, admitted bludgeoning neighbour in head with hammer .\nDavid Coleman's skull was fractured during the attack in June 2013 .\nFamilies had been 'neighbours at war' for years due to dispute over fence .\nWilliams' brother Jonathan got in fight with Mr Coleman over smeared mud .\nLisa said she was defending herself and only meant to knock Coleman out .\nShe denied causing grievous bodily harm during earlier hearing .""]","[""Lisa Williams, 49, admits hitting David Coleman, 54, in the head with claw hammer .\nMr Coleman had suffered skull, eye and viscera after six-year family feud .\nClaims they smashed house's walls to stop dogs on dark day .\nBut two witnesses claim she turned towards her brother after claims of a physical blowship .\nHes began an argument with a neighbour over a fence in 2008 .\nShe claimed her brother Jonathan then grabbed a hammer and started swinging .\nBut her lawyer said she only 'went to knock him out', it has emerged .\nThe case is to return to parts of the Crown Court six months after the case .\nThe public defender, 12, said the pair had been 'neighbours at war for eight years'\nThe pair both walked out of the trial in Snaresbrook Crown Court .\nBoth men escaped with jail after pleading guilty to charges of common assault .\nWoods had suffered a cycle of violence after one neighbour attacked him in 2008 .\nAnother woman claims she bumped into him at his home and then had to wait until the police said they had 'gulled'\nWoods stayed at home after they argued for two hours with two different neighbours .\nTragedy Woods claims she managed to grab her brother's arm to use 'more force'\nProcops and a gardener says it was the only time seeing them climb trees during the week .\nBoth men were left with a wrist injury after bruising within weeks .\nAnother witness believes she hit her brother out of her face despite the pain of being hit 'fault is over and she is the one who,' says a barrister with joint\xa0kerike .\nWoods had an argument with another neighbour in 2006, says her own brother .\nWoods has now been allowed to plead guilty to charges of common assault .""]",1,0.21649484536082472,0.07253886010362694,0.13402061855670103
"['(CNN)The end of ""Jinx,"" the six-part HBO documentary about real estate heir Robert Durst, has launched a debate about whether some potentially incriminating statements Durst made while in the bathroom to a microphone may be used in his criminal prosecution. Durst, as you probably heard, is charged with murder in a killing in California 15 years ago, and he has been suspected, but never charged, in the disappearance of his first wife in New York. Whether or not the taped words of an accused person will be admissible against him involves a look at the rules of evidence and the Constitution, as well as our fast-evolving ideas about privacy. While Durst\'s attorneys can make a number of arguments to suppress these statements and bar their admission at trial, the bathroom confessions will likely be factored in. Let\'s go over three main reasons why: . 1. Is this inadmissible hearsay? Probably not. Hearsay is defined as a statement made outside of court that is offered in court for its truth. It really just means a witness can\'t testify at trial about someone else\'s version of the facts. If a sentence starts with ""He told me"" or ""She said that,"" it\'s probably hearsay.  As general proposition, hearsay is supposed to be inadmissible, but the exceptions nearly swallow the rule itself -- so much so that many commentators have suggested abolishment of the exception-riddled rule itself. Perhaps the largest and best known category of hearsay exceptions is admissions and confessions. These can be admitted against a defendant. Why?  Well, the idea is that these statements are reliable. The thinking is that people don\'t ordinarily confess to something unless they did it. 2. Is this a violation of Durst\'s constitutional privilege against self-incrimination? Again, probably not. The rules of the U.S. Constitution are a different matter. The Fifth Amendment\'s self-incrimination clause states that ""[n]o person ... shall be compelled in any criminal case to be a witness against himself ..."" By definition then, compulsory self-incrimination requires, well, ""compulsion.""  And not just any compulsion. The kind of compulsion targeted by the Fifth Amendment is governmental coercion. Durst may still contend that his ""confession"" wasn\'t voluntary.  It\'s true that confessions deemed ""involuntary"" are often excluded at trial under the Due Process Clause of the 14th Amendment.  However, a confession will only be considered involuntary if it is the product of police activity. Voluntariness is not an issue when admissions are made to a private person, such as a journalist. What of Durst\'s likely claim that the filmmakers were essentially acting as an arm of the police?  Sometimes law enforcement exercises so much control over a civilian that his private actions become police action, constitutionally speaking. This is not an easy case for a defendant to make, though.  Durst would have to establish that the HBO interviewers were direct agents of the police and that the interview was coerced by police. The police undoubtedly benefited from the work of these citizen documentarians.  But the police frequently benefit from the work of good Samaritans or citizens volunteering information, photos or iPhone videos.  The television show ""America\'s Most Wanted"" has been premised on this idea for decades.  Given the defendant\'s burden here, it\'s unlikely that he can convince a judge that, in light of all the circumstances, filmmakers acted as an instrument or agent of police. The bottom line is this: A voluntary confession must be the product of a rational intellect and a free will, not physical intimidation or psychological pressure. How was Durst ""pressured"" when alone in the bathroom?  However, his attorneys might argue that some mental impairment']","['Robert Durst made some potentially incriminating statements at the end of HBO\'s ""Jinx""\nDanny Cevallos: Durst\'s attorneys will want to bar their admission at trial, but they will likely be factored in .']","['Carol McGarr: Case involves Robert Durst, who is charged with murder .\nShe says his videotape constitutes ""ideasay"" could make a case for admission at a trial .\nThe same question would have to be accepted by ""arguably different questions,"" McGarr\'s say .']",1,0.1842105263157895,0.027027027027027025,0.15789473684210528
"[""It may be home to rats and grime but a creative photographer has turned New York's subway system into his own fashion studio. Aaron Pegg, 29, who goes by his middle name Clifton, has captured beautiful models posing in one of the country's more unusual spots. From eating pizza to flashing Calvin Klein underwear, the girls make the bizarre backdrop their own by showing off the stunning clothes. A model strikes a pose between two trains on a platform of the New York subway . The red dress highlights the brightness of the corridor on this photo shoot . Clifton, who has more than 100,000 followers on his Instagram account 'underground-nyc', began taking the photographs in 2013. And since then the innovative photographer has amassed a huge following online with his arty shots - which include other mass transit systems such as Chicago. Scientists from Weill Cornell Medical College in Manhattan spent 18 months swabbing turnstiles, ticket kiosks, railings and benches for DNA. The boffins also found 15,152 different types of microorganisms sharing the trains with riders including the bubonic plague, dysentery and meningitis. However, New York's subway system, which carries 5.5 million passengers a week, continues to be a source of incredible artistry for Clifton. Wearing a dress, the sound of the underground is silent as many of the pictures were taken at the subway's quietest times . The New Yorker said: 'I was shooting the typical city stuff such as rooftop views, buildings, cabs and bridges until one day I almost got arrested for roof topping. 'It was too much of a close call and it was getting too cold to continue to get these views so I asked myself what can I shoot in any weather and have access to all the time? 'This led me to the subway but I couldn't just capture it on a typical day - it had to be different so I decided to capture the stations empty. The carriage awaits for his model who is showcasing the clothes on board one of the trains . 'Photography has always been a hobby and a way for me to creatively express myself but now it is turning into a business. 'I take magazine commissions and anything business related which there is a budget for.' Clifton admits he often gets unusual reactions from fellow subway riders who happen to walk in on his shoots. He added: 'I get everything from guys smiling and wanting to talk to the models to people shocked and not understanding what is going on.' Aaron Pegg, who goes by the name of Clifton, has even been snapping the models with food on the subway system . A train approaches on a dark and dingy subway platform as the model strikes a pose in a skimpy top . Taking photographs underground means rain fails to stop play as a model takes displays her outfir . From fashion to pizza, Clifton is accomplished to capturing a variety of images on the world-famous train hub . The platforms are deserted as this model takes up her position on New York subway . The steel posts act as the perfect prop to showcase the Calvin Klein underwear . The only bright lights of Broadway here are the camera flash as a model strikes a pose . The creative photographer was inspired to head underground by a cold snap . The steel posts and shiny blue seats of this subway train perfectly complement the outfit here .""]",['Photographer using world famous train hub as a backdrop for variety of photographic shoots .\nConfused commuters stopping in their tracks to look at striking models in various poses .\nInspired to head underground during a cold snap and is now inspiring others on Instagram .'],"[""Creative photographer Aaron Pegg peeks into lives using weird places in 'cliff-scenes'\nHe is turning the images into his collection for $4million starting on January .\nHe has after received from regular New York commuters who run around with you on the best snaps .""]",1,0.1978021978021978,0.0,0.15384615384615385
"['Apology: Police officer David Duckenfield today said sorry for failing to admit that he ordered the gates at Hillsborough to be opened . The police chief on duty during the Hillsborough disaster today apologised for lying to officials about ordering the gates to the stadium to be opened, leading to a deadly crush which killed 96 Liverpool fans. As the disaster unfolded, David Duckenfield told officials from the Football Association that \'some fans have got in through a gate\' - which he admitted today was a \'terrible lie\'. The former officer said that he \'apologised unreservedly\' for failing to confess that he had personally ordered police to open the gates in order to relieve overcrowding at the turnstiles of the Sheffield stadium. After the gates were opened fans rushed into the terraces, causing dozens of people to be crushed under the weight of bodies. Mr Duckenfield was the officer overseeing the FA Cup semi-final between Liverpool and Notthingham Forest on April 15, 1989, even though he had been promoted just two weeks previously and had never been in charge of policing a football match before. Yesterday he told the inquest into the fans\' deaths that he was \'not the best man for the job\' given his inexperience, and today he gave evidence about his decision to open Gate C eight minutes before kick-off. After the gate opened an estimated 2,000 fans poured in, heading straight for a tunnel leading directly to the already-packed central pens three and four, behind the goal. Mr Duckenfield, 70, today recounted a conversation he had with FA officials Graham Kelly and Glen Kirton minutes after the match was abandoned amidst the chaos. He denied the suggestion that he had said the gates were \'stormed\', and claimed he told the men \'something like, ""Some fans have got in through a gate.""\' He continued: \'I was pointing out that fans had gained unauthorised access to the ground. What I didn\'t say to Mr Kelly, I didn\'t say, ""I have authorised the opening of the gates,"" I didn\'t tell him that.\' Christina Lambert QC, counsel for the inquest, asked: \'Do you consider now that you told them a lie?\' Mr Duckenfield replied: \'Yes, ma\'am. I certainly now appreciate it was wrong and completely open to misinterpretation.\' He added: \'I was probably deeply ashamed, embarrassed, greatly distressed and I probably didn\'t want to admit to myself or anyone else, what the situation is. \'What I would like to say the Liverpool families is this, I regret that omission and I shall regret it to my dying day. \'I said something rather hurriedly, without considering the position, without thinking of the consequences and the trauma, the heartache and distress that the inference would have caused to those people who were already in a deep state of shock, who were distressed. \'I apologise unreservedly to the families and I hope they believe it is a very, very sincere apology.\' Evidence: Mr Duckenfield pictured in the dock, where he talked about his actions on April 15, 1989 . Relatives: Campaigners Margaret Aspinall, left, and Jenni Hicks, right, pictured outside the inquest . Asked if he was trying to hide the truth because he was responsible for the tragic events, Mr Duckenfield said: \'I think in a crisis, and probably in this shock and in stress, I said something I deeply regret. \'I\'m a very honest person. I don\'t tell lies. I don\'t mislead. I set very, very high standards, not only in myself, but my colleagues in the service and my family. \'No one, but no one can understand my behaviour that day - least of all me. That was a terrible lie, in that']","[""David Duckenfield, 70, was in charge of the stadium on the day of disaster .\nHe ordered gates to be opened to relieve overcrowding, but this led to thousands of fans flooding on to the terraces causing a massive crush .\nOfficer told FA officials the fans had 'got in through a gate'\nToday he admitted that was a 'terrible lie' and apologised for his actions .""]","[""David Duckenfield today apologised for lying to officials about the tragedy .\nHe said he apologised to an inquest into 'terrible lie' and had reopened the gates .\nStadium began after FA officials 'stormed' 2,000 fans .\nHe said 'many people' who were 'distressed, had been suffering'\nFans had gained 'unauthorised access' to those 'people who have died', he said .""]",1,0.37500000000000006,0.09523809523809525,0.20312499999999997
"[""Manchester United defender Reece James is wanted by Fulham, Sheffield Wednesday and Huddersfield. The 21-year-old signed a contract extension with United last month after impressing Louis van Gaal but the Old Trafford club will consider whether to let him out to gain more game time and experience. Reece James has impressed Louis van Gaal but could be sent out on loan by Manchester United . James, 21, has already been sent on loan to Rotherham this season, but could be set for another move . James had a loan spell at Rotherham between November and January and has made one appearance for United this season in their ill-fated Capital One Cup defeat to MK Dons at the start of the season. The Championship trio are keen to add James's pace to their ranks as they look to finish the season with a flourish and, in Fulham's case, ensure they stay up.""]","['Reece James is rated highly by Louis van Gaal .\n21-year-old defender James signed a new contract last month .\nFulham, Sheffield Wednesday and Huddersfield want him on loan .\nUnited could send him out to gain more experience .\nCLICK HERE for all the latest Manchester United news .']",['Jordan James has impressed with Rotherham but could be set for another move .\nThe 21-year-old made his debut at White Hart Lane earlier this year .\nThe central defender had also made an appearance in the Capital One Cup win against Liverpool .\nThe wideman has been coveted by United boss Louis van Gaal and United have extended Premier League contingent .\nThe defender has made just one appearance in a friendly so far this season after coming back from an apparent knee injury in training in April .'],1,0.2714285714285714,0.028985507246376812,0.14285714285714285
"[""Jose Mourinho dubbed Paris Saint-Germain the 'most aggressive' team Chelsea has played this season, including a cup encounter with Shrewsbury Town from League Two. Mourinho claimed the most surprising aspect of the first leg in the Parc des Princes which ended 1-1 was that the French champions had not tried to play more football. So after the return leg at Stamford Bridge, which team won the Battle of the Bridge?""]","[""Jose Mourinho was less than complimentary about PSG in the build-up to the 2-2 draw at Stamford Bridge .\nHe labelled them 'the most aggressive team' Chelsea have played all season .\nZlatan Ibrahimovic was sent off in the first half for the French champions, but they .\nBut which team was the dirtiest as Chelsea crashed out of the Champions League?""]","['Chelsea returned to Stamford Bridge as a 3-4-1 side at Stamford Bridge .\nChelsea boss Jose Mourinho said Ryan Giggs had been sent off his uni, which .\nis a significant change in philosophy .\nThe former Manchester Blues from Paris St Germain play Chelsea at Shrewsbury Town .\nMourourinho led Chelsea 4-1 in Premier League last season .\nThe Blues host the Capital One Cup final .\non 11th May .']",1,0.3134328358208955,0.09090909090909091,0.19402985074626866
"[""Leicestershire have announced the signing of Australian batsman Mark Cosgrove as club captain on a two-year contract. The 30-year-old left-hander, who has a British passport, will be available in all competitions and links back up with South Australia and Sydney Thunder team-mate Andrew McDonald, who is the new Leicestershire head coach. Cosgrove has played county cricket before, having spent three full seasons at Glamorgan, and represented Australia in three one-day internationals in 2006. Mark Cosgrove in action for the Sydney Thunder against Hobart Hurricanes in January . Cosgrove is returning to County Cricket for the 2015 season as captain of Leicestershire . Leicestershire chief executive Wasim Khan said: 'We are delighted to sign a player of Mark's calibre, quality and experience. 'He will be a fantastic captain for us and we look forward to Mark having a huge influence on us in 2015.' Batsman Ned Eckersley has been named as vice-captain for the 2015 season as Leicestershire continue to ring the changes following a forgettable few years which has seen them fail to win an LV= County Championship match since 2012.""]",['Mark Cosgrove joins Leicestershire as club captain on two-year contract .\nAustralian batsman links back up with head coach Andrew McDonald .\nThe pair were team-mates at\xa0South Australia and Sydney Thunder .\nCosgrove played for Glamorgan for three full seasons .'],"[""Mark Cosgrove has announced retirement from Leicestershire .\nThe batsman played in the 2000s and also played professionally until he was 10 years old in 2001-04 .\nHart was the 24-year-old brother of\xa0 Simmonds in the NSW Border Force from 1999 to 2010 .\nEngland won two\xa0Glasgows in the last three years .\nAustralia's Sam and Sam Jones among current stars in region but call-up as James Perth is set .\nHart returns to Australia to be part of old squad after 28 years .\nChief executive says he is 'credible player' and will represent County Australia at the next two matches .""]",1,0.2054794520547945,0.027777777777777773,0.136986301369863
"[""The average intelligence of the human race has been steadily increasing, scientists have claimed. In research looking back over IQ tests from the past few decades, they found that the tests were becoming harder - but people were still doing just as well. But the reasons why people are becoming smarter is not known - with theories including better education and improved medical care. Researchers at Kings College London looked at scores over 64 years. In total, more than 200,000 participants in IQ tests were studied. Since 1950, average intelligence was found to have risen by about 20 IQ points. Explanations include better education (stock image shown) and improved medical care . The research, titled A Cross-Temporal Meta-Analysis of Raven's Progressive Matrices and reported by William Kremer for the BBC, was published in the journal intelligence. Carried out by Peera Wongupparaj, Veena Kumari and Robin Morris from Kings College London, they looked specifically at the Raven’s Progressive Matrices (RPM). Poverty affects the intelligence of children as young as two, a separate study in December 2014 found - and its impact increases as the child ages. Deprived young children were found to have IQ scores six points lower, on average, than children from wealthier families. And the gap got wider throughout childhood, with the early difference tripling by the time the children reached adolescence. Scientists from Goldsmiths, University of London compared data on almost 15,000 children and their parents as part of the Twins Early Development Study (Teds). The study is an on-going investigation socio-economic and genetic links to intelligence. This tasks participants with looking for patterns in an array of shapes - and is thought to be a good measure of intelligence. In total, more than 200,000 participants from 48 countries over 64 years were studied in the research. Since 1950, it was found that the average intelligence had risen by the equivalent of 20 IQ points. 'RPM is a valid and reliable measure of general IQ, Dr Wongupparaj told MailOnline. 'Also, it is cultural-free test so that it has been widely used for nearly 80 years.' ‘IQ tests are designed to ensure that the average result is always 100, so this is a significant jump,’ the BBC reported. The research builds on earlier evidence from philosopher and psychologist James Flynn, from the University of Otaga in New Zealand. He had noticed that IQ tests were getting harder, but people were still getting similar scores on them - which became known as the Flynn Effect. This graph shows how the\xa0Raven’s Progressive Matrices (RPM) scores have been increasing over time. RPM is seen as an accurate way of measuring intelligence, and 'it is cultural-free test so that has been widely used for nearly 80 years,' Dr\xa0Wongupparaj told MailOnline . The research was carried out by scientists from Kings College London. They looked specifically at the Raven’s Progressive Matrices (RPM) - an example is shown.\xa0This tasks participants with looking for patterns in an array of shapes - and is thought to be a good measure of intelligence . Apparently, if modern Americans took a test from a century ago, they would get a relatively high average IQ score of 130; vice versa, and our ancestors would score a measly average of 70. This equates to a three-point rise in IQ per decade. According to the new study, though, outside of the US the biggest change was clearly in developing countries, IQ was ‘catching up with the developed world’. ‘There are multiple possible reasons proposed for this phenomenon,’ they write. These include improved education, increased exposure to testing, improved medical care and nutritition and decreased family size. Perhaps most importantly, though,""]","['Researchers at Kings College London looked at scored over 64 years .\nIn total, more than 200,000 participants in IQ tests were studied .\nSince 1950, average intelligence was found to rise by about 20 IQ points .\nExplanations include better education and improved medical care .']","['Researchers at Kings College London studied IQ tests .\nOver 80 years, more than 200,000 participants in IQ tests were studied .\nIn total, since 1950, intelligence, has risen, by 20 IQ points .\nOther explanations given for this are better education, improved medical care and nutritionalition .']",1,0.6947368421052632,0.45161290322580644,0.6105263157894737
"[""Prosecutors want panels of the boat in which Boston Marathon bombing suspect Dzhokhar Tsarnaev was found hiding to be brought to court to show jurors what they say is his written confession. His lawyers want them to see the entire bullet-ridden boat. Prosecutors have said Tsarnaev scrawled the motive for the attack inside the boat. They say he referred to U.S. wars in Muslim countries and wrote, among other things, 'Stop killing our innocent people and we will stop.' Scroll down for video . Prosecutors say alleged Boston Bomber Dzokhar Tsarnaev (right) confessed to the attack in a scrawled message inside the boat where he was taken into custody. A view of the bloodied and bullet-ridden message seen on the left in an image obtained by ABC . Above, another view of the boat message which reads in part: 'We Muslims are one body. You kill one of us you hurt us all.' Tsarnaev's older brother, Tamerlan, had been killed hours earlier during a shootout with police, but Tsarnaev escaped and was captured — bloodied and wounded — inside a boat parked in a backyard in Watertown. During a final pretrial hearing Monday, Tsarnaev attorney William Fick objected to the plan to bring pieces of the boat to court and suggested instead that the boat be brought to the courthouse so the jury can see the entire boat. He argued that the jury would be seeing the writing out of context if the panels were brought into the courtroom. To see the whole boat would allow the jury to imagine Tsarnaev lying inside 'much like someone lying in a crypt making those writings,' Fick said. Attorneys for Tsarnaev want the entire boat where their client was arrested brought to court to the jury can see how torn up it was in the firefight with police . Above, a picture of the moment Tsarnaev was taken into custody outside of the boat in Watertown . Assistant U.S. Attorney William Weinreb argued that it would be impractical to bring the entire boat to the courthouse and that there are photographs of it that can be shown to the jury. He suggested that the defense wants the jury to see the boat —which contains bullet holes, blood stains and broken glass — to gain sympathy for Tsarnaev. Tsarnaev's lawyers also asked Judge George O'Toole Jr. to exclude autopsy photos of the three people killed in the bombings. More than 260 people were hurt. 'These are highly sensitive, highly disturbing images,' said attorney Miriam Conrad. She said the defense will not dispute how the victims died. But Assistant U.S. Attorney Nadine Pellegrini said prosecutors have to prove that the victims died from the use of a weapon of mass destruction, which is among the charges against Tsarnaev.  She said the full-body autopsy photos are necessary because they show all the wounds. The judge did not immediately rule on the motions. Tsarnaev's lawyers made it clear during the hearing that they will portray Tsarnaev as an adoring younger brother who was coerced by his older brother into participating in the deadly 2013 attack. Although his lawyers had indicated they planned to argue that Dzhokhar, then 19, was influenced by Tamerlan, then 26, they used their strongest language to date to describe how they will depict the brothers' relationship and each of their roles in the attack. Tsarnaev's trial is set to start Wednesday and is expected to last about three to four months. Tsarnaev pictured above in court on January 15, 2015 . Tsarnaev attorney David Bruck said prosecutors are trying to show a 'completely distorted' picture of his client by asking the judge to limit the kind of evidence they can present during the initial phase of the trial, when the jury will be asked to decide whether Tsarnaev is guilty of 30 charges. Bruck, arguing that the defense should be entitled to present evidence of Tamerlan's""]","[""Defense attorneys for Tsarnaev petitioned to bring the entire boat where he was captured to court so jury could see damage from firefight .\nProsecutors said it wasn't realistic to bring the entire vessel to court, and that pictures of the boat would suffice .\nHowever, they do want panels from inside the boat brought to court which they say contain's Tsarnaev's confession note .\nIt reads: 'We Muslims are one body. You kill one of us, you hurt us all'\nThe judge did not rule on either motions on Monday - two days before the start of the trial .\nThe trial is expected to last three to four months .""]","[""Stations where Boston Marathon bombing suspect Dzhokhar Tsarnaev was found trying to hide in a boat are wanted in court to assist the prosecution .\nProsecutors in boat say they think Tsarnaev killed U.S. soldiers while in custody and also escaped .\nDefense attorneys said they want the boat to be shown to the jury as it isn't expected without looking at all the exhibits that Tamerlan was forced in .\nPolice said three people have been killed and 260 other people were injured in the bombing by Tsarnaev .\nHe had multiple gunshot wounds and was found to have internal and internal injuries along the way .\nProsecutors detailed what he said before being shot and that he initially surrendered after Tamerlan made a plea to help him get arrested so Tamerlan was able to surrender his weapon .\nPolice say Tamerlan only had a gun that fired when he surrendered and also had footage .\nProsecutors said they want the images that can be shown to be on show in the boat .\nTsarnaev's lawyers want to accept prosecution arguments that he could have died from the  the use of a weapon of mass destruction, which is among the charges against Tsarnaev .\nLawyers said no evidence will have been shown to the public before .\nTsarnaev's defense .""]",1,0.3183183183183183,0.036253776435045314,0.15615615615615616
"[""An Australian teenager who lost contact with family and friends when Cyclone Pam struck Vanuatu last week, has now been found. 18-year-old Zoe Marshall was spotted by Australian search helicopters on Pentecost Island this morning and was able to speak to her relieved family by phone. Her father, Rob Marshall, says she is 'safe and well' even though helicopters were unable to lift her and fellow volunteer, New Zealander Courtney Tilby, to safety because they were too close to a cliff. Zoe Marshall (pictured on the day she left for Vanuatu) has been found safe and well by rescue helicopters in Vanuatu. Zoe was volunteering for the charity Latitude\xa0near Namaram, on the island of Pentecost, when Cyclone Pam struck the islands . Rescue helicopters reportedly dropped a note to Ms Marshall and Ms Tilby with instructions on where to walk to safer ground so that they could be reached by rescuers today\xa0the Canberra Times reports. Zoe's father Rob tweeted this morning  that his daughter was seen 'smiling and waving' by the helicopter. Using the hashtag #proudolddad he passed on one of the messages the family  received from Zoe today. 'I really want to go back; I love my family and the kids. There's a lot to do out there,' she wrote . Ms Marshall was one of nineteen volunteer teachers who were unaccounted for after the category five cyclone swept through Vanuatu on March 13. Five of the volunteers were evacuated by Australian consular officials on Thursday and another eight people are expected to be rescued today,\xa0the Department of Foreign Affairs says. Until today, the family in Canberra hadn't heard from their daughter since  the storm struck the islands. 'I love you more than most things': This was the last text message Alison Abernethy received from her daughter, Zoe Marshall, before the cyclone struck Vanuatu last week . As the cyclone approached, the aspiring engineering student had told her parents in a text message that the village was well-prepared and that it 'should be fine'. 'Sorry for the early text but don't know when phone will work. We've got cat 5 warning. Should hit us tonight. Should be all good,' she said. She said a rat had chewed part of her sandal and, to her parents' amusement, she pledged to fill the rat's nest with rocks after the storm passed. Zoe, who her mother Alison Abernethy describes as a teenager with 'a strong social conscience,' was donating her time to young people on the island, living in a village with 'limited electricity, no running water and pit toilets. Ms Abernethy told Daily Mail Australia her daughter would have tried to contact them if she could. 'She would have known that we're really worried about her,' Ms Abernethy had said, but it didn't help that she was staying in an\xa0'incredibly remote' location. 'If you find her, just hand her a SatPhone or take a photo so that we know she's alive,' her mother had written in a\xa0blog post\xa0titled 'Where's my girl?' on Wednesday. Students and teachers at Vanuatu's Central School in Port Vila have put hundreds of books out to dry in the sunshine . The school's library was flooded after the roof was blown away in last week's cyclone . As rescue efforts for those still missing continue, the rest of the country is trying to rebuild. Heart warming pictures of students in Vanuatu laying books out in the sun to dry so they can return to school have emerged. The pictures show hundreds of books from the Central School library, which was blown away in the storm, littered across the schoolyard. Reportedly, students,""]","['Zoe Marshall, 18, has been found by helicopters after going missing in Vanuatu .\nMs Marshall was one of nineteen volunteer teachers who were unaccounted for after Cyclone Pam hit Vanuatu\xa0last week .\nAustralian rescuers have evacuated five young volunteers and another eight people are expected to be rescued today, DFAT says .\nMeanwhile, Vanuatu begins the clean up, with students from devastated schools laying books out to dry in the sun .']","[""18-year-old Zoe Marshall today who has spoken to her crew by phone .\nEntran from the coast to live next to Manamamue, New Zealand, to give humanitarian aid .\nZoe's parents said she loved her family and  she thanked her work as a little hero today .\nCampaigners were worried as they stayed silent for days while abroad, despite learning friends  had lost contact by Wednesday .\nTheir text messages reveal 'ways of lightening' and 'vulnerable, poor communications'\nRescue in Fiji was in the air when Zoe escaped Vanuatu and on her way back to NZ has returned to assist with a search operation .\nHelmets in Fiji had called off before it was possible to reach people before a helicopter had reached them .\nNew Australian efforts are looking to help survivors .\nIt's 90 days: The last message for cyclone victims on post-\xa0abduction Day\xa0was sent to children .\nPlease share where your time, or matter, is available to call a local Samaritans. Donate a donation for life following attack, 'mayreominations' or put their name, on human or lost limbs. Decline your first name to 'Samaritans' '""]",1,0.2121212121212121,0.007633587786259542,0.11363636363636363
"[""A courageous police dog killed in the Tunisian museum hostage siege was given a guard of honour as its body was carried from the scene. Remarkable footage has emerged showing mass crowds clapping the heroic hound as its bloodied body is wheeled away from the\xa0National Bardo museum by special forces. The terrorist attack left 17 tourists, a museum security officer, a cleaner, and a police officer dead, as well as the two gunmen. Line of duty: A crowd outside the\xa0National Bardo museum stand and applaud the fallen dog as its body is wheeled away from the building . The German Shepherd, a serving police dog, perished during the gun battle which ended the siege. The crowd can be heard shouting 'bravo' as the armed officers came away from the scene, who are immediately followed by the dead dog on a trolley. The gunmen struck at around midday, targeting\xa0foreigners as they exited cruise ship buses by the museum in Tunis. Hero: The body of the police dog is brought out to cheering onlookers . The two terrorists were killed during the siege but a manhunt is underway for any accomplices to today's massacre. Thousands of people gathered in the capital on Wednesday night, holding candles or waving the Tunisian flag in\xa0a show of solidarity against terrorism. World leaders pledged their support with\xa0Prime Minister David Cameron saying he was 'appalled' by the incident. Meanwhile, the Foreign Office said it is 'urgently' looking into the attack amid reports Britons may be among the dead. A spokesman said: We are urgently looking into the serious events in Tunisia and are working with the Tunisian authorities as well as with contacts in the tourist industry to establish if any British nationals have been affected. 'Through our travel advice, we are urging people to exercise caution and follow the instructions of the local authorities.' It has not been confirmed who the attackers were, but a video posted online in December attributed to Islamic State, warned the jihadis would target the country. Twitter accounts associated with the extremist Islamic State group based in Syria and Iraq were described as overjoyed at the attack. Tunisian Prime Minister Habib Essid called it a 'cowardly terrorist operation' that targeted tourists. President Beji Caid Essebsi said in a television statement\xa0that 'democracy will win and it will survive,'. 'We will find more ways and equipment for the army to wipe out these barbarous groups for good.'""]","[""Police dog was wheeled out to guard of honour as onlookers clapped .\nAt least 17 foreigners were killed in a terror attack at museum in Tunisia .\nTwenty-two people were killed in the attack: 17 tourists, the two gunmen, a museum security officer, a cleaner, and a police officer .\nTwo gunmen opened fire in the capital's Bardo Museum about midday .\nTerrorists took another 30 people hostage before police raided .\nGunmen, a policeman and police dog were killed in the ensuing shootout .""]","[""French President Hollande says that many 'armed' had not been killed .\nattack at luxury police station left dead German Shepherd dog who survived .\nTunian ex-Foreign Secretary is called on MPs shot and used in attack at Tunisian border post .\nTerror group photos of massacre survivors look like a dump .\nPressure under pressure mounts on massacre investigations including the massacre .\nFrench intelligence agency has been confronted with leaks of its sensitive military equipment .\nAbsurd is not after spate of terror attacks in Iraq and Syria .\nReports say Britons who stooped to the terror attack are being killed to be next .\nPrime Minister Florentine Kouchi authorised £2.5 million euros spree last year .\nAttack could have left at least up to 40 more dead in a casualty rate of as many a day .\nLibya estimates 16 Islamist members have been killed in the raid .\n5 armed gunmen took capital city Tunis hostage on Monday .\nStunned government troops stormed up hotels after the historic attack .\nOne policeman killed and abducted and others arrested in Dior town of Tarmes .\nThree members of an Islamic militant group killed in gunfight .\nPolice threw an AK47 at six homes at around 5.35am .\nA crowd control officer was also wounded by the raid on his house .\nGun targeted 17 tourists, an officer, a cleaner, and policemen, along with members of a team .\nThe armed men stormed the national museum in Burgosary .\nIt is over for the weekend and thousands of onlookers gather .\nAt least one Islamist militant – and likely terrorist group – member killed in siege .\nEU strongly condemns the attack and backs Cameron in carrying out the crackdown .\nWhite House urges that ‘suspects of the law’ should be treated .\nThe US encouraged to ‘overlooked the Americans in Syria’ in the U.S .\nFrance’s counterpart in western Washington makes .\nannouncement of ‘New Islamic State policy in the United States’ today .\nThe post-9/11 Justice Department refuses to reveal .\nthe activities of Al Qaeda .\n.\nInternational operations to promote extremist violence. In the U.S. the use of the ‘ initials F.A.’ R.\nisn they mean anything to encourage Islamist groups to show allegiance to ‘support groups’ blamed .\nfor Islamist terrorism .\nMore than 400 people are having died and about 90 more.26 carried out in 13 killings on the Paris alone, but there is no""]",1,0.20440881763527055,0.06438631790744467,0.12424849699398798
"[""Any TV fan worth their salt will be familiar with EastEnders' character Zoe Slater's dramatic wail: 'You ain't my mother!' And now the iconic 2001 scene where feisty character Kat Slater revealed that she was, in fact, Zoe's mother, has been named the greatest soap storyline of all time. In a poll of 2,000 soap fans, the scene - in which Kat's confession that Zoe was conceived after Kat was abused by her uncle Harry - topped the list of favourite tears, tantrums and cliffhangers. Scroll down for video . The Eastenders' storyline revealing Kat Slater to be the mother of her 'younger sister' Zoe has been named the greatest British soap narrative of all time . The iconic scene sees Zoe shout: 'You ain't my mother!' in the street before Kat screeches back: 'Yes I am!' The famous street row between the pair, where Zoe yells 'You ain't my mother' at Kat before finding out the truth even featured in Australian soap Neighbours' recent tribute video to celebrate EastEnders' 30th anniversary. Richard Hillman driving the Platt family into the canal in Coronation Street came second in the poll, followed by Hayley Cropper's courageous cancer battle and subsequent death in 2014. EastEnders bad guy Dirty Den getting shot in 1989 and the Coronation Street tram crash completed the top five. The episode was given the top spot in a poll of 2,000 soap fans on their favourite storylines . As well as old favourites, the recent Eastenders cliffhanger of 'who killed Lucy Beale' also made it in to the top ten, taking the number seven slot. A spokesman for survey site OnePoll.com, which commissioned the research, said that the winning storyline thoroughly deserved its title. 'The Kat and Zoe storyline is something most people are familiar with, even if they aren't an avid EastEnders fan. The tear-jerking episode of Coronation Street where Hayley Cropper died earned third place on the list . The recent EastEnders storyline 'Who Killed Lucy Beale' earned seventh place on the list after attracting millions of viewers in a week of live episodes to celebrate the soap's 30th anniversary . 'It had everything a great soap storyline needs - a blazing row, some tears and a huge shock just as the episode comes to a close.' He added that the reason that some of the older story lines had found their way into the top 50 was because they had a large impact on our lives. 'There have been many brilliant and gripping storylines over the years - whether they are tearjerkers like the moment Hayley died in Coronation Street or high drama like the live tram crash. 'Soaps are a huge part of our culture and these results show the storylines are remembered years after they are first screened.' In second place was Richard Hillman driving The Platts into a canal in a 2003 episode of Coronation Street . Sixth place in the poll went to the famous moment Dirty Den handed wife Angie divorce papers in the EastEnders' 1986 Christmas Day episode, followed by the London-based soap's huge 'Who Killed Lucy' story. After almost a year's worth of teases, the killer was finally revealed to be her half-brother Bobby during a week of live episodes during the EastEnders 30th anniversary celebration. Little Mo's domestic abuse storyline in EastEnders came eighth followed by Scott and Charlene's wedding in Neighbours and Deirdre Barlow being jailed for fraud in Coronation Street. Little Mo's domestic abuse story also stuck in viewers heads as the 2001 drama came eighth in the poll . Other storylines to feature in the top 20 include the whodunnit storyline 'Who Shot Phil'""]","['The dramatic scene topped poll of\xa02,000 fans .\nEastEnders was responsible for over half of the top 50 plots listed .']","[""Poll  breaks down the top ten for the worst TV moments .\nEastEnders are always British favourites .\nBut they gained popularity after a surge of child drama .\nUncle Harry James Dean was a big star for the 'killing Zoe' storyline .\nPhilippe star's ever-incredibly successful storyline 'Zine and Fox' is on the top 15 .\nThis American TV soap has been shaped again in the past by Terrence Moran .\nOther beloved storylines - with Hayley's\xa0Daucy Beale\xa0moment - also features in the top 20 .\nBut alcohol figures were also high on the list .\nMale: 184.6 vs 221.4%; Alcohol: 0.1 vs 6.3%;\nATC, 2014/15, had a 19.3% in Stax and District 57.2; in South Africa 2.7 vs 8.9%.""]",1,0.1379310344827586,0.027972027972027972,0.11034482758620691
"[""Holland scored in stoppage time through a deflected Wesley Sneijder shot to secure a 1-1 draw with Turkey on Saturday and avoid their first ever home defeat in European Championship qualifying. Klaas-Jan Huntelaar got a slight deflection to a long-range strike from captain Sneijder in the 92nd minute to rescue a point for the Dutch, who looked to be heading to their third defeat in five matches in Group A. Burak Yilmaz scored in the 37th minute at the Amsterdam Arena, given time in the penalty area to fire off a shot that took a deflection off Bruno Martins Indi to put the Turks ahead at halftime. Holland captain Wesley Sneijder (right) rescued Holland with a late strike against Turkey . Sniejder (right) celebrates scoring Holland's last minute equaliser against Turkey . Burak Yilmaz (left) fired Turkey into the lead in the 37th minute in their game against Holland . The Netherlands stayed third in the standings with seven points from five games. Turkey have five points at the halfway point of the qualifying campaign. The home team had several chances in the first half with captain Sneijder, deputising for the injured Robin van Persie, going closest but their best came after the break when substitute Luciano Narsingh missed an open goal. Sneijder shot narrowly wide with a free kick and full back Jetro Willems went close with a rasping shot 10 minutes from time. The introduction of tall forward Bas Dost forced the Dutch to throw everything forward in a final assault and the equaliser came when Sneijder's shot struck Huntelaar on the back of the head and deflected into goal. 'From the first minute we went for victory,' Sneijder told Dutch television. 'Turkey had one chance in front of goal. We dominated and made chances but we took until injury time to get the equaliser. We did not impose ourselves enough in the first half but we were more attacking in the second and something had to fall for us in the end.' Avoiding defeat will not lift the pressure on coach Guus Hiddink, who received a public vote of confidence from the Dutch football association after defeat in Iceland in October. Turkey's players celebrate taking the lead away to Holland in the first half of their Group A game . Guus Hiddink (left) is under increasing pressure as Holland manager, despite saving a point vs Turkey . Dutch fortunes have fallen dramatically since finishing third at the World Cup in Brazil last year under coach Louis van Gaal. His successor, given a two-year contract until next year's European Championship in France, has been under increasing pressure after the team lost two of their opening three qualifiers. A 6-0 home win over Latvia in November gave Hiddink breathing space but he will face more questions after narrowly avoiding defeat.""]","[""Burak Yilmaz put Turkey ahead in the 37th minute against\xa0Holland .\nWesley Sneijder's deflected shot hit the back of the net in the last minute .\nHolland pushed forward with six minutes of injury time but did not score .""]","['Holland fired the Turkey winner at Turkey in last minute .\nWesley Sneijder doubled the lead for the hosts with an injury time goal .\nKlaas-Jan Huntelaar is in third place in Group A with Turkey .\nTurkey miss World Cup and be without a Euro 2016 qualifier .\nHolland Guus Hiddink is under pressure at Holland, who may face pressure from the competition .']",1,0.33962264150943394,0.09615384615384616,0.2075471698113208
"[""A lesbian has created a unique sex toy, which also serves as a means of at-home artificial insemination. Stephanie Berman, a reproductive health expert from Boston, came up with the clever concept, which she named the Semenette, after examining the other available methods of at-home fertilization open to her and her wife. 'The only options other than going to a doctor's office would be with a turkey baster or a needle-less syringe,' Ms Berman told Refinery29\xa0about her creation, which retails\xa0for $139.99. Scroll down for video . Loving mother: Semenette creator Stephanie Berman (pictured) and her wife\xa0Kiersten Marie welcomed their beautiful baby daughter Isabella in March . Breaking with tradition: Unlike a turkey baster or a needle-less syringe, which can also be used as a means of artificial insemination, the Semenette (pictured) is also intended to pleasure the user . 'We started using those types of things and quickly realized it was as awful as it sounds. 'There is nothing romantic or sexy and fun about trying to impregnate your wife with a turkey baster.' Moving on up: Ms Berman is hoping to release a second version of the unique sex toy later this year . The mother-of-one began looking into alternative designs, which would use the same pump-based technology as a turkey baster - one of the more traditional at-home means of artificial insemination - but also enable the user, and their partner, to enjoy the process of impregnation. And while Ms Berman initially intended for the toy, which comes complete with a pump, to be used by lesbian couples, she explained that it will actually serve as a great fertilization aid for anyone who might not be able to get pregnant using traditional means - and who does not want to go through IVF. 'When my wife and I wanted to start a family, we thought about our options and weren’t necessarily happy with any of them,' she added. 'I started thinking, what if I could recreate the technology that a turkey baster would provide, but in the form of a sex toy? 'That would be the perfect scenario - it would not only allow both partners to be really involved in the process, but it would allow for privacy and authenticity and intimacy.' Ms Berman and her wife Kiersten Marie, who used the Semenette when conceiving their one-year-old baby daughter Isabella, have received an outpouring of support and praise from a variety of people from different communities. Thus far, the entrepreneur's unique creation has been used by transgender and transsexual couples, men with erectile dysfunction and even heterosexual couples, who, Ms Berman explained, still 'enjoy the sensation' of using the Semenette. The Turkey Baster Method is widely thought to be the most common means of at-home artificial insemination. Tradition: A turkey baster (pictured) can be used as a means of at-home insemination . While some women choose to use a traditional turkey baster, a needle-less syringe will also serve the same purpose. The method involves women using semen from their boyfriend or husband, or from a willing donor, which they then inject into themselves using a turkey baster or a needle-less syringe. Women who are eager to use this method are advised to attempt it on the day of ovulation and the 2-3 days before ovulation. While the success rate of the turkey baster method is thought to be reasonably high, some women, like the Semenette's creator Stephanie Berman, have complained that it causes discomfort, and it is not known to be particularly enjoyable for the user. However, the method is still favored by""]","[""Stephanie Berman wanted to come up with a way to get her wife pregnant, without having to use a 'turkey baster or a needle-less syringe'\nThe reproductive health expert invented the $139.99 Semenette, which uses the same technology as a turkey baster but can also be used for pleasure .""]","[""Stephanie Berman, a reproductive health care provider created the unique sex toy using a\xa0Gemaster and silicone pump .\nThe technology is a spin\xa0from the turkey baster method\xa0symbling, which is the most common method of surrogate insemination .\nThe toy, for $99.99, is also designed to be an at-home infertility solution for women and lesbian couples .\nIt is still a traditional method used by both lesbians and heterosexual couples wanting to use as it allows a rate of 99 per cent .\n'It is like enjoying the feeling of being a woman - you just want to be a woman,' said Ms Berman .\nThe toy, which is dialled Semenette, believed to work best with anyone who needs to conceive if they are married and the couple has children, they will avoid IVF .\nAlternatively, a sterile male can use the traditional 'cashing' technique for fine-bothered donor insemination .""]",1,0.27722772277227725,0.03,0.1485148514851485
"[""Married biology teacher Kenneth Topham (pictured) got close to the ‘naive’ girl in after-school study sessions at Worksop College . A private school teacher has been jailed for having a year-long sexual relationship with a teenage pupil under the noses of senior staff. Married biology teacher Kenneth Topham, 51, got close to the ‘naive’ girl in after-school study sessions at Worksop College. He began grooming the girl, who can’t be identified for legal reasons, in March 2013, while she was a pupil at the £9,000-a-year school in Sherwood Forest, Nottinghamshire. Last night the school was condemned for failing to act despite reports of inappropriate behaviour from several pupils and fellow teachers early on in the affair. Topham was finally arrested after scores of ‘sex texts’ sent by him to the girl were found on her phone in May 2014 and headmaster Gavin Horgan called the police. A former pupil accused the school of a cover-up, saying: ‘They knew what was going on, but refused to do anything about it. 'It is shocking that he was allowed to continue teaching and behaving like this when so many of us complained.’ Topham, a father of two who was also a foster carer to several children over the past decade, would meet the victim after school in his classroom. There they repeatedly engaged in sexual activity which fell short of full sex, Nottingham Crown Court heard yesterday. The teacher – a housemaster who would stay overnight at the school – admitted five offences of wrongful sexual activity and four of incitement by a person in a position of trust. He was sentenced to 18 months in prison yesterday. Suspicions were first raised in the summer of 2013, when the girl was spotted arm-in-arm with Topham and wearing his jumper. Afterwards, a school housemistress had an ‘informal discussion’ with Topham reminding him of boundaries and also spoke to the girl. They received another warning that November after being seen with their arms around each other at a school prom. He began grooming the girl, who can’t be identified for legal reasons, in March 2013, while she was a pupil at the £9,000-a-year school (pictured) in Sherwood Forest, Nottinghamshire . The private school teacher has been jailed at Nottingham Crown Court (pictured) for having a year-long sexual relationship\xa0with a teenage pupil under the noses of senior staff . At Christmas Topham told the victim he loved her and in January 2014 a teacher saw them bouncing on a trampoline together. The school’s deputy head then spoke ‘in detail’ to Topham about the relationship and the victim’s parents were informed. The teenager, who was described by her housemistress as ‘a very quiet girl and not worldly-wise’ is now at university. ‘I feel let down, hurt and stupid for allowing him to use me,’ she said in a brief statement to the court, adding that he had ‘ruined’ what should have been ‘fond memories of school’. Judge Michael Pert QC told Topham he had ‘exploited a naive teenager’. A spokesman for the school said that because of the legal proceedings it could only share ‘very little information’ with parents, adding: ‘We have always taken our safeguarding responsibilities very seriously and ‘while the College acted swiftly when it became aware of the issue.. we have undertaken a review... of every aspect of our practice’.""]","[""Kenneth Topham got close to the girl during after-school study sessions .\nBegan grooming her while she was at Worksop College, Nottinghamshire .\nSchool condemned for failing to act after students and fellow teachers reported inappropriate behaviour .\nArrested after scores of ‘sex texts’ sent by him were found on girl's phone .\nAdmitted charges of wrongful sexual activity and incitement by a person in position of trust .""]","['Kenneth Topham, 51, had relationship with pupil at Worksop College .\nSex texts found on phone phone to\xa0girl in after-school sessions .\n17-year-old victim watched as she had the teacher look after at school .\nPrivate school was said to have employed Topham as part of an intimate relationship .\nStanley sentenced to five offences and wrongful sexual activity last spring .\nSandwich station had previously been criticised for apparently grooming several pupils .']",1,0.41666666666666663,0.07042253521126761,0.2361111111111111
"[""A vicious road rage rant was caught on camera after a motorcyclist pulled up in front of an angry female motorist . The dash cam footage was captured on a busy Sydney highway by the female driver of the vehicle in front of the incident, who pulled over in a bid to subdue the enraged driver. But the gesture only angered her further, causing her to hurl her abuse towards the young woman and demand she 'f**king get in your car and f**k off!' The  footage shows the cyclist pulling up in front of the furious female driver, before she alights from her vehicles and begins the outburst . The angry driver's daughter can also be seen attempting to calm her mother, but she is pushed aside as the woman continues her outburst. The motorcyclist tries to explain he was 'lane filtering'- moving alongside vehicles that have stopped or are moving slowly-a tactic which is legal in NSW. But the driver still insists he is in the wrong, screaming about how he nearly caused an accident and should have followed the road rules. 'You f----ing cut me off up there. It's your bike, you should know the rules.' The driver in front of the incident pulls over in a bid to subdue the enraged driver, but it seems only to anger her more . The motorcyclist tries to explain he was 'lane filtering'- moving alongside vehicles that have stopped or are moving slowly-a tactic which is legal in NSW-but to no avail . The woman who offered her assistance asks the motorcyclist to follow her, and she later gave him the dash cam vision . When the driver finally returns to her black 4WD, the woman who filmed the incident asks the motorcyclist to follow her. They later exchanged details, and the woman offered him a copy of the footage.""]","['The dash cam footage was captured on a busy Sydney highway .\nIt shows an enraged driver unleashes a\xa0vicious\xa0outburst on a motorcyclist .\nThe motorcyclist was lane filtering, which is completely legal in NSW .']","[""Dashcam footage shows a motorcyclist pulling over the side in front of a furious motorist .\nHer abuse, passenger yell at her, 'f**king Get in your car and f**k off!'\nIncinerate passenger taunts 'f***ing and f**k off!' and angered her further .\nShocked motorist's daughter yells back to the driver, 'Get in your car and get me off!'\nThe driver back-rashes her at them and berates her, but the woman who returned has reached out for help to make her snap out of the footage .\nWoman later demanded details of every illegal action taken .\nThis post is part of a 3part series's program; if you enjoyed it, you can, and may have, a copy or both of it here .\nThe motorcyclist was\xa0meditated\xa0at a bus stop, followed by a driver in another city .\nThe driver agreed to\xa0slap her, monitor and explain in the video, and she offered him a copy of the footage .\nThe motorcyclist had led her to traffic stops earlier and filmed him in the  footage .\nThe driver has never made a change in Queensland law .\nShe edited content of the footage to video though it shows footage of her, which is a violation of NSW law .""]",1,0.15447154471544713,0.049180327868852465,0.11382113821138211
"[""A bride who shot her niece dead during an argument on her wedding night is claiming it was a drunken accident. Christina George-Harvan, 30 and Katelyn Francis, 21, were celebrating at Jimmy K's bar in New Brighton, Pennsylvania, after the ceremony on April 24, 2014 when they started arguing over who should drive home. The row spilled into the parking lot and then into new husband Jeremy Harvan's car when the gun went off. Prosecutors say George-Harvan took the weapon from the center console and deliberately shot Francis, but her defense claims it fired by accident. She is facing third-degree murder and involuntary manslaughter charges. Scroll down for video . Christina George-Harvan, 30 (pictured in court on Friday) has been accused of shooting her niece Katelyn Francis dead. She claims it was just a drunken accident . George-Harvan and Francis, 21, (pictured) were partying after a wedding 30 miles south of Pittsburgh on April 24, 2014 . George-Harvan, a former nurse, took to the stand on Thursday during her trial. \xa0She told the court about the hours leading up the shooting - saying there was no tension with her niece. According to CBS Pittsburgh, she said: 'I was happy…she was so cute. We were only nine years apart. The first thing she did was say, 'Aunt Tina, I'm so happy for you,' and gave me a big hug.' As the night went on they drank more, the court heard, and soon Mr Harvan was determined to drive home. However Francis demanded she be the designated driver and tried to take the keys off of him. George-Harvan said: 'When I turned around, the glove box is open and I see this gun. I think I gotta move this gun. I go get it out of the glove box to move it and boom the gun goes off. The defense attorney then asked: 'Did you squeeze the trigger?' And she replied: 'No.' Recounting the moment she realized she had shot her niece, she said: 'Everything freezes, Jeremy says, 'You just shot your [expletive] cousin'. George-Harvan (pictured before her first court appearance the day after the shooting) said she would never hurt her niece and insists there was no tension between the pair earlier in the evening . The row had spilled into the parking lot and then into new husband Jeremy Harvan's car (inside on night of shooting pictured) when the gun went off.\xa0George-Harvan claims it fired when she tried to move it . 'He steps over her dying body and he runs. I put pressure on [Katelyn's[ wound and I screamed and dialed 911. She added, 'I felt devastated. It was like a nightmare. Your wedding day is supposed to be the best day of your life and my niece is dead.' The prosecution rested on Thursday. The defense called former Pennsylvania State Trooper Frederick Wentling as a ballistic experts. He told the court the weapon could discharge with just the slightest pressure on the trigger. According to CBS Pittsburgh, he said: 'If you put your thumb in… if you pick it up sideways, and put your thumb in there and pull it back, it will discharge. 'It's supposed to. It doesn't know what's pulling it to the rear.' On Friday\xa0Prosecutor Brittany Smith told the jury, 'She shot somebody. She killed somebody. Do you think she used reasonable care?' The jury is now deliberating and is considering third-degree murder or involuntary manslaughter. The defense argues the jury should acquit her of any homicide charge under the doctrine of 'excusable homicide by misadventure,'. The defendant has to have shown carelessness without criminal intent for that""]","[""Christina George-Harvan shot\xa0Katelyn Francis, 21 on April 24, 2014 .\nGun went off  outside\xa0Jimmy K's bar in New Brighton, Pennsylvania .\nGeorge Harvan her husband Jeremy and Francis were rowing over driving .\nFrancis insisted as the pair had been drinking all evening .\nThe row spilled into the car, that's when George-Harvan saw the gun .\nShe contends it fired by accident when she tried to move it .""]","[""Christina George-Harvan, 30 and her sister Katelyn, 21, jumped the back of Jeremy Harvan's car when the gun went off .\nThey argued that if Harvan was able to get into his house when he got back out to celebrate, she will attack .\nGeorge-Harvan says she wouldn't hurt the niece and claims it was a 'firing accident'\nIncident happened on April 24, 2014, at a bar in Sorrels, Pennsylvania .\nJay Jenkins Crown continues the trial today .\nGeorge-Harvan was at her third party when she learned she was niece Francis, 18 months old .\nAnd the shooting on the night was not her fault; she is facing third-degree murder and involuntary manslaughter charges .\nHowever her defense insists it was not acting with any malice .\nGeorge-Harvan claims it was out of bounds if she knew she shot her niece; says it was merely a 'linking accident' by the shooter .\nThe case has appeared at http:click here: http://www.cpsc.com/defm/n/Aeris-pews/view2881587; or\xa0click here:\xa0http://www.cpsc-lan""]",1,0.3122362869198312,0.07659574468085106,0.1518987341772152
"[""An unusually high number of students at Stanford University are suspected of cheating during the most recent term, putting faculty members and administrators of the prestigious institution on alert. University Provost John Etchemendy sent a letter to faculty members highlighting what he called 'troubling allegations' that stem from 'a smattering of concerns from a number of winter courses,' the San Jose Mercury News reported Friday. Etchemendy said the students are cheating themselves and risk severe consequences. All new students are told of the university's honor code and agree to abide by it, he said. Concerns:\xa0An unusually high number of students at Stanford University are suspected of cheating during the most recent term (file photo) 'But with the ease of technology and widespread sharing that is now part of a collaborative culture,' he wrote, 'students need to recognize and be reminded that it is dishonest to appropriate the work of others.' University spokeswoman Lisa Lapin declined to discuss details with the newspaper, such as the course or grade level of the students, but she said such concerns are routine. She says that in the 2013-2014 academic year, 83 students violated the honor code. In the most recent term, the newspaper reported\xa0that one instructor believes that 20 percent of students in a large introductory course may have cheated. Lapin said that Etchemendy's note underscored the need for faculty members to be clear with their students about expectations at Stanford, which prides itself as being one of the world's leading teaching and research universities. Students accused of cheating have the opportunity to defend themselves against the charge. First-time violators are usually suspended for a quarter and must perform 40 hours of community service, with increasing disciplinary action for subsequent violations. 'We have a lot of classes and a lot of students,' Lapin said. 'It's not unusual to have a handful of concerns raised every term.' Punishment:\xa0First-time cheating violators are usually suspended for a quarter and must perform 40 hours of community service, with increasing disciplinary action for subsequent violations (file photo)""]","[""An unusually high number of students at Stanford University are suspected of cheating during the most recent term .\nFaculty members and administrators of the prestigious institution have been put on alert .\nUniversity Provost John Etchemendy sent a letter to faculty members highlighting what he called 'troubling allegations'\nThose stem from 'a smattering of concerns from a number of winter courses'""]","[""Around 370 .\nengineering students from campuses across the country offered in the 2011-2012 and 2013-2014 .\nSome are accused of cheating after a smattering of complaints about winter courses .\nWe teach our engineering students like they are always at their earliest,' the Dean says .""]",1,0.27522935779816515,0.037383177570093455,0.14678899082568805
"[""It's Hot or Not time again as Ian Ladyman reveals what's been making him feel warm this week and what's been leaving him cold inside. David Villa has hit the ground running in New York and Wayne Rooney's celebration was a knockout. But Fulham are staring at successive relegations and questions remain about Roy Hodgson's England squad. WHAT'S HOT . DAVID VILLA . The former Spain forward is New York City FC’s captain and lit up Yankee Stadium in front of 45,000 last weekend, scoring one and making one. Meanwhile, Frank Lampard has played precisely two hours of Premier League football since choosing Manchester over New York in December. David Villa scored for New York City against New England Revolution last weekend . WAYNE ROONEY . Great goal against Tottenham, great celebration too. After news of his kitchen boxing match with Phil Bardsley appeared in the Sun, though, there are lessons. Choose friends you can trust and never again be caught wearing white socks anywhere other than on a tennis court. Wayne Rooney responded to a leaked video of him boxing with a knockout celebration against Tottenham . Rooney fell to the Old Trafford turf as if he had been knocked out, as appeared to be the case in the video . PAT MURPHY . Interviews by broadcast sports journalists can occasionally lack a little depth but BBC’s stalwart came off his long run when questioning national selector James Whitaker on the Kevin Pietersen issue this week. It was captivating work, born of courage and great experience. GEOFF THOMAS . A good footballer but even better person, the former England player has kept cancer at bay for 12 years now and has raised thousands in the process. If his decision to ride several Tour stages with Lance Armstrong this summer does not please everyone I am sure he will cope. Geoff Thomas (right) plans to cycle several stages of the Tour de France this summer with Lance Armstrong . WHAT'S NOT . FULHAM . Five years ago this week Craven Cottage witnessed a 4-1 destruction of Juventus. Now Fulham are threatened with relegation from the Championship, having won once in thirteen games. This is what happens when you choose the wrong managers. Fulham's 3-0 defeat to Leeds in midweek left the Cottagers mired in a relegation battle in the Championship . Five years ago, Fulham beat Juventus at Craven Cottage en-route to the Europa League final . ROY HODGSON . An England squad with almost as many left-backs (three) as strikers (four) suggests Hodgson is about to experiment with 7-2-1 against Lithuania or doesn’t actually know where Leighton Baines plays. It’s a dispiriting selection and tells us all we need to know about our prospects at Euro 2016. ALASTAIR COOK . English cricket’s sense of self-pity has now spread to those who haven’t even been playing. Cook should realise that although the decision to appoint Eoin Morgan as World Cup captain wasn’t right, it doesn’t mean that jettisoning him beforehand was necessarily wrong. RAHAT ALI . After his dropped catch eased Australia’s passage to the last four of the World Cup, the young Pakistan fielder looked shell shocked but the worst is yet to come. At some point in the coming weeks, young Ali will have to go home. Pakistan's Rahat Ali drops a catch as Pakistan were knocked out of the World Cup by Australia .""]","['David Villa scored one and created one against New England Revolution .\nGeoff Thomas will not be fazed by criticism surrounding Lance Armstrong .\nFive years on from beating Juventus, Fulham slumped to another defeat .\nRoy Hodgson picked three left backs in his latest England squad .']","[""Wayne Rooney celebrates in the box in New York City .\nPhil Bardsley vs Arsenal against Tottenham on July 2nd .\nNot time to celebrate...\nIan Ladyman says the Everton boss discusses the  future of his squad, by moving on Michael Coyle's decision not .\nbe his new captain .\nHow Roy Hodgson is picking Premier League up by bringing off his best XI on Thursday .\nPoor Kevin Pietersen's decision to swap Hendrik Baddison for Leighton Baines .\nHenriel Huth secures an injury from instead of signing Theo Walcott down the path to picking two old footballers in first place .\nManchester United manager - but also Arsenal owner Alex Ferguson - is NOT Arsenal's new player .\nMan Utd, without picking a top player, cannot sign the future for £1 .\nGunner Arne Wenger decides to on Sunday to pick out who he is for Euro 2016, and places them in Chelsea, Chelsea, Burnley and Branislja Ivanovic .\nIt looks like the pundits have lowered your expectations with just one from 25 who have been selected elsewhere .\nOf these, 25 were far better than here with the winners at Saturday .\nwith coach John Oduke’s men and on Sunday .\nit was impossible to get out of it .\nShPhil Bardsley and Tottenham are 15th place for an unlikely trip to the knockout stages .\nErik Lamela looks unlikely to replace Jose Mourinho""]",1,0.1267605633802817,0.007092198581560284,0.07746478873239437
"[""A young motorist who lost control of his car somehow managed to reverse the vehicle into a house, ploughing through the kitchen wall. The silver Ford Focus became lodged halfway up the wall of Alan Stone's house in Shelfield, West Midlands, when the 20-year-old lost control at lunchtime on Monday. He was travelling with a 17-year-old girl in the passenger seat, though no one is thought to have been hurt in the incident. The driver was arrested on suspicion of taking a vehicle without the owner's consent. Scroll down for video . The silver Ford Focus somehow crashed through the kitchen wall of a home in Shelfield, West Midlands . The driver was arrested on suspicion of taking the vehicle without the owner's permission following the incident . Photographs of the scene show the vehicle stuck in the wall of the house, its rear taking up half of the home owner's kitchen. After the incident at around 12.25pm today both the 20-year-old man and 17-year-old girl wre taken to Walsall Manor Hospital. Neither was seriously hurt in the freak accident. A spokesman for West Midlands Police said: 'We were called just before 12.30pm to reports a Ford Focus had gone into a house in Shelfield. 'The two occupants of the car were treated for minor injuries and the driver was later arrested on suspicion of taking a vehicle without the owner’s consent.' The exterior wall of the home owner's kitchen has been left destroyed by the incident in Shelfield . Emergency services were able to remove the car this afternoon after closing the quiet residential street . Alan Stone, who lives in the house, helped clear the wreckage this afternoon. The 20-year-old driver was arretsed . The home owners were evacuated from the house as emergency services worked to remove the car. The quiet residential street where they live was closed as they grappled with the vehicle which has since been removed. 'When we arrived at the scene the driver and the passenger of the car had got out of the vehicle. 'Crews are now making the area and the vehicle safe following a fuel spillage,' a West Midlands Fire Service spokesman added. Alan Stone, who lives in the property, was seen helping emergency services clear the scene today. Police inquiries continue. Sorry we are not currently accepting comments on this article.""]","[""The silver Ford Focus became stuck in the wall of house in Shelfield .\nIts 20-year-old driver had been travelling with a 17-year-old girl at the time .\nHe was arrested on suspicion of taking vehicle without owner's consent .\nNo one was seriously hurt in the freak accident on Monday lunchtime .""]","[""20-year-old discovered in wrecked car in Shelfield, Midlands .\nMotorist lost control of vehicle and broke through, leaving road 'milestone'\nDriver of the car and its teenage passenger, 17 were safely inside home .\nNo one has ever been hurt in the post road crash .\n20-year-old driver has already been arrested on Tuesday .\nEx-boyfriend then says two children were inside of car but left home to take off .\nHe was working for a business in nearby detached house .\nThe child taken to a nearby hospital after horrific injuries in the freak incident .""]",1,0.37333333333333335,0.13513513513513514,0.21333333333333332
"[""Dunga has dismissed suggestions his Brazil squad is over reliant on Barcelona striker Neymar after naming a 23-man squad for upcoming friendlies against France and Chile later this month. Neymar almost single-handedly carried Brazil to last summer's World Cup quarter-finals against Colombia before fracturing his vertebra and missing his side's 7-1 semi-final humiliation against Germany. Dunga has named Neymar his new skipper since the World Cup and admits to building his newlook Brazil side around the Barcelona attacker. Neymar almost single-handedly carried Brazil to last summer's World Cup quarter-finals against Colombia . But Neymar fractured his vertebra and missed his side's 7-1 semi-final humiliation against Germany . After playing France in Paris later this month, the all-South American clash at the Emirates Stadium against Chile on March 29 is particularly mouthwatering and will see Brazil star Neymar facing Arsenal striker Alexis Sanchez – the pair are former Nou Camp team-mates. Chelsea trio Willian, Oscar and Filipe Luis have been named in the squad by Dunga alongside Manchester City's Fernandinho, Real Madrid left-back Marcelo and Liverpool's Philippe Coutinho. 'Our captain is not a surprise,' said Dunga. 'The numbers are here to demonstrate that he is in a very good period. Neymar celebrates with former Brazil coach Luiz Felipe Scolari in Belo Horizonte last summer . 'Since he has been designated captain of the team, he has had an upgrade on his level of football. 'He likes challenges, the more responsibility he has, the more he will develop and get better. 'We are very happy to have him; he is doing fantastic things in Europe. 'Every time that Brazil was World Champion, we had a strong collective spirit, from which appeared some outstanding players. Dunga says Brazil do not rely too much on Barcelona star Neymar, who he has named his captain . 'We don't want that one only player resolves everything. 'Our priority is first to have a strong collective, and then as a second step, one outstanding player can naturally differentiate himself and help us to be better. 'The creativity of Brazilian Football is dribbling. Players must have a good attitude, they have to take decisions . 'What we are trying to do in this new era of Brazil is the following: to increase the value of our heroes of the past and use them as references of the principles of Brazilian Football for helping develop our new young players. Neymar scores for Spanish giants Barcelona against Villareal on the Copa del Rey semi final second leg . 'People say Brazilian Football is improvisation. No, Brazilian football is not improvisation, our football is creativity.' Brazil's game at the Emirates will take on extra significance as Dunga's men secured a dramatic penalty shootout win against Chile to reach the last eight at the 2014 World Cup last summer and set up an all-South American quarter-final against Colombia. Brazil goalkeeper Julio Cesar was the hero, making two crucial spot-kick saves to thwart Chile, who were denied victory themselves by the woodwork with seconds to spare in extra time. As well as key World Cup qualifiers, Brazil will travel to Chile in July for the Copa America and Dunga is convinced the next 12 months will be a major test for his new look side. Neymar celebrates scoring Barcelona's third goal against Villareal to send them through to the final . 'We first changed all the staff of Brazil,' said Dunga, speaking about the rebuilding job after the World Cup. 'The most important thing is working hard; working hard is the only solution to overcome this traumatism. Then, results will follow. 'We are explaining to the players that we must be strong""]",['Dunga has named his 23-man squad for upcoming friendly matches .\nBrazil face France and Chile in international friendlies later this month .\nDunga dismisses suggestions the Brazillians are over reliant on Neymar .\nBut he admits he will build his new look Brazil around the Barcelona ace .'],"[""Bowler managed Brazil's World Cup quarter-final against Colombia .\nNow Neymar has been named the skipper to clean things under Fabian Dunga .\nThere are fears he fears Neymar will face striker Alexis Sanchez this month .\nHis side also face France in friendly match on March 29 - 'France I'm playing the oscar,’ says star .\nPlaying without Neymar could be a disaster for his side .\nBarcelona's first-time winner played Thursday in the latest Confederations Cup final; it was his first appearance in the prestigious competition .""]",1,0.33333333333333337,0.044117647058823525,0.18840579710144928
"[""Bruce Jenner was seen moving into his new very private and roomy hilltop property nestled deep within the hills of Malibu on Thursday. And on Tuesday the inside of the $3.5m mansion was revealed. The home, his second since leaving Kris Jenner, has modern touches and sweeping views of the Pacific Ocean as well as a luxurious pool. Scroll down for video . On the move: Bruce Jenner was seen moving into his hilltop mansion in Malibu on Thursday . A look inside: On Tuesday a look inside the house, purchased for a little more than $3.5m, was made available; the property features four bedrooms, a three-car garage, and a pool/spa outside . According to sources quoted by Variety on Monday, Kris Jenner's ex bought the house for $3.575m, a bargain well below the $3.9m asking price. The light grey 3,500 square-foot home is far from modest and sits on 11 acres of land (as reported by People). Built in 2010, the concrete-and-glass structure came with four bedrooms, 3.5 baths, and 360-degree views of the surrounding hills. Views: In addition to 360-degree vistas overlooking the surrounding hills, the house's veranda and pool have unobstructed views of the ocean . The swimming pool and spa attached to the house also offer an unobstructed sightline to the ocean. A built-in grilling station and an outdoor fireplace are features out by the pool, located on a slightly raised wrap-around porch. Back inside, the kitchen has a centre island fitted with white countertops and cabinets, as well as stainless steel fixtures. White features: A large kitchen features white countertops and cabinets, as well as stainless steel features . Open plan: With no division between the living room (right) and dining room (left), glass walls give the house an open and airy feel . The main part of the mansion features an open-plan design, with a step-down living room with a fireplace and a dining room next to it. Hardwood floors and ornate glass doors mark the entryway. Even the master bath features mountain views from the bathtub - with no near neighbours this is still private - and a glass-walled shower. A bathroom with a view: Even the luxury bathroom allows for spectacular views from the tub . Outside areas: The house is surrounded by covered patios and verandas . Outside, covered patios surround the building that has a three-car garage attached. While the existing photos show the house before Bruce moved in, the E! reality star was spotted moving in several items, including a king-sized mattress and a bed frame. Bruce's son, Brandon, was on-hand to help - he took off his shirt to move bar stools from a white pickup truck into the flashy residence. Wider view: The E! star's new spread is surrounded by 11 acres of land . Move-in day: While more furniture and belongings undoubtedly came separated, Bruce and his son, Brandon, were spotted moving in a few items . Three-car garage: A fan of cars and other motorized toys, Bruce will likely fill his new three-car garage . Though it is large, the property is much less ornate that the Spanish style home he shared with Kris, 59, in Hidden Hills until 2013. The Malibu residence also appears to be brand new with an untouched roof and what appears to be fresh landscaping around the home. Bruce may have chosen to move now as he has been under the microscope lately. Casual for the new place: The Keeping Up With The Kardashians star wore a blue striped golf shirt while Brandon went shirtless . Not only has he been strongly hinting that he wants to transition""]","['The mansion has four bedrooms and is 3,500 sq feet with three garages .\nThe secluded property sits on 11 acres and has views of the Pacific Ocean .\nThis is the second home for the E! star, 65, since split from Kris Jenner .\nMansions in the same Malibu neighborhood sell for $10m but his is only $3.5m .']","[""Bruce Jenner moved into mansion in Malibu in Los Angeles on Thursday night around 4pm .\nThe first, single-sobed, five-bedroom mansion since the summer 2013 move shows it with four bedrooms .\nThree-car garage .\n Kris Jenner's ex bought bought the house at for $3.5m - $3.9m .\nSays the owner lowered the price by $1-.1m in teaser image .""]",1,0.35,0.03389830508474576,0.18333333333333332
"[""A California high school was brought to a standstill on Monday after staff reported a suspicious package that had been left\xa0unattended on the grounds. However after all major precautions were taken - with the campus evacuated and the bomb squad called in to destroy the box - it turned out to be nothing more than some vouchers from KFC. Officials at Willows High School in Glenn County - north of Sacramento - \xa0said they handled the situation a little more drastically than usual after multiple threats were made again the school last week. Suspicious: A package found unattended at\xa0Willows High School in Glenn County - north of Sacramento - on Monday and was subsequently destroyed by the bomb squad turned out to be a box of KFC coupons . The threats were allegedly made by three students on social media. Willows High School Principal Holly McLaughlin filed a police report about the three - a 16-year-old male and two females, aged 16 and 17 - after discovering the threats on Twitter. They were posted after a large group staged a protest at the school on Thursday. Instead of going to class at the start of the day, dozens of students took part in a sit-in in the hallway. They were attempting to show support for two popular teachers, Paul Gadbois and Paul Bailey, who had recently lost their jobs. 'Things sort of blew up on social media after the board meeting,' Principal Holly McLaughlin told CBS Sacramento. Administrators say the principal, school board members and their children were threatened on social media. 'It kinda makes you nervous and makes you not wanna go to school at all,' said Willows High junior Ashlynn Geiger, who is the daughter of a school board member. Overly cautious:\xa0Willows High School Principal Holly McLaughlin (left) said the situation was handled differently because of recent threats made against her school, while\xa0Sgt. Troy McIntrye (right) said the package seemed suspicious upon inspection . Scene: The school campus was evacuated as the bomb squad moved in to inspect the box . Evacuated: Last week, threats were made against the school, after a large group of protested against two teachers losing their jobs . Protest: On Thursday students stayed a sit-in after two popular teachers lost their jobs . On the back of the threats, the staff became worried when they found the unmarked box outside the school entrance on Monday. Police were notified, and initial exams of the package deemed it suspicious. 'It looked suspicious when they did the x-ray,' said Sgt. Troy McIntrye. The premises were evacuated and the bomb squad was called. They destroyed the box, but afterwards realized it was just a collection of coupons from a local KFC. Police do not think it had anything to do with the threats. Principal McLaughlin admitted that, had it been a regular day at the school, a staff member would have likely just opened the box, however they were all on alert.""]",['Unattended package found Monday at Willows High School .\nThreats were made against the school last week over two teachers losing their jobs and students had staged a protest .\nCampus was evacuated and the bomb squad destroyed the box .\nPackage turned out to be full of vouchers from a local KFC .'],"[""At Willows High School in Glenn County - north of Sacramento - the school's fate was also threatened by a threat at school .\nStudents throughout classes were alerted to the threats .\nAfter a protest outside the board meeting again on Monday, the bomb squad evacuated and package was destroyed .""]",1,0.49056603773584906,0.15384615384615385,0.2641509433962264
"[""He may not have played since the FA Cup defeat by Leicester on January 24 but Emmanuel Adebayor does not appear to be giving up his Tottenham career easily. The out-of-favour striker took to Instagram on Monday to post a\xa0cryptic\xa0message, perhaps making reference to his current situation under manager Mauricio Pochettino. Alongside a picture of himself sitting in a car, the former Arsenal man wrote: 'When life puts you in tough situations. Don't say 'why me'. Just say 'try me'.' Tottenham striker Emmanuel Adebayor attached a defiant message to this picture of himself on Instagram . Adebayor has made just 11 Premier League appearances for Tottenham so far this season . Adebayor came close to joining West Ham on loan in the January transfer window and he has found it difficult to break into Mauricio Pochettino's starting XI this year. His last Premier League appearance came as a substitute against Sunderland on January 17 and he has just two top-flight goals to his name this season. Younes Kaboul and Etienne Capoue have also struggled for playing time in 2015 but Pochettino has refused to confirm whether the trio will leave White Hart Lane this summer. Former Arsenal striker Adebayor last played for Tottenham on January 24 in the FA Cup against Leicester . Spurs boss Mauricio Pochettino has demoted Adebayor to the club's third-choice striker in recent months . Speaking about squad selection ahead of his side's 2-1 win at QPR on Saturday, the former Southampton boss said: 'Always for every game it's my decision, my choice. 'I think that you understand. In the end, all of our squad is fully fit and you need to pick players. 'I am happy with all, but if we have 26 or 27 players in the squad then more than 18 is impossible.'""]",['Emmanuel Adebayor has not played for Tottenham since January 24 .\nThe striker is out-of-favour under boss Mauricio Pochettino .\nAdebayor came close to joining West Ham on loan in January .\nHe has two goals in 11 Premier League appearances this season .'],['Emmanuel Adebayor posted a defiant message on his Instagram account .\nThe Tottenham striker captioned the video with a picture of himself in a car .\nHe played in the FA Cup defeat against Leicester in January 24 .\nThe former Arsenal man has only made 11 Premier League appearances for Tottenham .'],1,0.4536082474226804,0.2105263157894737,0.3092783505154639
"[""A vandal thought to be as young as four was captured on CCTV vandalising a father-of-two's Audi on Mother's Day. David Draper was horrified when footage on his home security camera showed the boy running a key along the side of his grey car. The 37-year-old from Crosby in Liverpool said the vandalism took place at around lunchtime on Mother's Day. The youngster was seen pulling a sharp object or key out of his pocket and running it along the side of the Audi . Two seemingly older children are seen walking along the street ahead of the younger boy in the video. The child is seen calmly pulling what appears to be a key from the pocket of his grey tracksuit, all the while maintaining his pace. He runs the object along Mr Draper's car, leaving a long, white scratch. The father of two claims his was not the only car on the quiet residential street to have been damaged last Sunday. 'I've lived here for five years, it’s a nice area. Nothing like this has happened before. 'This young boy scratched my car in the street and was seemingly allowed to do so. 'I don’t know who the children are. I knocked on the doors of my neighbours and have discovered their cars have also been damaged as well. 'I’m hoping I’ll be able to just paint over it but it’s still damaged. I don’t recognise the older boy or any of the children.' Mr Draper is now planning to report the incident to police after having been unable to identify the children in the video by speaking to neighbours. Mr Draper said other cars on the quiet residential street had been damaged on Mothers Day afternoon . The father of two now plans to report the incident to police after having been unable to find the children responsible .""]","[""The child was filmed on a home security system vandalising the vehicle .\nHe took a key or sharp object to David Draper's grey Audi on Mother's Day .\nThe 37-year-old from Liverpool says his was not the only car damaged .""]","[""Vandal was caught on CCTV vandalising a parked Audi on Mother's Day .\nThe child who damages the car is clearly angry that it has been damaged .\nYoungster is running a key while a finger inches away on the young back of his face .""]",1,0.4545454545454545,0.18604651162790697,0.31818181818181823
"[""The heartbroken parents of a beautiful four-week-old baby boy who died due to complications arising from whooping cough have been forced to defend themselves from online trolls. After urging other parents to get themselves and their children immunised against the deadly disease, Greg and Catherine Hughes have been inundated by messages from strangers - but not all of them have been kind. ‘To all the strangers sending me Facebook messages and asking why my son wasn't vaccinated. He was 4 weeks old!!! Too young to be vaccinated!,’ mother Catherine wrote on Facebook. ‘Go learn something about immunisation and stop bothering me. Our whole family was vaccinated but we live in the state with the worst vaccine rates and sometimes family vaccination just isn't enough to protect our babies,’ she added. Riley Hughes died at just 32 days old after suffering complications arising from whooping cough . Riley's parents Greg and Catherine Hughes have been inundated by messages from strangers . In the comments section of a Daily Telegraph\xa0article online a man named Rich also asked ‘if the mother of baby Riley was immunised and breast feeding?' 'This is one of the simplest ways to protect a child too young to be vaccinated,' he said. ‘Thank you for questioning me. I was fortunate to breastfeed my daughter for two years and my son Riley for the four weeks of his little life until he had to use a feeding tube in hospital, where I then expressed milk,’ Catherine responded. ‘I was also vaccinated as a child and received the booster shot three years before his birth, and was told my medical professionals this was sufficient. - Riley’s Mum.’ The couple, from Perth, who set up a Facebook page to honour their son Riley Hughes after he ‘passed away peacefully in the arms of his mummy and daddy’ at 2pm on March 17, aged just 32 days, publicly spoke about their son’s death in the hope it would help prevent more children dying from the preventable disease. Riley’s father Greg posted a touching tribute on Facebook to his ‘darling little angel Riley’ Two days before Riley died his mother posted a photo of him wrapped in a blanket in hospital . ‘Our greatest desire out of our own personal tragedy is to stop parents from having to endure the heartache of preventable childhood deaths,’ Riley’s dad Greg wrote on the Facebook page Light for Riley. Catherine Hughes has stood up to people who questioned her online . The newborn, born on February 13, died in Perth's Princess Margaret Hospital as a result of pneumonia-based complications arising from whooping cough. The brave family have now raised an incredible $36,000 for the Princess Margaret Hospital Foundation after setting up a fundraising page in honour of baby Riley. Greg Hughes wrote: ‘It was with a mixture of tears and joy that I logged on early this morning to see that we'd surpassed our initial goal of $32,000! The last few days have been unbelievably difficult for my family, but this incredible show of humanity has kept us occupied and given us a drive to change the world.’ Updating the more than 50,000 who now follow the Light for Riley Facebook page, Greg said ‘We're hearing that across Australia many Medical Practitioners, Pharmacies and Suppliers are completely out of the vaccine. ‘We've seen change in WA and NSW with whispers that other states are hopefully set to follow suit. None of this could have been achieved without the phenomenal response from the people on this page. The support has been worldwide and humbling to say the least. ‘Thank you so much for your continued support, please continue driving the message and donating to this worthwhile cause. We're just getting started.""]","[""Riley Hughes died in a Perth hospital at just 32 days old on March 17 .\nParents Greg and Catherine Hughes urged others to get vaccinated .\nThey want to stop other parents from having to endure the same heartache .\nThey have set up a Facebook page in Riley's honour and raised $36,000 .\nWhooping cough is 'highly infectious' and lethal in babies .\nImmunisation against it is available for children from two months old .\nIn Australia it is the least well controlled of all vaccine-preventable diseases .""]",['Greg and Catherine Riley Hughes were delighted in vaccinations against whooping cough .\nThey set up a fundraising page in honour of Riley Hughes .\nThe couple\xa0waged to prevent more children dying from the deadly disease .\nCatherine Hughes has said she feels sorry for her child .\nThe premature four-week-old Riley Hughes died of pneumonia after complications .\nMany would be appalled at how parents would protect themselves if they not receive immunisation .'],1,0.4216867469879519,0.12195121951219512,0.2289156626506024
"[""A new test that can identify whether long-dead ancient humans had suffered from malaria could help scientists trace how the disease has evolved. Archaeologists at Yale University in New Haven, Connecticut, have developed a way of diagnosing the disease in skeletons thousands of years old. Scientists have used the technique to reveal that infants and toddlers found in a cemetery within an ancient Roman villa in Italy had died of the disease. Scroll down for video . The scientists scraped bone marrow from bone sample to search for telltale crystals of a molecule called hemozoin that show the person who the bone belonged to had been infected with the malaria parasite . The method could now be used to track the spread of malaria back to its first appearance in humans by examining other ancient skeletons for signs of the infection. Jamie Inwood, an archaeologist at Yale University who led the research team, said: 'The data set we build with this will be revolutionary for establishing the epidemiological curve for malaria in ancient societies. Attempts to develop a vaccine against malaria have been frustrated by the parasite's highly variable nature. The parasite also tends to hide within red blood cells, making it difficult for the immune system to spot. Scientists at the US National Institutes of Health claim to have created a potential vaccine that can protect against lethal strains of malaria. The vaccine, developed blood samples taken from Tanzanian children naturally resistant to the disease, works by imprisoning the Malaria-causing parasites inside the red blood cells they infect. The scientists pinpointed a protein called PfSEA-1 which the parasites need to escape from the red blood cells they infect. Scientists found that an antibody produced by the immune children hits the malaria parasite at a critical stage in its life-cycle by taking action against this protein. The researchers said that an experimental vaccine based on this idea protected mice in five trials and will be tested on lab monkeys beginning in the next four to six weeks. 'By understanding how this parasite reacted to societal shifts in the past, we can aid in predicting its future behavior. We can understand the way it has evolved.' Miss Inwood and her colleagues developed the test by identifying specific chemical signals and molecules that are found in the bones of people infected with malaria. They found that a large molecule called hemozoin, which is expelled as a waste product by the malaria Plasmodium parasite. Using X-ray defraction, Miss Inwood and her team found they were able to identify black crystalline lumps of the molecule in the bone marrow of bone samples. They tested the technique on the remains of 100 children buried in a cemetery within the ruins of Roman villa at Lugnano in Teverina, Italy. The bodies, which dated from 550AD, had been buried with heavy roof tiles to weigh them down. Miss Inwood said: 'Researchers from the University of Arizona had found burial practices that were throwbacks to pagan rituals. 'It was suspected there must have been an epidemic in the community that caused fever or fits.' With the help of Dr David Soren, an archaeologist at the University of Arizona, Miss Inwood was able to identify hemozoin in femur and humerus bone samples from the site - confirming they had been infected with malaria. Malaria is spread by blood sucking female mosquitoes like the Anopheles stephensi mosquito shown above . This electron micrograph shows a malarial sporozoite migrating through the cytoplasm of a mosquito cell . They were able to confirm that the test was accurate using a technique that searches for DNA of the pathogen. However, DNA extraction is not always possible and sometimes unreliable. Malaria is one of the world's biggest infectious killers, infecting around 200 million people every year and claiming the lives of more than 500,000. Not all Plas""]","['Scientists at Yale University developed a new way of diagnosing malaria .\nThey look for a waste product produced by the parasite in bone marrow .\nCrystals of this protein form inside ancient bones of infected individuals .\nThis allowed researchers to diagnose children that died 1,500 years ago .\nThey say it could be used to trace the spread of malaria in human history .']","['Archaeologists at Yale University in New Haven developed the new technique .\nThey reveal DNA traces of the deadly malaria parasite found in skeletons .\nHemozoin discovered in the bone of people that were believed to have the disease .\nThe new tome method could help researchers find ways to prevent the disease .\nMalaria has already spread for decades, as a result of human failure and infecting the population to return to its initial state .\nScientists have now revealed how the experimental vaccine works .\nResearchers hope to be able to detect malaria within human corpses .\nThis can help disperse the parasite between red blood cells and blood-borne cells .\nThe test identifies chemical signals and molecules found from bones of victims .\nIt protected mice in five trials and are tested on live lab monkeys in next four to six weeks .\nMalaria, also known as Disease Proplasma, is expelled as a wasteproduct .']",1,0.3392857142857143,0.05405405405405405,0.1964285714285714
"['(CNN)Nick Gordon, Bobbi Kristina Brown\'s boyfriend, says he hates her father, singer Bobby Brown. The conflict is one of many revelations in a newly released promo for an upcoming episode of ""The Dr. Phil Show.""  In the clip, Gordon cries and laments missing Bobbi Kristina and her mother, the late Whitney Houston. ""I miss Krissy and Whitney so much,"" a tearful Gordon says. ""I want them back."" Brown was found unresponsive in a bathtub on January 31 at her home in Roswell, Georgia. She has remained hospitalized after doctors placed her in a medically induced coma. Police have said they are treating her case as a criminal investigation. Gordon, who tweeted that he gave Brown CPR after finding her in the tub, has complained via social media about not being allowed to see her. ""Let me be very clear, Mr. Gordon was offered an opportunity to potentially visit Bobbi Kristina and he declined to meet the terms of any possible visit,"" Bobby Brown said last month in a statement through his lawyers. The terms were not revealed. ""In an effort to do all he can to visit, Nick has repeatedly offered to meet with Mr. Brown privately to discuss his request in person, rather than through lawyers,"" lawyers Randall M. Kessler and Joe S. Habachy said in a statement. ""Those offers have also been rejected. We hope Mr. Brown has a change of heart."" Gordon began living with Houston and her daughter after the superstar singer took him in when he was a teen. After her death, he and Bobbi Kristina became romantically involved. In a Facebook post on Friday, Bobbi Kristina\'s aunt Leolah Brown wrote an open letter to Dr. Phil, claiming that Gordon is being investigated by the police regarding what happened to her niece. ""If Nick Gordon does not have the courage to speak with my brother Bobby Brown and/or law enforcement about what happened the day my niece\'s body was found in a bathtub, he does not deserve to have a platform to speak to anyone of your caliber until this investigation is concluded,"" she wrote. Gordon appears with his mother in the ""Dr. Phil"" clip, and the talk show host questions his sobriety. ""You\'ve been drinking a lot though, right?"" Dr. Phil asks before telling Gordon, ""I want you to go straight to rehab."" According to People, Gordon did check into rehab after filming. The episode is scheduled to air Wednesday.']","['Gordon taped an episode of ""The Dr. Phil Show"" that airs this week .\nA clip shows him distraught over Bobbi Kristina Brown .\nHe has checked into rehab, People magazine reports .']","['Danny Nelson says the new episode will look into the case .\n""Gordon has been given help and doesn\'t want the help,"" the movie star says in a press release .\n""I fear for her life,"" her boyfriend Nick Gordon says .']",1,0.21333333333333335,0.0,0.13333333333333333
"[""A man was left with horrific scars after his abusive wife poured a jug of scalding water over him after a rowed about household chores. Ken Gregory, 65, suffered first and second degree burns to 14% of his body after the assault at his £295,000 bungalow in Peterborough in March last year. A year on, pictures of his injuries show painful blistering stretching from his scalp to his lower back - and some of the scars will never fade. Scroll down for video . Ken Gregory was left horrifically scarred after his now ex-wife threw boiling water over him   in March last year . Mr Gregory met Teresa Gilbertson (pictured together) through ballroom dancing, but they relationship became sour after five years of marriage . His ex-wife Teresa Gilbertson, 60, is awaiting sentencing after being convicted of grievous bodily harm with intent following the attack. Mr Gregory has decided to speak out because he believes it is important to challenge the stigma surrounding men who are victims of abuse. Retired BT manager Mr Gregory said:\xa0'Being attacked by a woman is nothing to be ashamed of.' 'I had never imagined something like this would happen to me. 'As a man who is a bit older and who isn't exactly small, there is a perception that you can't be a victim of domestic violence. 'I was worried that people would assume that it was my fault and she was the victim - there is still a general perception that, as a strong man against a weaker female, you must have been the protagonist. A year on, the retired BT manager is speaking out to challenge the stigma surrounding men who are victims of abuse. Pictured, Mr Gregory with the jug his ex-wife used . Mr Gregory's ex-wife Teresa Gilbertson, 60, is awaiting sentencing after being convicted of grievous bodily harm with intent following the attack. Pictured, injuries to his back (left) and shoulder (right) 'But it should be the same message that they put out for women many years ago: don't be frightened, you don't have to put up with it.' The couple met through ballroom dancing following the death of Mr Gregory's first wife   of more than 30 years, Maureen, seven years ago. But after five years of marriage, their relationship soured. On the day of the attack on March 23, Mr Gregory had been due to take flowers to his late wife's memorial to mark her birthday.  Instead the couple rowed over finances and household chores. Eventually, they reached an apparently mutual  decision to get a divorce and Gilbertson had offered to make a cup of tea. Mr Gregory, who has limited mobility due to arthritis, turned down the offer, but his wife left the room and returned with a jug of freshly boiled water. Peterborough Crown Court heard she told him 'there you go' after tipping it over his head without warning. It was the culmination of escalating verbal abuse. Three weeks earlier, Mr Gregory needed hospital treatment after Gilbertson threw a cup of tea over him while he slept, in what she claimed was an accident. When police arrived following the final incident, Mr Gregory said she told officers: 'If I'd wanted to kill him, I'd have used a knife.' Reliving the incident, Mr Gregory said: 'I was sitting with my back to her and it came without warning. 'It was unbearable, searing pain - I'd never known anything like it. 'Afterwards I could barely sleep as I couldn't lie on my back.' Mr Gregory, who has limited mobility due to arthritis, said the injuries meant he barely sleep after the attack . Experts told the trial that the pattern of the injuries showed the water must have been poured""]","[""Ken Gregory suffered first and second degree burns to 14% of his body .\nPictures of his injuries show painful blistering from his scalp to lower back .\nMr Gregory's ex-wife was found guilty of grievous bodily harm with intent .""]","[""Ken Gregory, 65, left severely by his abusive wife in April .\nShe had to pour water a 'hot ball' over him after dinner .\nRetired BT manager is currently serving a life sentence in 2015 for causing grievous bodily harm following the attack .\nHis wife Teresa Gilman, 60, has said it is 'nothing to be ashamed' of after the attack .Earlier this year Mr Gregory described attack as helping her in finding .\nher her future daughter .\nHe says so much he attacked has fellow abusers realised he is a problem for women . .\n'It doesn't matter the woman puts it. The woman does it,' he said .""]",1,0.18300653594771243,0.026490066225165563,0.11764705882352941
"[""A series of mutilated animals have been found on the streets on Sacramento, leading officials to fear a local cult may be responsible. The latest discovery - the third in as many days - was made yesterday by a Sacramento Bee reporter investigating the killings. He found a bag of decapitated chickens along railroad tracks in California's capital city. Scroll down for video . A series of mutilated animals have been found in Sacramento, including a box of chicken corpses (pictured) On Tuesday night, authorities reported finding two bags containing dead animals also beside railroad tracks in Midtown Sacramento. One bag contained a beheaded rabbit with several tea candles. A second bag held at least two decapitated chickens with their feet cut off, News10 reported. Gina Knepp, head of Sacramento's Front Street Animal Shelter, said authorities are investigating whether at least some of the killings may be tied to religious rites that sacrifice animals. She explained tips have been pouring in, many of them suggesting the findings are linked to a cult. 'Local cults, religious groups. Nothing solid, you know, but it is very bizarre,' she said. Gina Knepp, head of Sacramento's Front Street Animal Shelter, said authorities are investigating whether the findings are linked to cults . 'The most recent case I will say involves what appears to be some type of ritual, who knows what kind of practice,' she told the Sacramento Bee. She added, others cases may be simply a case of copycats following the growing news coverage of the incidents. Two decapitated chickens were found in a box along a bike trail near the Sacramento River on Monday. Inside the box were also five blood-soaked $1 bills. There have been at least nine separate discoveries of decapitated goats, sheep and chickens and other animals since the start of the year at various locations in Sacramento. But the mystery began last fall,  when a 120lb cow's head was found in Reichmuth Park and another one was found a few miles away at Garcia Bend Park. The mystery began last fall, when a 120lb cow's head was found in Reichmuth Park and another one nearby .""]","['The latest discovery was made yesterday by a Sacramento Bee reporter .\nHe found a bag of decapitated chickens along railroad tracks in the city .\nAuthorities are investigating whether at least some of the killings may be tied to religious rites that sacrifice animals .\nAt least nine separate discoveries of decapitated goats, sheep and chickens and other animals since the start of the year in Sacramento .']","['A third discovery box contained two dead rabbits and three headless chickens .\nThe fourth box was also found, contained bacon and strips of bacon .\nSacramento officials investigating whether the local cult may be the crime .\nClown killer Mercy Animals said it is also possible a local cult could be the culprit .']",1,0.3548387096774193,0.032786885245901634,0.20967741935483872
"[""The sound of popping champagne corks and hushed conversations fills the small garden terrace. Fairylights twinkle in the palm trees, illuminating the frescoed ceilings of the Chateau Marmont. Beyond the tall, white walls of LA's most historic hotel - built in the Twenties - is the murmur of Hollywood, where on Sunday Eddie Redmayne's Oscar dreams came true. In the hotel restaurant, my fish comes with a sprinkling of Hollywood glamour - Eva Longoria and Richard Gere are dining. Glamour at every turn: Tourists can gain a close glimpse of the Hollywood sign with via a ranch ride . No one bats an eyelid, except me. Running into the odd A-lister - or desperate housewife - is business as usual in Hollywood, particularly in awards season. But you don't stand much chance if your Tinseltown experience is limited to the Walk of Fame and cemented handprints outside the TCL Chinese Theatre on Hollywood Boulevard. Happily, there are plenty of better hotspots where you can catch up with your favourite celebs. I spy Susan Sarandon at the bar of the Sunset Tower Hotel, where Eddie Redmayne, was spotted the night before the Oscars. The following evening, I dodge the paparazzi waiting for Jessica Alba outside Craig's Restaurant in West Hollywood. I am tucking into my southern fried honey chicken when she slips out via the kitchen. The next morning, while crowds gather at a glossy shopping complex for a mediocre view of the Hollywood Sign, I venture deep into the surrounding hills to get the ultimate glimpse. Marilyn is saddled up and waiting at Sunset Ranch ahead of a morning's horse riding in the Hollywood Hills. Leading the way in cowboy hat is guide Lila, who once took the Beckhams out for a ride. 'Yes, even Victoria!' says Lila. 'She was a natural.' We make our way along some of the 56 miles of sandy trails that lace Griffith Park, one of the largest in the States and named after the 19th-century colonel who donated this land to the city. It's an unusual way to experience Hollywood, agrees Lila, as we peer down into cacti-studded canyons sheltering coyotes and rattlesnakes. Looming large on the slopes of Mount Lee is the Hollywood Sign. A part of LA's history since 1923, when it originally read 'Hollywoodland' to advertise a nearby property development, the sign hasn't always been such a happy spot. Actress Peg Entwistle committed suicide here, jumping to her death from the letter 'H' in 1932. Sunday morning in Tinseltown and there's only one place to be: the Farmer's Market on Ivar Avenue. The man in focus: Eddie Redmayne (pictured with wife Hannah) was the big winner at this year's Oscars . Between 8am and 1pm, the streets between Hollywood and Sunset Boulevards are closed to traffic as hundreds of food and handicraft stalls are set up. This is where local foodies - including Cameron Diaz and Claire Danes - come to pick up their groceries. Just up the road is the Hollywood Roosevelt Hotel, a glorious Spanish-inspired property that's earned its place in history. Not just as the birthplace of the Oscars - the first ceremony took place in the Blossom Ballroom in 1929 - but for the showbiz royalty that have stayed and played here. Shirley Temple learnt to tap dance on the tiled staircase in the lobby and regular guest Marilyn Monroe (she preferred room 246) loved the place so much that she still visits. Her ghost is said to haunt the hotel. And you can't get much more Hollywood than that. British Airways (0844 493 0758,""]",['Star-spotting can be remarkably easy in Hollywood in Oscars season .\nOur writer bumped into several A-list stars on one weekend in LA .\nLos Angeles can also be a venue for horse riding - to the Hollywood Sign .'],"[""Travelers can compete with Hollywood's historic sites .\nThe biggest venues range from the Oscars to Hollywood's greatest shows .\nHollywood Hotel, the Astersonics, impresario Marina Vega and Royal Albert Hall .\nUpper with over 200 stars including Marilyn Monroe, Joe Giglio and Frank Sinatra .\nOne-night waiting hotel at Hollywood Roosevelt Hotel: 25 miles off the end of the seven-star low and star hotel .\nThe Big Sky From Venice is a hot spot in Hollywood and it is to be discovered by Sheen's former room star of Laura Palpino' Bellini .""]",1,0.19548872180451127,0.015267175572519083,0.12030075187969928
"[""The Football League are in talks with Leicester City regarding Financial Fair Play rules, after their accounts revealed a £20.8million loss that exceeds the £8million allowed by clubs outside the Premier League. Leicester published their 2013-14 accounts on Tuesday, with the Football League reacting Wednesday by saying talks with the club who are now at the foot of the Premier League table are 'ongoing', according to the\xa0BBC. Leicester believe that £13million of the loss was 'allowable' because much of it relates to the club's promotion from the Championship to the Premier League. Leicetser City boss Nigel Pearson watches on as his side prepare to play Manchester City on Wednesday . Andy King (left) tries to keep hold of the ball under pressure from Danny Drinkwater and Esteban Cambiasso . Marcin Wasilewski (left) and Jeff Schlupp jokingly grapple in Leicester's training session before City . The club could be fined if it is adjudged to have broken the rules. The Foxes are currently rooted to the bottom of the Premier League on 18 points. They are seven points adrift of safety and they travel to the Etihad Stadium on Wednesday to take on Manchester City.""]","[""Leicester City's losses exceed Football League parameters of £8million .\nThe club has attributed most of the £20.8million to costs of promotion .\nLeicester, who are bottom of the Premier League, could be fined if guilty .\nCLICK HERE for all the latest Leicester City news .""]","[""Leicester are in talks with clubs over breaking Financial Fair Play rule rules .\nThe split into seventh 'allowances' is in talks with said Football League .\nLeicester are currently at the bottom of the Premier League on 19 points .\nThey have now found themselves only their last five games on 18 points .\nLeicester are confident of being treated right, by FA .\nClub said they would be fined if club was 'complained' and they broke rules .\nHave suffered two straight defeats so far this season winning in .\ntop of the Premier League table .\nCLICK HERE to date all the Premier League news and a Sportsmail digest of all of the latest .""]",1,0.3515151515151515,0.14723926380368096,0.24242424242424243
"[""Former Liverpool defender Mark Lawrenson has laid into Mario Balotelli after the Liverpool striker's latest faltering performance in the goalless draw with Blackburn in Sunday's FA Cup quarter final. The misfiring Italy international, who has managed only four goals in all competitions since his £16million summer arrival from AC Milan, was brought on after 59 minutes but failed to impress as the game ended 0-0 to force a replay at Ewood Park. Speaking on BBC Radio 5 Live, Lawrenson let fly with a scathing attack on the former Manchester City star who he labelled 'a waste of space'. Mario Balotelli leaves Anfield after Liverpool's goalless draw with Blackburn in the FA Cup . The much criticised striker failed to get on the scoresheet during the FA Cup quarter final clash . The Italian firebrand came on after 59minutes but could not add to his meagre goal tally of four this season . Liverpool legend and BBC pundit let loose a scathing attack on Balotelli, branding him 'a waste of space' The 24-year-old has failed to live up to expectations following his £16million arrival at Anfield . Balotelli heads straight down the tunnel towards the dressing room after the final whistle is blown . 'Forget about Mario Balotelli. He is an absolute waste of time. He shouldn't be anywhere near this team,' he said. 'I can see why Brendan Rodgers threw him on today as he might just create something, but 99 times out of 100 he will let you down.' Match Zone statistics  from the game show that Balotelli managed only a single shot on target after coming on as a substitute and appear to support Lawrenson's claims. Balotelli's performance comes just days after he posted a cryptic Instagram message suggesting that one of his team-mates did not like him. Although, having angered players by taking a penalty away from Jordan Henderson during a Europa League clash with Besiktas and with statistics that include only creating six chances for his team-mates all season, it's hardly surprising that the 24-year-old's popularity is waning. Balotelli prepares to be introduced on 51minutes as Liverpool try and change the game . Balotelli has managed only four goals in all competitions since arriving from AC Milan last summer . Mario Balotelli's attack statistics and heat map for the 31minutes he played on Sunday back up Mark Lawrenson's claims - CLICK HERE for more stats from our Match Zone . Lawrenson praised Blackburn for their tactically astute performance to earn a replay at Ewood Park, which has now been scheduled for April 7 or 8th to meet UEFA regulations. 'Congratulations to Blackburn Rovers on an absolutely magnificent display. They were never ever desperate at any time,' he said. 'They have looked at how Liverpool have played recently and the tactics were spot on. Goalkeeper Simon Eastwood hasn't really had to make a real top class save.' Rodgers admitted that he would rather wait a month for the replay than have to play 48 hours later as has happened to Bradford and Reading after their goalless draw on Saturday. Balotelli winces in pain after a rash tackle from Blackburn's Tom Cairney (right) The Liverpool striker checks his leg after a tackle by Rovers'  Cairney (not pictured) The former City striker only managed a single shot on target, although team-mates didn't fare much better . Balotelli wins a header but could not get his shot on target as Liverpool stumble to a draw . ‘I believe the replay is early April, the 7th or 8th,’ said Rodgers. ‘It is certainly not what it is for Reading and Bradford. That is unbelievable. I feel for them, having""]",['Mario Balotelli failed to impress in goalless FA Cup draw with Blackburn .\nLiverpool legend Mark Lawrenson has labelled the Italian a waste of space .\nFormer AC Milan striker has scored only four goals  since his £16m move .\nBalotelli had earlier commented on racism row involving Sulley Muntari .\nFA Cup replay has been delayed until April 7 or 8 to meet UEFA rules .'],"[""Referee Mark Lawrenson has ordered a ban on Mario Balotelli - former Balotelli player's new boss and boss .\nWatch out for soon-to-be released pictures any Ludic comments .\nBalotelli joined for £16million but has not yet found a replacement .\nLawrenson praises the 'burst-of time for a down-pere star'\nBalotelli is said to have shown a lack of the ball and lacked creativity behind his offence .\nInflattened Blackburn left Blackburn Rovers with only one - meaning none - to level without a Sergio Aguero for a fifth minute late on .\nLiverpool fans also cheered for players - supported by Mark Noble and Steven Gerrard - in the stands at Anfield .\nBlackburn welcome back Balotelli after blackballs\xa0Tom Cairney and Stepan .\nLiverpool fans object to and praise the striker for his antics elsewhere on the pitch .""]",1,0.24999999999999994,0.04854368932038835,0.13461538461538464
"[""With her dark sunglasses and stony expression, the image of Hillary staring at her smartphone made her look such a boss that it launched its own Tumblr parody account. The photograph, which dates from a trip to Tripoli, Libya in September 2011, was even adopted by the former Secretary of State herself for her Twitter profile picture. However, it seems that the picture which inspired hundreds of comedy memes could be no laughing matter for Clinton as it emerges the photograph could be a figurative smoking gun. Indeed, Clinton herself has removed the image removed from her Twitter account because it could show her using her controversial personal email account to conduct diplomacy in Libya. For more than a year, the former Secretary of State had used the monochrome image of her using a Blackberry on board a C-military plane headed to Tripoli in September 2011, around a month after Colonel Gaddafi's regime fell. But the picture, regularly seen by her 2.9million followers, was removed Sunday - ostensibly to promote a political campaign for gender equality, timed to coincide with International Women's Day. The image was once a symbol of Clinton's funny side as the face of the Texts From Hillary meme, which she said had given her 'many LOLZ' - but fell out of favor this week. Switcheroo: Hillary Clinton swapped out a picture of her using a Blackberry on her way to Libya for a silhouette promoting a gender equality initiative . However, the change also comes at a time when senior figures in Congress are intensifying scrutiny of Hillary's communications from 2009-13, which it was recently revealed were not conducted via official State Department accounts. Clinton has handed over swathes of communications from the time, but it has been claimed that the documents have 'huge gaps'. The image was mentioned by the chairman of a House committee into the 2012 attack on U.S. diplomats in Benghazi to suggest that vital communications from Clinton's involvement in Libya were being kept from public view. Rep. Trey Gowdy (R-South Carolina), today told CBS's Face the Nation\xa0that he has been provided with no emails from the September 2011 trip - despite Clinton being clearly pictures communicating while aboard the plane. Proof? The chairman of the House Committee on Benghazi mentioned that he has seen no emails from Clinton's time in Libya, despite pictures such as this one from 2011, showing her using a Blackberry . He said: 'There are gaps of months and months and months. And if you think to that iconic picture of her on a C-17 flying to Libya, she has sunglasses on and she has her handheld device in her hand, we have no e-mails from that day. In fact, we have no e-mails from that trip. 'So, it's strange credibility to believe that if you're on your way to Libya to discuss Libyan policy that there's not a single document that has been turned over to Congress. 'So, there are huge gaps. And with respect to the president, it's not up to Secretary Clinton to decide what is a public record and what's not.' Gowdy also said the records don't include anything from around the dates of the Benghazi attack itself, in which the U.S. ambassador to Libya was killed. Suspicions: Rep. Trey Gowdy (R-South Carolina) mentioned the pictured of Clinton while contending that emails from her time in Libya had not been handed over . As of Sunday evening, Clinton's profile still featured the Blackberry image, but as the 'header photo' displayed at the top of the Twitter page. In order to see it, users have to access her profile directly. The image will not appear in the timelines of her followers, nor when she is retweeted or appears in search results. Clinton herself tweeted to explain the change of profile picture. She wrote""]","[""Former Secretary of State swapped out phone picture for a blank silhouette .\nSaid the switch was to raise awareness of gender\xa0equality\xa0initiative .\nCame amid huge scrutiny over use of private emails to enact foreign policy .\nPhotograph was seized on to complain about emails withheld from Congress .\nRep. Trey Gowdy said it 'strains credibility' to think picture from 2011 does not show Clinton dealing with Libya situation using private accounts .""]","[""Hillary Clinton swapped tweet from September 2011 with image of her .\n'Proof that these images have to be deleted from the internet,' said congressman .\nClinton also replaced her tweet with the opening chart of Benghazi account in 2012 .""]",1,0.2413793103448276,0.0,0.15517241379310345
"[""Educator: Los Angeles teacher Thelmo Garcia, 37, is accused of placing a plastic over the head of a 10-year-old female student in class last month . A Los Angeles elementary school teacher was arrested this week after police say he placed a plastic bag over the head of a 10-year-old student. Thelmo Garcia, 37, a fourth-grade teacher at Rosewood Elementary School, pleaded not guilty to one count of child abuse Friday, two days after he was taken into custody in connection to the February 5 incident. According to the Los Angeles County District Attorney's Office, the educator placed a bag over the head of a girl in his class 'for several seconds' during school hours. The child reportedly did not pass out after the stunt, according to CBS Los Angeles. Investigators would not say whether Garcia was disciplining the girl, or just joking with her, as he's been known to do with other students. Garcia has been with the Los Angeles Unified School District since 1999 and taught fourth grade at Rosewood since 2010. The 37-year-old man was ordered held on $100,000 bail. If convicted, he could face up to six years in prison. The school has suspended Garcia with pay pending an investigation. Scroll down for video . Place of learning: The alleged incident took place at Rosewood Elementry School, where Garcia has taught fourth grade since 2010 . The 37-year-old pleaded not guilty and was ordered held on $100,000 bail . ‘We take these allegations very seriously,’ Ellen Morgan, of the Los Angeles Unified School District, said in a statement. ‘The district is fully cooperating with the LAPD investigation.’ Some parents and students at the LA school were stunned to learn of the allegations against Garcia, who was described as a caring and playful teacher. According to CBS, Garcia had no history of infractions over the course of his teaching career.""]","['Thelmo Garcia, 37, pleaded not guilty Friday to one count of child abuse .\nProsecutors\xa0say on\xa0February\xa05, Garcia placed a bag over the head of a 10-year-old girl for several seconds at Rosewood Elementary\xa0School .']","['Thelmo Garcia, 37, pleaded not guilty to one count of child abuse Friday .\nThe little girl, 10, told Garcia she did not pass out after the prank in class .\nGarcia was ordered held on $100,000 bond .\nThe school will continue monitoring to ensure no charges filed .\nGarcia accused of bullying the boy after prank .\nIn another alleged incident, the video was made of the teacher molesting the boy .\nThe 37-year-old first faced charges on February 27 when first arrested and he was suspended from fourth grade .']",1,0.32061068702290074,0.17054263565891473,0.27480916030534347
"['A father-of-two has been banned from every single pub in Queensland as part of his bail conditions after facing five charges in court. Steve Parnell allegedly punched an officer in the face after police were called to his house early on Sunday morning. While facing his charges at Gladstone Magistrates Court, Parnell was told he could not enter any licensed premise - including restaurants or clubs - in the state if he wanted bail. He has also had to commit to being breath-tested every week, the Gladstone Observer reports. Steve Parnell is banned from entering every single pub in Queensland (stock photo shown) The ban was handed down as one of his bail conditions at Gladstone Magistrates Court (pictured) Magistrate Mark Morrow told him the only establishment he could probably go into now is ‘Hungry Jacks and Maccas’ because they don’t serve booze. Mr Morrow said: ‘My concern is that every time he drinks he seems to become a problem.’ Police were called to Parnell’s home in Tannum Sands, a coastal town on the central east coast of Queensland, on Sunday after receiving noise complaints. The court was told at one point officers used a Taser on Parnell. Parnell will face court again on April 7 when his five charges, including two counts of serious assault will be heard. Police were called to Parnell’s home in Tannum Sands, a coastal town on the central east coast of Queensland . Magistrate Mark Morrow told Parnell he can not enter any establishment that serves alcohol . Sorry we are not currently accepting comments on this article.']",['Steve Parnell allegedly punched an officer in the face on Sunday .\nHe appeared at Gladstone Magistrates Court facing five charges .\nMagistrate Mark Morrow gave him strict no-alcohol bail conditions .\nHe cannot enter any\xa0licensed\xa0premises in Queensland .\nMust commit to a breath test every week .'],"[""Steve Parnell is banned from entering every single pub in Queensland .\nParnell was arrested on Sunday after visiting his home in Tannum Sands .\nThe door of Parnell's home had a Taser and facewaller served beers as a charge .\nThe police to Parnell's home on Pointman Beach had received noise complaints .\nParnell faces magistrate's five charges will be heard .\nParnell was re-tripped again on April 7 after father-of-two did not appear .\nPammy Pannelly published details of her Facebook rant just four hours after bail .\nParnell is already on serious assault but could be sentenced to a minimum to 10 days .\nWest Queensland man Donald Tadjulis is also facing drink-driving charges .\nSeconds of causing harm to person, dangerous assault are also drink-related .\nParnell did originally live in a 'restaurant' in . ScotlandPolice were first called to Parnell’s home on the central east coast in the morning of April 5 .\n'Magistrate told him Parnell can not enter any establishments that serve alcohol .\nbecause of his serious assault charge'\nParnell is facing five charges and faces bail .\nThe Crown will place the ban as part of his bail bail conditions .\nMagistrate Mark Morrow says he believes he drink of so many people and I believe Macdonald Parnell’s behaviour makes the court for a purpose. I can’t even give him a cent, do I? Twenty per cent, I know. I’m not even here to ask if that’s what he is doing is about to harm my career?’\nUPDATE: Mail transcript of the original version of this article with a link .\nSteve Parnell was released on bail on Friday, April 7 when he\xa0enrested\xa0on bail\xa0at\xa0Gladstone Magistrates Court .\nThe ban was handed down at his court and the Crown will place it as part of his bail bail conditions .\nClick here for more news in crime .\nPOO ON an e-drunk: 'It's another insult to lack of a punter, who must be beaten out of laughter by a bang out'\nONUS: 'My nose splashed, it's like minute to minute tree branches high over the horizon,' she says, vomiting .\nCustomer says he was serving at the establishment that served him beers by a bearded man .\nParnell, just sitting at the side of the road, entered his address and will face charges .\nAn order can be used to prevent deportation without the need for a post—you could ask a friend who accepts an invitation not to deport them ; or to have to make living in a country under immigration law; to ask over time necessary to obtain a citizen visa .\nYou could make a ‘guest, register’ order to travel from the country that requires .\na student over burden has the correct right for claiming ownership of someone .\na .\nduelling order but the student cannot make the man stay in the area by fraudulent means .\nThe landlord must prove four ($50* consents to provide a rent—in order to guarantee their\xa0crestants and to protect""]",1,0.1314387211367673,0.0641711229946524,0.0852575488454707
"[""A woman has told how she fulfilled a promise to her twin when she successfully fought to get her sex attacker jailed after she committed suicide. In a landmark legal case, Sharon Hennessy, 30, won justice for her sister Michelle who killed herself aged 27 in October 2012, a year after she was punched, kicked and sexually abused as she walked home from a night out. At the time of Michelle's death, police were pursuing a rape case against her attacker Sean Thackaberry, but they said they would close it because there was no chance of a conviction without her evidence. Michelle (left) and her twin Sharon, pictured together on their 21st birthday. Michelle committed suicide a year about being attacked after a night out. Sharon reveals how she fought to bring her sister's attacker to justice . Sean Thackaberry was jailed for five years in a landmark case over attacking Michelle Hennessy . But Sharon, of Kildare Town, Ireland, had promised her beloved twin she would not let her attacker walk free. The pledge was important to Sharon because after initially being charged with rape, Thackaberry was released on bail – and Michelle said she did not feel safe while he was on the streets. The family believe this was one of the reasons Michelle took her own life. Sharon reveals how Michelle - who was a fan of skydiving and nights out - changed after the attack. She said: ‘She was afraid and vulnerable and instead of travelling to far-flung corners like she had done, she spent her time sat by the fire, knitting. ‘I hardly ever saw her put on make-up and she never went out with friends, like she used to. ‘She’d been so proud of her girly locks and her sense of fashion, but afterwards she didn’t care. ‘We were furious that Thackaberry hadn’t been locked up and whenever Michelle left the house, his supporters would harass her. They sent her abusive messages online too, calling her a liar. ‘The taunts and threats ground her down until she didn’t feel human anymore.’ In October 2012 Michelle committed suicide at home. Her sister recalled finding out – and desperately trying to reach her twin’s body. She said: ‘I remember collapsing onto the stairs and screaming from the bottom of my belly. ‘I screamed for all the pain and emotion that my twin sister was never able to scream. I screamed for the devastation she buried inside her, until it slowly destroyed every inch of her being. ‘I screamed for the anger she felt at not being protected from the monster who stole her life. It was devastating.’ Michelle (left) and Sharon, pictured at three years old, had always been close and Sharon vowed to see her sister's attacker jailed, hiring a top lawyer and pestering police to keep the case open . Sharon, pictured at her 30th birthday (left) along with a tribute to her sister at the event (right) Michelle (right) and Sharon pictured together on their 27th birthday . Sharon was heartbroken when a lawyer told her family the ongoing case against Thackaberry would ‘never see the light of day’ because of her sister’s death. ‘It felt like the final nail in Michelle’s coffin,’ she said. ‘I felt like that monster was going to win – again.’ So she hired a top lawyer and repeatedly pestered the police for the case to be pursued – and the trial went ahead. In November 2013 Thackaberry, then 20, of Kildare Town, Ireland, appeared at Dublin’s Central Criminal Court where he admitted aggravated sexual assault. The court""]","['Michelle Hennessy killed herself year after attack by Sean Thackaberry .\nSharon won legal landmark case of conviction without evidence from twin .\nHired lawyer, pestered police for case to be pursued and trial went ahead .\nThackaberry was jailed for five years at Dublin Crown Court .']","[""Sharon Hennessy wins justice for her sister's sister in landmark case .\nHer sister hick vows to jail Sean Thackaberry 'for being scared'\nAfter attack on Michelle Michelle, 30, died a year after night out .\nHe was jailed in 2009 in Ireland - but was released without bail .\nDefendant Sharon and her sister Sharon fighting to get her back .\nThackaberry admitted to lesser charges of raping her in 2008 .\nWarrant of 3 counts of rape; seven counts of attempted rape and one count of kidnap; 5n expected .\nShe vowed justice the court has brought into his case .\nMichelle's family tell MailOnline they broke her will and her sister will never go free .\nSiblings include Lister Lister and Michele 'Flehore' Ote .""]",1,0.2727272727272727,0.06896551724137931,0.125
"[""An American health care worker who contracted Ebola while volunteering in a Sierra Leone treatment unit has been downgraded to critical condition at the National Institutes of Health, doctors said on Monday. The patient's status was changed from serious to critical condition, meaning the person's condition has apparently worsened. The patient is being treated at the National Institutes of Health's hospital near Washington, D.C. The patient was flown in isolation from Sierra Leone on a chartered plane last week and arrived early on Friday morning. The patient's name, age and gender have not been released. Scroll down for video . A health care worker prepares a colleague's Ebola virus protective gear at a clinic operated by the International Medical Corps in Makeni, Sierra Leone. \xa0Five people in the U.S. are now being monitored after being exposed to Ebola . The person is a clinician working with Partners in Health, a Boston-based nonprofit organization. The group has been treating patients in Liberia and Sierra Leone since November. This came as a second American health care worker who was possibly exposed to Ebola has been moved to Nebraska Medicine's biocontainment unit after a change in symptoms, the hospital said on Monday. The worker was one of four monitored in Nebraska after exposure to another American who tested positive for Ebola.\xa0The person who was moved has not tested positive for the virus, the hospital said. None of the patients has been identified. The hospital said it would receive a fifth person who was part of the initial exposure in Sierra Leone later on Monday. The latest NIH patient is the 11th person with Ebola to be treated in the U.S. Two patients in the U.S. have died: a man treated in Dallas after contracting the virus in Africa and a doctor evacuated from Africa to Nebraska when he was already critically ill. The man in Dallas had contracted the virus in his native Liberia. He transmitted the disease to two nurses, resulting in widespread concern in the U.S., with questions raised about emergency department screening of patients, monitoring of ill travelers from Africa and even disputes over the disposal of potentially infectious waste from hospitals. The World Health Organization has estimated the virus has killed more than 10,000 people, mostly in the West African nations of Guinea, Liberia and Sierra Leone. The current outbreak is the largest ever for the disease. While deaths have slowed dramatically in recent months, the virus appears stubbornly entrenched in parts of Guinea and Sierra Leone. A Centers for Disease Control and Prevention spokesman said that besides the patient at NIH, there are 11 other Partners in Health workers being brought to the United States for monitoring. That includes four going to Atlanta to be near Emory University Hospital; one arrived Friday. On Saturday, four health care workers arrived at the Nebraska Medical Center in Omaha, and three arrived in the Washington area on Sunday to be near the NIH campus in Bethesda. One of those being monitored in Nebraska has developed symptoms of Ebola and was being moved to a biocontainment unit, hospital officials said in a news release on Monday. However, none of those being monitored has tested positive for Ebola. The National Institutes of Health said it has no other pending admissions of additional patients with the Ebola virus or who have been exposed to Ebola. CDC workers in Sierra Leone are involved in investigating the illness of the first patient, including looking for other people the person was in contact with. It's possible other people will be transported to the United States for monitoring, said the spokesman, Tom Skinner.= . A U.S. healthcare worker, who had been caring for Ebola patients in Sierra Leone, has been downgraded to critical condition at the National Institutes of Health in DC (pictured)""]","[""Ebola patient has been downgraded from serious to critical at the\xa0National Institutes of Health in DC .\nSecond American who was possibly exposed to Ebola moved to Nebraska Medicine's biocontainment unit after change in symptoms .""]","[""The U.S. worker contracted while volunteering in Sierra Leone treatment unit was flown in isolation from Sierra Leone last week .\nMove was made as the clinician worked with a Boston-based organization .\nHe is the fourth flier worker who has been Ebola tested .\nHas been downgraded to critical condition at the National Institutes of Health's hospital near Washington .\nU.S. is now no worse than the other condition with Ebola it saw in Africa, the hospital said Monday .\nAt least one person dies in U.S. who has been recently exposed to Ebola .\n61-year-old woman treated in Dallas is recovering in hospital in Texas and was tested for Ebola after being flown to local hospital while a nurse was in Liberia .\nThere are 11 other workers who have not tested positive being brought to the United States for monitoring .\nThe latest NIH patient is the sixth person with Ebola to be treated in the U.S. after being in Africa, and a man who contracted the virus in Sierra Leone .\nThe U.S. healthcare worker has the fifth person in America to be infected with Ebola .\nFour died and two, in two patients, were both in Texas and Dallas .\nWHO has estimated Ebola has killed more than 10,000 people, mostly in the West African nations of Guinea, Liberia and Sierra Leone in November .\nThe patient being contracted who had been treated at Nebraska""]",1,0.1877256317689531,0.06545454545454546,0.15162454873646208
"['A father-of-three was left with horrific injuries after being savaged by two Staffordshire bull terrier dogs when he went to complain about a neighbour\'s loud music. Postman Keith Chadwick, 36, nearly lost an eye and will require plastic surgery after being bitten in the face, body and legs by the ferocious animals. Mr Chadwick, who underwent four hours of surgery on Wednesday, is understood to have repeatedly raised concerns about the dogs to both the police and the RSPCA. WARNING: GRAPHIC CONTENT . Injuries: Postman Keith Chadwick, 36, from Accrington, was attacked by two Staffordshire bull terriersafter he went to complain about a neighbour\'s loud music . Aftermath: The postman is said to have nearly lost an eye and will require plastic surgery following the attack . He been facing an early start the next day when he went next door to complain. His 16-year-old son desperately tried to haul the dogs off his father. The dogs were seized and the neighbour, 21, arrested and bailed on suspicion of having dogs dangerously out of control in Accrington, Lancs. Mr Chadwick had repeatedly raised concerns about the dogs with both the police and the RSPCA, his family say. His wife Kelly Chadwick, 34, said her husband had thought he was going to die\' and said he was \'very lucky to be alive\' but will be left permanently scarred for the rest of his life. Mr Chadwick, pictured on holiday with his wife Kelly, is understood to have been facing an early start when he went round to complain to his neighbour about the music . She said the incident has been an \'absolute nightmare\' and that he will have to live with the injuries \'for the rest of his life\'. The mother-of-three said: \'He said to me ""I thought I was going to die, I thought I was gone"". \'He will have a permanent scar from his eyebrow to his nose and we don\'t know about skin grafts yet. \'He\'s going to have to live with this for the rest of his life and the children will have to see it too. \'He was an absolute mess. I have never seen anything like it in my entire life. It proper shocked me. \'I could hear him shouting ""get the dogs off my face"". The dogs had got hold of his knee in a locked jaw. \'That\'s when my girls came out and I quickly got them inside. I was very concerned the dogs would go for them. I was quite hysterical at this point. \'I phoned my mum straight away screaming for them to help me and the kids. We just can\'t comprehend everything that\'s happened.\' Wounds: The postman\xa0had repeated raised concerns about the dogs with both the police and the RSPCA, his family say . Extensive: The postman was bitten\xa0was bitten on the face, leg and side of the body during the attack . Mrs Chawick, who has been together with her husband for 18 years and married for eight years, said he will remain in hospital for the next 48 hours to check and prevent infection and could need future cosmetic surgery. She said: \'He\'s out of surgery and was in there for about four hours last night with the face and orthopedic surgeons. The facial injury goes from the top of his eyebrow down to his nose. \'Because it is so close to his eyelid they can\'t do much more. He will probably have a droopy eye. \'He has not been able to walk since this happened as he\'s had physiotherapy today to help him to walk on crutches. His knee is really swollen and he can\'t put any weight on it at all. \'There is no actual']","[""Postman 'nearly lost an eye' after being savaged by two dogs .\nHis wife said he thought he was going to die and will be scarred for life .\nHe was in surgery for four hours and will require further plastic surgery .\nHe had 'repeatedly raised concerns about the dogs to police and RSPCA'\nDogs' owner arrested and the animals have been seized by police .""]","[""Keith Chadwick, 36, was bitten in head and body after complaining of neighbour's music .\nDarren had severe head injuries and the threatening injuries raise concerns .\nHe was taken for four hours before walking to safety unscathed .\nNeighbour was arrested and 22 men on bail led to the arrest .""]",1,0.36974789915966383,0.10256410256410256,0.23529411764705882
"[""Lara Fernandes-Pontes was knocked down by a Land Rover after she dashed out into the road to get a paddling pool for a friend's party . A six-year-old girl was knocked down and killed after she ran across the street to retrieve a paddling pool for a friend's birthday party, a coroner heard today. 'Happy' schoolgirl Lara Fernandes-Pontes was being dropped off at a classmate's party by her parents when the tragic accident occurred. The excited youngster had just arrived at her friend's house when she remembered she had left a small paddling pool in the boot of her father's car parked across the road. She dashed out between two parked cars to get it and was struck by a Land Rover Discovery in South Oxhey last July, Hertfordshire Coroners' Court heard today. The driver, who had been making his way down the narrow street at a slow speed, would have had 'no chance' of stopping before he hit Lara, the hearing was told. She was airlifted to nearby Watford General Hospital but doctors could find no signs of life and she was pronounced dead. Her parents were visibly shaken as the inquest was told forensic police investigators found scuff marks on the bumper of the Land Rover where it had struck Lara's head. Coroner for Hertfordshire, Edward Thomas, said: 'Mum said they had been at Hayling Road dropping Lara off at a party and dad had parked opposite the address. 'Lara and mum had alighted and crossed the road. As they approached the door Lara remembered she had forgotten a small paddling pool in the boot of the car - it was obviously a swimming party and she turned and ran back across to get it. That's when she was struck by the car. 'Obviously she was so looking forward to the party, she was so excited and she wasn't concentrating properly when this tragedy occurred. 'I'm sure that Lara died instantly. I have received various reports about Lara including her medical records. She seems to have been really healthy and well cared for. She was a very happy girl and you can tell that she was a very happy, very well looked after, very well cared for girl. 'She was going to a birthday party, the excitement children have going to birthday parties. She must have really been looking forward to that birthday party. Here we have a really healthy, young girl who was going to a birthday party. 'She died of a traumatic head injury and that's why she would have felt nothing whatsoever. She would have died at that moment, the instant it happened and there's nothing anybody could have done to save her. 'A lot of people tried their very, very best but the injuries she suffered were too severe.' Police constable Anthony Winter told the hearing in Hatfield, Hertfordshire, that the driver would have had around one second between seeing Lara and hitting her. He said that the Land Rover Discovery IV had been driving at between 14mph and 16mph at the time of the accident, and that Lara was so short the male driver would not have seen her above his bonnet at the point of impact. The six-year old ran out between two parked cars to get the paddling pool and was struck by a Land Rover Discovery in South Oxhey (pictured) last July . 'The driver had about one second to react by the time he saw Lara. You've got to see what's happening, think what you're going to do and then do it. With such a low distance and such a short time there's nothing he could have done about it.' The tragedy unfolded in South Oxhey, Hertfordshire, on July 13 last year. Coroner Mr Thomas said: 'This was an area of parked cars. The driver""]","[""Lara\xa0Fernandes-Ponteswas on the way to a party when  hit by Land Rover .\nShe was being dropped off by her parents when\xa0remembered\xa0the pool .\nThe six-year-old had dashed across the road to get it for the birthday party .\nCoroner said driver of car had 'no chance' of stopping before he hit her .""]","['Lara Fernandes-Pontes, six, dropped off at party .\nLocked up from her car to get a paddling pool .\nLand Rover Discovery IV hit Lara by car in South Oxhey last July .\nAirlifted to nearby Watford General Hospital but she could not walk by incident .\nShe died instantly after being struck but she had suffered head injuries .']",1,0.39316239316239315,0.10434782608695653,0.18803418803418803
"[""An Air Canada plane made an abrupt landing and left the runway at the Halifax airport in bad weather, but there were no immediate reports of injuries, authorities said early Sunday. The airline said all passengers with Flight AC624 from Toronto left the plane and went to the terminal. Halifax Airport said there were no injuries reported. An Air Canada plane went off the runway at the Halifax airport early Sunday (file photo above) The airline said a preliminary count indicated 132 passengers and five crew members. Flight tracking service FlightAware showed that the plane is an AirbusA320, which has typical seating for 150. Power at the airport was briefly knocked out, but Nova Scotia Power said they had since restored it. The cause of the outage was not yet clear. The Halifax region is currently under a snowfall warning, with an Environment Canada alert saying, 'Visibility may be suddenly reduced at times in heavy snow.' Another flight tracking site, Flightradar24, listed several cancelled flights at the airport Sunday morning.""]","['An Air Canada plane went off the runway at the Halifax airport early Sunday .\nIn the process all the power was knocked out at the airport .\nPower has since been restored, and there were no reported injuries .']","['The Airbus A320 was travelling at 132 passengers and five crew .\nThey heard shortly from the runway that the plane landed safely .\nThe plane landed overnight at the major airport in Halifax, Nova Canada .\nThe flight over the Atlantic hit the flyover in East Sussex .']",1,0.38202247191011235,0.045977011494252866,0.2247191011235955
"['(CNN)All you need is luck, to misquote one of Liverpool\'s most famous exports, The Beatles. But Liverpool\'s footballers won\'t mind one bit that a fortunate goal sealed a vital win at Swansea to set up a pivotal clash with Manchester United at the weekend. One of English soccer\'s biggest rivalries is renewed on Sunday with vital points at stake in the race for a place in next season\'s European Champions League. Jordan Henderson knew little about his winner in Wales, the ball flying in after Jordi Amat\'s clearance struck him, but it helped make it seven wins out of eight for the Reds. A sixth consecutive clean sheet away from home pulled it within two points of Manchester United in fourth, with just four points separating Liverpool from Manchester City in second. ""It\'s a great result,"" Henderson told Sky Sports. ""The first half was disappointing but I felt as though we did better in second half, passed the ball and created a few chances. ""It was a great pass by Daniel, I got a little fortunate with the finish but you\'ve got to be in the right position to score. ""Overall we\'re delighted with three points and we now look forward to Sunday. We can\'t wait for it, we are high on confidence and have great momentum but United played well the other day. ""It\'ll be a tough one but at Anfield we go in confident and hopefully we\'ll get the result we need."" In a lackluster start, Daniel Sturridge dragged a shot wide of post for Liverpool before England international Adam Lallana fired a fierce half-volley right at Swansea goalkeeper Lukasz Fabianski. From then on Swansea asserted control. Martin Skrtel had to be alert to clear as Swansea\'s French striker Bafetimbi Gomis -- starting for the first time since collapsing on the pitch at Tottenham earlier this month -- headed at goal. Gomis then played a neat one-two with Wayne Routledge before forcing Liverpool goalkeeper Simon Mignolet into a fine low save. Next to threaten Liverpool\'s net was Iceland international Gylfi Sigurdsson, whose effort was arrowing for the top corner before Mignolet intervened. Just before halftime Jonjo Shelvey, a former Liverpool player, went close with a shot from a right wing corner that was deflected wide by Alberto Moreno. But having had a chance to regroup, Liverpool came out galvanized after the break and were soon on the front foot. First Fabianski made a brilliant save to keep out Philippe Coutinho\'s near post effort before the Pole was then in action again to deny Joe Allen. Though Liverpool were in the ascendency, its opening goal was down to a stroke of luck. As Henderson galloped onto a through ball Swansea\'s Spanish defender Amat got there first, but his clearance ricocheted off the Liverpool player and into the net past Fabianski. From then on Liverpool did a fine job of squeezing the life out of the game and playing on the counter, striker Daniel Sturridge hitting the post late on as Swansea left gaps at the back. Reading seal Wembley berth . In the FA Cup -- England\'s premier cup competition -- second tier Reading sealed a trip to Wembley to face Arsenal in the final four after beating Bradford 3-0. Goals from Hal Robson-Kanu and Garath McCleary inside nine minutes punished third tier Bradford, before Jamie Mackie added a third in the closing stages. Reading will face Arsenal in April while the other semifinal sees Aston Villa play either Liverpool or Blackburn, who meet in a replay.']","[""Liverpool beats Swansea 1-0 in the English Premier League on Monday night .\nA fortunate goal from Liverpool's Jordan Henderson settles matters in Wales .\nBrendan Rogers' side moves within two points of Manchester United in fourth spot .\nLiverpool extend good run to seven wins from its last eight EPL matches .""]","[""Seven wins out of eight in a crucial clash at the weekend .\nA win sets up a clash with United to secure place in English Champions League .\nLeicester City seal trip to Wembley to face Arsenal in the league semi-finals .\nBlackburn will play Arsenal in April's FA Cup semifinal .\nLiverpool and Manchester City draw in the semi-finals against Blackburn .\nSecond tier Reading beat Bradford 3-0 in England's premier cup .""]",1,0.3125,0.06349206349206349,0.171875
"['Nick Clegg will pledge that his party will bring forward plans to decriminalise possession of drugs . Nick Clegg will today press ahead with plans to decriminalise possession of all drugs – despite charities warning the move will wreck thousands of lives. The Lib Dem leader is to pledge that his party will bring forward plans to ensure those caught with drugs for ‘personal use’ will no longer face criminal prosecution. Instead, the maximum penalty would be a fine. The move covers the powerful ‘skunk’ strain of cannabis and hard drugs such as crack cocaine and heroin, as well as ‘soft’ drugs including marijuana and amphetamines. Mr Clegg will use a joint event with Virgin boss and long-time pro-drugs campaigner Sir Richard Branson today to claim that the move will spare thousands of young people a criminal record. But experts last night condemned the move, saying it will push thousands of youngsters into addiction and mental health problems. A poll of 100 charities by the Centre for Social Justice found that 69 per cent of charities in the field would be concerned if the Government decriminalised cannabis. More than half – 56 per cent – said cannabis use would increase if its use was decriminalised. Christian Guy, the think tank’s director, said: ‘Drug addiction is ripping Britain’s poorest communities apart. Our network of 300 front-line charities sees this on a daily basis. Many are right to be worried that liberalising cannabis laws will lead to more people taking drugs and developing harder use. ‘Politicians need to listen to these experts. They are the people who witness the devastating impact of drugs in our poorest neighbourhoods day in, day out.’ Mary Brett, a trustee of the charity Cannabis Skunk Sense, said there was a ‘severe contradiction’ between the policy and Mr Clegg’s concern for mental health. She said: ‘Nick Clegg demonstrates complete ignorance of the facts on drugs like cannabis and skunk. There is overwhelming evidence of a link between skunk and mental health problems like psychosis and schizophrenia. ‘If you decriminalise or legalise drugs then children will think it is okay to do, that it is safe. It is deeply irresponsible.’ Mr Clegg will use a joint event with Virgin boss and long-time pro-drugs campaigner Sir Richard Branson to claim that the move will spare thousands of young people a criminal record . Mr Clegg’s intervention comes weeks after a major academic study found that use of powerful skunk cannabis trebled the risk of having a psychotic episode. Under the Lib Dem proposals – which have been vetoed by David Cameron in government – drug users would no longer face prosecution if caught carrying drugs deemed to be for personal use. The maximum penalty would be a fine, with no criminal record. Persistent drug users would be referred for treatment or put on education programmes. A spokesman for Mr Clegg said the Deputy Prime Minister believed drugs should be treated as a ‘health issue, rather than a criminal justice issue’. ‘Nick is anti-drugs,’ he said. ‘But just throwing people into the criminal justice system isn’t working – skunk use is going up.’ Mr Clegg speaks during a visit to church in 2010 after revealing he is no longer an atheist . He had seemed happy to be considered an atheist. But it appears Nick Clegg has had a change of heart – and admitted he is warming to God. The Liberal Democrat leader yesterday spoke of the ‘great joy’ he experiences when attending Mass with his Catholic wife Miriam. He told Premier Christian Radio he was now uncomfortable being labelled as an atheist. ‘I now accompany Miriam and the children, and do so with great joy']","[""Nick Clegg will  bring forward plans at event with Richard Branson today .\nHe'll say those caught with drugs will not be prosecuted but face a fine .\nMove covers powerful 'skunk' strain of cannabis, crack cocaine and heroin .\nExperts condemned move, saying it will push thousands into addiction .""]","[""Party will press ahead with plans for possession of drugs and cannabis .\n‘Unpredict' policy will damage thousands of lives for lack of current laws, says Mr Clegg .\nCharities condemns ‘alvarication of health issues’\nMr Clegg will unveil new drug laws to crackdown on drunken driving and street corners .\nOfficials in the public sector must now hold ‘remendice of’ MPs to decide whether a repeat of the offence can be made by peers .\nA Nick Clegg spokesman says it would be significant .\nA National Theological Society spokesman and Michael Gove science board ‘discrimination’ panel have said anyone who has got the idea of homophobia should no longer have to play trial psychologist about it. Just that the public should 'consultants beware'\nA woman has appealed for ‘advice’ for a bottle of champagne on Christmas Day ‘and I took four out of it’\nThe £430,000 home mortgage ‘for a generation isunsustainable’ .\nAlmost all patients will now be 'registered drug dealers' to no longer go to because they now get powers to run pharmaceutical firms .\nA communications manager with the British Government said there was no extra""]",1,0.15702479338842976,0.016666666666666666,0.09090909090909091
"['(CNN)Tampa police have arrested a pair of teenagers in last week\'s shooting of a young pit bull mix that was left for dead. The 17-year-olds face aggravated animal cruelty and armed trespassing charges after tying the hound, now named Cabela, to railroad tracks and shooting her multiple times. Surveillance video from the area showed a group of individuals walking the dog along the tracks in the city\'s Sulphur Springs neighborhood before later running away, said Detective Patrick Messmer. Neighbors heard gunshots and police were called. Cabela was purchased to be used in dog fighting, but she wasn\'t any good at it so they wanted to get rid of her, according to Messmer. ""This appears to be an isolated incident,"" he said.  ""It doesn\'t appear that there was a large amount of dog fighting that goes on in the neighborhood."" On March 5, police found Cabela tightly tied to the tracks and shot three times -- twice in the neck and once in the shoulder. ""Nothing gets you ready ... to see a dog -- a helpless animal -- tied so tight to a railroad track around the neck that it\'s literally pinned down,"" said Sgt. Rich Mills, who freed her. ""She was literally pinned down. She could not get away even if she tried."" Once freed, Mills rushed Cabela to Tampa Bay Veterinary Emergency Center. Initially, it was thought the young dog would have to her right front leg amputated because the damage was so severe, but a metal rod was inserted and she\'s recovering. In fact, Cabela\'s already walking on her repaired leg. Rehabilitation will take four to six weeks, according to Dr. Jamie Davidson. Breaking: an arrest made in case of Cabela-dog shot and tied to tracks-more info at 9:30 p.m- @TBVES @TampaPD pic.twitter.com/FDWN0uvSE9 . Donations started pouring in once word of the injured pup got out. ""A little overwhelming, but really touching that so many strangers were willing to help Cabela, from all around the world,"" said Davidson.  Donations have ranged from $20 to several hundred dollars and came from as far away as Germany and England. The teens in the case were identified by police from the surveillance video. One of them has a lengthy record and was already known to authorities. Messmer says other arrests are possible.']",['Police found the pup after neighbors heard gunshots .\nCabela is expected to be rehabilitated within 4 to 6 weeks .\nHer treatment cost thousands of dollars .'],"['Teens came to the rescue of dog Cabela shot in the neck and shoulder, shooting her multiple times .\nThe 17-year-old used the dog in dog fight in the past, but was too scared it got fired .\nCabela, now free, is recovering on her paws .']",1,0.24,0.0,0.13333333333333333
"[""British Army tanks could soon be allowed to drive at 40mph again on public roads in England and Wales, it has been revealed. They had been driving at this speed since 1977, until it was realised 18 months ago that defence chiefs had wrongly assumed they were exempt from laws restricting tracked vehicles to 20mph. The top speed was therefore halved to 20mph in October 2013 to comply with the 1984 Road Traffic Regulation Act, but the Department for Transport is now proposing to put it back to 40mph. New limit?\xa0Armoured tracked vehicles had been driving at 40mph since 1977, until it was realised 18 months ago that defence chiefs had wrongly assumed they were exempt from road traffic laws (file picture) Ministers are worried that the 20mph limit is causing more congestion and raising possible safety concerns, as well as preventing proper training of tank crews to operate safely on public roads. They also believe travelling at slow speeds increases the vibrations of some tanks which can harm the health of crews over long periods, as well as causing wear and tear on roads and the vehicles. The DfT, which is now consulting on plans to raise the limit, added that actual operating speeds would still depend on careful risk assessments by the military and specific vehicle capabilities. Tracked vehicles such as the AS90 self-propelled gun and Stormer missile carrier can often be seen on rural roads close to army firing ranges in Wiltshire, Dorset and Pembrokeshire. A DfT spokesman said: ‘The plans under consultation will help address congestion that can be created by slow-moving vehicles on faster roads. ‘Increasing the maximum speed limit to 40mph will also reduce costs of higher fuel consumption and the time taken for training and testing when vehicles are limited to 20mph.’ Frequent sight: Tracked vehicles can often be seen on rural roads close to army firing ranges in Dorset, Pembrokeshire and Wiltshire - where a Challenger tank at Salisbury Plain is pictured in this file image . The consultation runs until April 24. RAC Foundation director Professor Stephen Glaister said: ‘It seems our armed forces need more practice at, literally, rapid deployment. ‘With troops now out of Afghanistan it makes you wonder what target military chiefs are eyeing up next?’ He added: ‘But tank commanders should beware. While they will theoretically be allowed to go faster, congestion might mean they never get near the limit as they are stuck in the same jams as the rest of Britain's 38 million drivers. ‘But at least they'll be in the right vehicles to tackle the potholes that blight the road network.’ The consultation was published last Friday by transport minister Robert Goodwill and Philip Dunne, the defence equipment minister. Last week London Mayor Boris Johnson outlined eight locations in the capital where 20mph speed limits could be introduced, with more possibly following.""]","['Armoured tracked vehicles had been driving at up to 40mph since 1977 .\nBut it emerged in 2013 they were not exempt from tracked vehicle laws .\nLimit was then halved to 20mph, but DfT now wants to raise it to 40mph .\nMinisters believe 20mph limit is causing congestion and health concerns .']","[""British Army tankers went between 1977 and 1997 doing 40mph in the 21st century alone .\nThey were dropped because they were wrongly exempt from road traffic laws .\nBut Transport now wants to rein in 20mph limit to 40mph .\nMinisters fear the limits are causing congestion, stress and more traffic .\nTracked trucks far beyond military speed limits are seen at a town centre and range range in Cheshire and Hampshire .\nPersonnel firearm tanks also keep clogging highways and roads .\nMinisters are concerned they could get stuck in traffic jams .\nHowever, a report by a senior defence set-up tank chiefs said they will be willing to operate at\xa020mph again .\nDepartment of transport blames delays for the slowing of fire tankings from 2009 onwards .\nThe Foreign Ministry tank commissioned to show the tanks - commissioned prior to the 20mph cut - had already told Defence that the tanks would not raise enough time for troops to get the ones as roads slow.\n\nThey backed armoured vehicles and said that they would be looking to local authority to provide green light that back up energy into drivers – if armoured vehicles could operate in these conditions. But road engineer Peter Lomersh said this meant that the Army tanks are over-fed and are using them to cause congestion and threaten safety.\nMr Lomersh, who said that tanks are well behaved, said public roads shouldn't come at a cost of £69 in order for training - the road capacity of our roads is met by petrol costs, so the large firms can't afford to make the difference.\nThe tank tankers are not even feeling the strain of congestion. This is despite risks known to drivers.\nDepartment of Transport traffic experts say 30s to 20 halved far more likely than double the speed limit - a review last year also revealed the speed and additional cost.\nDefence officials also revealed they are prepared to provide a four-elez-and-a-half £5 million to train tankers.\n‘The Government did not buy the contract for the tankers without sending an expert set-up instead.’""]",1,0.18765432098765433,0.054590570719602986,0.09382716049382717
"[""Angry parents alerted police after spotting a small drone hovering over homes and following their children home from school. Grandmother Patricia Bailey-Ruiz, of Alaska, said she spotted the drone flying above her while she was standing in the driveway with her granddaughter, two, on Tuesday. After other parents and school children also mentioned seeing the drone, Bailey alerted police, who told the parents the man operating the drone is not breaking any laws. Parents were angry after a drone was seen hovering near their homes and following complaints from their children that it followed them home from school (above file photo of the DJI Inspire Quadcopter drone) Anchorage police said the man told them he was flying his $3,400 DJI Inspire Quadcopter drone as practice for an impending business venture, according to\xa0Alaska Dispatch News. The man, who has not been identified, denied claims that he followed children or flew low enough to peer into people's homes with the drone's camera. He also said other drones operate in the area. When they responded to complaints, police told the man to respect other people's privacy and to stop flying the drone near the school, Eagle River Elementary, and also near the children. As he formerly flew drones for the military and was curious about the capabilities of civilian models, the drone operator said he would not fly the drone when children were returning home from school. 'There is no state or local law for the misuse of drones,' said Anchorage Police Department spokeswoman Anita Shell. 'Can we prove anything illegal has been done? No.' Bailey-Ruiz, who lives close the school, said she was outside with her grandchildren earlier this week around 3.30pm when the drone flew down in close proximity. She said: 'It came right down to us at the height of the light poles and just hovered there. And it was making a clicking noise and it was shifting around in the sky.' The grandmother said she decided to take action after speaking to a child headed home from school who said the drone followed kids, and had been out for a few days. Authorities told the parents that the law prohibits them from shooting at the drones but that throwing rocks and firing slingshots were within their rights, according to\xa0KTUU. The man, who was concerned about residents damaging his drone, was advised to avoid flying it over people's property to protect it from potential risks of damage. The man, who has not been identified, denied claims that he followed children with his drone and said he used to fly the device for the military (above Eagle River Elementary School) He was not charged or arrested following the incident. 'He wasn't committing a crime,' said Shell. 'There wasn't anything we could do but advise him of the neighbors' concerns about following children home or flying near windows.' Since the operator was warned, parents said when they saw the drone on Wednesday, it was not following students and was high up above the school. Shell said there has not been any complaints regarding him and his drone. The Federal Aviation Administration has estimated that there could be at least 7,500 civilian drone users in the next four years. While drone operation is banned for commercial purposes, there are few regulations for private drone use. However, current guidelines advise operators to fly the devices at a safe height away from crowds and airports. As for state regulations, operators are only banned from using drones for hunting or to locate animals while preparing for a hunt. The FAA is conducting an investigation into the incident in Eagle River, and are also working on rules for civilian drone use.""]","['Grandmother Patricia Bailey-Ruiz, of Alaska, first spotted the drone flying above her home while standing in the driveway on Tuesday .\nStudents from Eagle River Elementary School said drone was following them and had been out for a few days .\nDrone operator, a man who has not been identified, denied following students with his $3,400 DJI Inspire Quadcopter device .']","[""Second grandmother, two, spotted contraption in backyard, prompting police to spot the complaint .\nPolice said the small UAV has no laws and cannot be used for assisting the children .\nMan, believed to be a civilian, flew nearby, triggering the complaint .\nAuthorities said it was the culmination of a three other complaints in the area .\nParents worried that their toys might be used in helicopters to set up surveillance cameras to monitor family behavior .\nThe man, who was operating the Eagle River Elementary school, said he is legal and would not even fly his drone or not to harm parents who live nearby or concerned about his safety .\nOfficials say no state law says drones can't be used to hinder their children's movements .""]",1,0.23157894736842105,0.03191489361702128,0.14736842105263157
"[""Henry Slade enjoys a challenge. The lavishly gifted Exeter threequarter has already overcome more hurdles than many encounter in a lifetime. Stand his ground with troubled foster children? Naturally. Ignore advice from coaches that he was too small for rugby as a teenager? Absolutely. Battle Type 1 diabetes to forge a burgeoning professional rugby career? No problem.Outshine Jonny Wilkinson on his first European appearance? By a distance.Be included as the wild card in Stuart Lancaster's World Cup squad? Just maybe. Exeter playmaker Henry Slade (right) is being touted as a potential wildcard for England's World Cup squad . The 22-year-old has been in superb form for Exeter this season and could slot in nicely in the England set-up . For his many talents, Slade, 22, named Aviva Premiership player of the month for March, remains humble, grounded and reluctant to talk up his World Cup prospects. But his consistently high-quality displays in the Exeter midfield are making his case hard to ignore. The only player name-checked by Lancaster as a possible World Cup bolter after impressing on attachment to the squad during the Six Nations, the lithe left-footer from Plymouth has been told he will definitely feature in England's pre-World Cup camp where he can stake a claim for inclusion. Many believe he could yet prove England's missing midfield link as a physically robust, footballing 12 of enormous potential. 'It's nice to have that knowledge that I'll be there and have a chance to stake my claim,' he said. 'Everyone likes to feel they're ready for that next step. I feel I'm capable but it's not up to me. It doesn't get any bigger than a home World Cup and of course I'd love to be involved. Who wouldn't? But I realise I'm still some way down the pecking order and have plenty to do.' Slade's humility is evident as we sit and talk in Sandy Park's main stand enjoying the milky Devonian spring sunshine. On the field, he has more of a strut; confident in his skills and sure of his intent. A first international cap is a matter of when, not if. But just like the Exeter club he joined as a teenager, Slade refuses to get carried away by success. He is wise beyond his years, having lived with diabetes since a chance diagnosis at the age of 18. Standing up for his younger brothers when his parents took on foster children also opened his eyes to a world beyond the rugby field. 'Mum used to own a hairdressing salon but sold it when she had kids and became a respite foster carer instead,' he said. 'It puts things in perspective seeing kids my age who'd had such difficult upbringings or had been taken away from their parents because they weren't fit to look after them. It's not nice. 'When they started kicking off you'd have to stop them but I'd always try to take a minute to sit back and think, 'Bloody hell, they've had it tough' and think about why they'd be reacting in that way. It was a pretty good life experience.' Slade has overcome many challenges in his career, including diagnosis with Type 1 diabetes aged 18 . A less welcome experience has been the daily injections of insulin and regular blood tests required to check his blood sugar is not at dangerous levels. Typically, Slade considers his glass half full, not half empty. 'Getting the diagnosis at 18 was pretty tough to take,' he said. 'My dad had it as well so I knew how it would affect my life and how organised I was going to have to be. Still, while the other lads get their supplements and beetroot shakes before a match I get""]","[""Exeter's Henry Slade is being touted as a potential wildcard for Stuart Lancaster's World Cup squad .\nThe 22-year-old has been in superb form for his club this season .\nSlade was named Aviva Premiership player of the month for March .\nHe has overcome a number of hurdles in his career, including Type 1 diabetes .""]","['Exeter centre star Slade being touted as a potential World Cup bolter .\nSlade is said to be included as a\xa0wildcard in the England squad in the build-up .\nThe only player name-checked Slade in Twicken was 22-year-oldThe 21-year-old wants to quit the union and the league this summer due to illness .\nSolo-spaw wants to be able play for Bath, Tostock, Brookes, Severness and Ipswich in the future .\nHe knows his World Cup opportunity is his World Cup opportunity .']",1,0.39999999999999997,0.13043478260869565,0.28571428571428575
"[""Photographer Reuben Krabbe had been dreaming of capturing the Northern Lights for four years. He finally persuaded a group of skier friends to join him on a risky mission to ski down the snow-capped Tombstone Mountains, in Canada, as the spectacular show glimmered above them. Krabbe and friends, Tobin Seagel, Dave Gheriani, and Joel Jacques, travelled for six days to reach Tombstone Territorial Park in Yukon, braving avalanches and sub zero temperatures. The off-piste skiing location boasts some of the best views of the Northern Lights in Canada. Scroll down for video . Spectacular slalom:\xa0Professional ski and mountain bike photographer Reuben Krabbe, 24, travelled with three friends to take pictures of the mystical display . Temperatures at night reached -33 degrees Celsius, but that did not discourage the adventurous group from carrying on with their six day mission . The off-piste skiing location boasts some of the best views of the Northern Lights in Canada, which Krabbe described as 'mesmerising' When the group started the journey to the 1,500ft mountains, they encountered temperatures dropping to a freezing -33 degrees Celsius. They were unperturbed, and remained dedicated to their mission to slalom under the natural light show. Professional ski and mountain bike photogragher Reuben Krabbe, 24, said: 'We all wanted to make the trip happen, and Tobin and I had talked about trying to capture the single photograph of the Northern Lights and a skier. 'We spent a total of six days on the slopes, from leaving our truck to arriving back at it. 'The moment was very unusual and mesmerising. 'It was difficult to concentrate on a specific task when such a beautiful thing is happening above you.' The photographer has been skiing since his parents taught him at the age of four, and it has since become a massive part of his life. All the skiing conditions on the mission were off-piste, and in avalanche conditions, up the high mountains. The team braved avalanche and harsh weather conditions but Krabbe fulfilled his four-year wish to capture the Northern Lights in Canada . Friends Tobin Seagel, Dave Gheriani, and Joel Jacques spent six days with Krabbe traversing the Tombstone Territorial Park in Yukon, Canada . To witness the natural disco in its magnificence, you have to head north towards the Arctic, above latitude 60 degrees . The cause of the stunning Northern Lights is solar wind interacting with the Earth's magnetic field, creating the  beautiful, natural light show. The electrically charged particles are drawn to the Earth's poles and their colours are a result of the different gases in the atmosphere. In the northern hemisphere they are known as the aurora borealis, and many tourists flock to witness the ethereal display, despite the often high cost and cold temperatures. The mysterious show also occurs in the southern hemisphere, the aurora australis, its main audience being the penguins. Krabbe said: 'I love to create images that last in a person's head, and I think about it for a long time before I capture it. 'So, a single shot like the northern lights will always be special.' The Northern Lights are caused by solar wind interacting with the Earth's magnetic field, creating the  beautiful  light show . The skiers spent a total of six days on the slopes, braving sub-zero temperatures to view the Northern Lights in action . Krabbe\xa0said: 'I love to create images that last in a person's head, and I think about it for a long time before I capture it.'So, a single shot like the northern lights will always""]","['Photographer Reuben Krabbe, 25, and friends, skied off-piste under the spectacular natural lights display .\nThey slalomed down the 1,500ft\xa0Tombstone Mountains in Canada in dangerous avalanche conditions .\nThe mystical display was captured against the snow-capped mountains in a series of stunning photographs .']","[""Photographer Reuben Krabbe wanted to to capture incredible sights in Canada .\nHe was confided by a group following failed attempts to capture the magnificent lights .\nFriend, 24, was\xa0undoubtedly\xa0qualified to take  the spectacular pictures .\nThey feature undistsalled cliff-blond show and solar wind .\nSkiers had to endure sub-zero temperatures to braved extreme conditions .\n'It is the latest to go why\xa0the aurora Borealis\xa0is one of the most beautiful sights on the planet'\nIs Krabbe distraught, after being asked to enjoy the photo and skiing safety from outside to take in a person's perspective .\nHe was asked to just take 'a quick tour of each one and dip into which looks best on each camera'\nThe group called him from his room for\xa020 minutes, turned around and left them .""]",1,0.21978021978021975,0.06666666666666667,0.15384615384615383
"[""Blackburn Rovers manager Gary Bowyer has dismissed suggestions that striker Jordan Rhodes could leave. Championship promotion hopefuls Derby County and Norwich are keen to take Rhodes on loan with view to a permanent £8million transfer should they go up. Nottingham Forest and Sheffield Wednesday are interested in a similar deal. The 25-year-old Scotland international has scored 13 goals this season but has not been a regular starter and was on the bench for Sunday's 0-0 FA Cup quarter-final draw at Liverpool. Blackburn striker Jordan Rhodes will not be leaving Ewood Park to join a Championship rival . Rhodes (centre) was left on the subs' bench for the duration of Blackburn's FA Cup match against Liverpool . 'I don't understand why we'd want to even consider loaning one of our players to rivals,' said Bowyer. 'I think it's come out of possibly that he wasn't involved in the starting 11 on Sunday. 'We've had plenty of chats, of course we have,' added Bowyer. 'But he's starting on Wednesday against Bolton and we're looking forward to him scoring like he did last week at Sheffield Wednesday. 'It's simple. We've got 11 league games left and a Cup quarter-final with a potential visit to Wembley. 'Why we would want to be letting any of our players go at this stage is beyond me.' Blackburn, who are 14 points off sixth place, rejected a £12m proposal from Hull City last year but posted debts of £79.8m and are under a transfer embargo for failing to comply with FFP rules. Gary Bowyer has ruled out the possibility of Rhodes leaving the club before the end of the season .""]",['Jordan Rhodes has been linked with a loan move away from Ewood Park .\nDerby and Norwich are  keen on signing Rhodes to boost promotion hopes .\nGary Bowyer has ruled out the possibility of Rhodes leaving the club .'],"['Blackpool and Derby have ruled Jordan Rhodes could leave the Championship .\nDerby County signed the Adam Johnson loanee for £30million from Sheffield Wednesday .\nBlackburn, Norwich and Sheffield Wednesday have not asked for Rhodes on a similar contract .\nBut Scotland international has struggled to be a regular starter for Blackburn .']",1,0.3655913978494624,0.04395604395604396,0.1935483870967742
"['(CNN)I was in Florida last year when I got a call asking me to pose for a calendar. What? A calendar? As in Sports Illustrated swimsuit? Victoria\'s Secret angels? Cover girls. Pinups. Movie stars. Glam. I agreed, and now I am Ms. December. But it isn\'t quite what you think. The caller on the other end that day was Patti Tripathi. She was an anchor at CNN Headline News at a time when there were few Indian-American women in high-profile media jobs. Tripathi has her own media company now, but more recently she launched a nonprofit called Saris to Suits. She was asking me to help. She began by telling me her story. She was 12 when her family immigrated to the United States. Indian parents often have to save  a lot of money to ensure a good marriage for their daughter. Tripathi said that was a big reason why her family left. We spoke about similar experiences as Indian teenagers in America. She was not allowed to go to the prom or wear shorts, except to play tennis. She had an 8 p.m. curfew and her father expected she would be married soon after college. Tripathi felt like a burden. She did everything she could to stand on her own. And she did. My father was not as stern but he had a hard time watching his little girl become ""Americanized."" I, too, longed to be independent, far more so than was expected of a Bengali girl in the 1970s. At an all-girls convent school in Kolkata, I used to climb up three flights of stairs to reach my classroom. On every landing were oversized portraits of national leaders, most of them Indian. Hundreds of girls in white uniforms made the stampede-like dash up the stairwell. It was impossible to stop but I always looked up when I arrived at Indira Gandhi. There she was, in her trademark white sari and what I thought was a Cruella de Vil slice in her hair. In a nation that valued boys more than girls, I was in awe that we had a female prime minister. Gandhi\'s political career turned out to be less than stellar, but it was 1971 and I was not yet 9 years old. I wanted to grow up to be just like her. Regal. Smart. And most of all, in control of my destiny. I know so many other Indian girls felt the same. We had dreams. Big dreams. We wanted to be someone, do something rewarding with our lives. Yet for so many girls in India, dreams are vanquished by nightmare life scenarios. They are denied education and married off within months of their first period. I have met women who were abducted and forced into prostitution or lived with physically and mentally abusive men. Those problems are not limited to India or the rest of South Asia. They exist in the immigrant communities in the United States, in which abuse and crimes are underreported because of the stigma that still exists. Women are often ashamed to talk about these things. As an Indian-American journalist, I have told stories with hopes of casting light on the world inhabited by many South Asian women. I have mentored girls in my hometown of Kolkata. And always wondered: What else can I do? Some of that desire stems from my own circumstances in life. As a newborn, I was left on the steps of an orphanage in north Kolkata. It happened to be run by an American missionary, Helen Benedict, who happened to meet my adoptive mother at the Indo-American Society. My mother was honing her English speaking skills there. That was in 1962 and my parents were childless after 10 years of marriage. It\'s not hard to guess the rest of']","[""CNN's Moni Basu shares her story of struggle and success as a South Asian woman .\nBasu was featured as part of the Saris for Suits calendar, a tool created to empower women .\nThe Saris for Suits campaign aims to create awareness about violence against women in immigrant communities .""]","['Patti Tripathi says her American father helped her find a mission at her orphanage .\nSaabaniy moved to India to have first marriage .\nIn India, Tripathi guided her at her school .\nBut many early-childhood kids are still abused in their communities .\nPatti Tripathi: In U.S., Indian women are still still abused, and we must think it over .\nShe says women are rarely helped in the U.S. by their nationalities due to the stigma, and abuse in India says it exists .\nBut Saibaniy also says she hopes to develop an awareness campaign of the risks of abusing women and young Indian girls .']",1,0.2278481012658228,0.025641025641025637,0.13924050632911392
"[""It is arguably the most famous road in America, but can Scotland compete with the iconic Route 66 that stretches from Chicago to Los Angeles? In a bid to show visitors what the far north of Scotland has to offer, the North Highland Initiative, backed by Prince Charles, has launched the spectacular North Coast 500 route (NC500), which they hope will become as iconic as the American highway. The stunning touring route will start in the Highland's capital, Inverness, and snake past some of Scotland's impressive coastal and mountain scenery. The coastal route is said to be ideal for drivers, motorcyclists and even walkers who want to discover the far north of Scotland . The North Coast 500 route in Scotland covers over 500 miles of spectacular Scottish scenery, including sights such as the mountains of Suilven and Canisp from Loch Druim Suardalain . Taken from the roadside heading south a couple of miles from the Kylesku Bridge. The NC500 route runs over 500 miles through the Scottish Highlands . Enjoy Brora Beach along the way. You can sometimes see dolphins, minke whales, and grey and common seals off the coastline, which makes it an ideal place for walking and picnics . The coastal NC500 route has been created to showcase what the far north of Scotland has to offer, including local food, drink, accommodation and activities . It is hoped the 500-mile route will also help to showcase local food, drink, accommodation, culture, heritage and outdoor and adventure activities. Unmissable sights along the road include mountain ranges, Ben Hope and Suilven, the fairytale grand castle, Dunrobin, the Ardvreck castle ruins and the breathtaking Achmelvich and Dornoch beaches. The route can be completed in a long weekend, or over several weeks on a more leisurely schedule and can be explored as a loop or in part. Dunrobin Castle has 189 rooms, making it the largest in the northern Highlands. Its origins lie in the Middle Ages, but most of the present building and the gardens was added by Sir Charles Barry between 1835 and 1850. It is located on the NC500\xa01 mile north of Golspie . Ardvreck Castle is a ruined castle dating from the 16th century which stands on a rocky promontory jutting out into Loch Assynt in Sutherland, north west Highland, Scotland . Stop off at the beautiful Achmelvich Bay on your driving, cycling or walking tour . NHI chairman David Whiteford said: 'NC500 is one of the most exciting and innovative developments for tourism in the north Highlands for some time. Across the globe, touring routes have become famous and often the very reason for visitors making the journey to that country. 'We have, in the North Highlands, an opportunity to create a globally significant route that captures the essence of the wonderful landscapes and seascapes, people, stories, culture, history, adventures, food and drink and much more.' Mike Cantlay, chairman of VisitScotland said: 'There really is nothing quite like the open road, and this particular route really does take in some of the most picturesque parts of our beautiful country. People travel from all over the world for Route 66, and with our scenery, there's no reason why the North Coast 500 can't prove to be just as popular. 'You never know, at the end of the 500 miles, visitors might just be tempted explore 500 more.' The NC500 route follows the A835 out of Iverness towards the west coast. It then follows the rugged coast line upwards through the north west highlands\xa0across the north edge of mainland Britain and then follows the east coast on the A9 from Britain's most northerly village, John O'Groats, looping back to the""]","['The NC500 is a brand new driving route in the Highlands, promoting its spectacular scenery .\nThe\xa0initiative, backed by Prince Charles, aims to showcase local Scottish food, drink, accommodation and activities .\nKey photographic points include the\xa0mountain ranges, Ben Hope and Suilven, and Dunrobin Castle .']","['Prince Charles supports the North Coast 500 route and the NC500 route .\nIt is hoping it will become as iconic as the American highway .\nThe route will also help to showcase food, drinking, accommodation and heritage .\nThe route is launched in northern Scotland, and includes a spectacular coastal town and mountains .']",1,0.4077669902912621,0.0792079207920792,0.31067961165048535
"[""The soothing tones of Bob Marley drifted through the air at Stamford Bridge as the teams prepared for extra-time. Some were down on their haunches, receiving pellets of information, others flat on their backs receiving muscle rubs. 'Don't Worry 'bout a Thing,' sang Bob. Then Didier Drogba came on. If this were T20 cricket it might have been his theme tune, a special request on his 37th birthday. Why worry? This was all under control. Never in doubt. Someone seemed to be guiding Chelsea on a celestial path into the last eight. Was it Eden Hazard? Thibaut Courtois? Bjorn Kuipers? Bob Marley and the Wailers? Jose Mourinho and the Wailers? Or another other-worldly force. Chelsea players look dejected after being dumped out of the Champions League at home to PSG . Chelsea boss Jose Mourinho looks furious on the touchline after watching his team twice concede a lead . Turned out it was none of them. Turned out there was something to worry about. That something was Paris Saint-Germain, a team with bottle to match their talent. A team which took everything Mourinho could throw their way, scored twice from set-pieces and emerged triumphant. It leaves Chelsea to focus on the Barclays Premier League title. Roman Abramovich looked down from his seat in the West Stand. The Champions League will have to wait for another year. And it leaves English football to contemplate the prospect of no teams in the last eight for the second time in three years. Chelsea can have no complaints. Almost every decision went their way. Still Mourinho had the audacity to shake his head when the fourth official declared two added minutes at the end of extra time. Roman Abramovich looks down from his seat in the West Stand as Chelsea crashed out of Europe . His players left the pitch in scenes reminiscent to the defeat against Barcelona, only this time they would not blame the referee. And it all seemed to be going to plan, When the chaos first descended before half-time, Mourinho snuggled back into his seat alongside Rui Faria in the Chelsea dug-out. A few yards to his right, Laurent Blanc was flapping his arms in despair. On the pitch, David Luiz was in danger of losing control. Story of the game: minute 31, minute 43, minute 58, minute 96, minute 114 as is the fashion at Stamford Bridge. At least, that's how it went on the previous outing, an equally frenzied draw against Burnley, the fall-out of which was still falling out days later. PSG manager Laurent Blanc holds his arms out in the direction of the fourth official as Mourinho looks on . Former Chelsea man David Luiz gestures towards Blues striker Diego Costa during Wednesday's encounter . Here was Mourinho's chaos theory unfolding again. Traps set were stumbled into by PSG, a club still naive to the injustices of this competition in the closing stages, when the teams are so tightly matched, tactics cautious and the importance of decisions by the officials magnified beyond belief. Chelsea learned the hard way over the years but are now among the most seasoned. They break up play, they milk the contact, they circulate the tacklers, they over-react and pressurise the officials. On the side, Jose and the Wailers do their bit. It does not guarantee anything, of course. Not against this calibre of opposition. But every little helps, and their manager understands this better than most. Hence his pre-match posturing and the clear mind to react when the tie tilts and blurs. Edinson Cavani took the ball around Thibaut Courtois (right) but rattled the post with the goal exposed . PSG frontman Cavani reacts""]",['Chelsea out of the Champions League after away goals defeat by PSG .\nZlatan Ibrahimovic was given a straight red card for a foul on Oscar .\nGary Cahill opened the scoring for Chelsea before David Luiz equalised .\nEden Hazard scored from the penalty spot following Thiago Silva handball .\nBrazilian defender made amends with header six minutes from the end .'],"['Chelsea drop points after Paris Saint-Germain goals in extra-time .\nCourtois was in the second half after a poor move by Abramovich first half .\nTerry and Sir Terry Terry were on the ground, but Diego Costa scored .\nChelsea go 12th place after Manchester City beat Juventus to play PSG .\nExtra time left Chelsea humiliated in their last Capital One Cup draw with Burnley .\nInformation from PSG was completely under control and neither side could win or take a lead .\nAnd the only mistake we could make was a foul on the referee .\nPalace dropped 2-0 after Chelsea win 2-0 .\nChelsea were wearing a fourth official at one stage .']",1,0.2569832402234637,0.033898305084745756,0.16759776536312848
"[""Holders Bayern Munich struck either side of the break to beat second division Eintracht Braunschweig 2-0 on Wednesday and advance to the German Cup quarter-finals. A dazzling free-kick by David Alaba on the stroke of halftime and Mario Gotze's solo effort in the 57th minute were enough for Bayern, who were in control but never needed to hit top form against their toothless visitors. The Bavarians, top of the Bundesliga and chasing another domestic double, were up against a gutsy Braunschweig defence, with winger Franck Ribery frustrated in the first half by Braunschweig's physical play. David Alaba celebrates scoring during Bayern Munich's win against\xa0Eintracht Braunschweig . Midfielder Mario Gotze scored the German Cup holders' second goal of the evening . Brazilian defender Dante wins a header during the German Cup match on Wednesday evening . Arjen Robben, however, was lucky to be awarded a foul in the 45th minute with minimal contact by the Braunschweig player but it mattered little for Austria international Alaba, who unleashed a ferocious free kick into the top corner. Gotze killed off opposition hopes of a comeback early in the second half before Bayern stepped off the gas, content to protect their lead. Runaway third division leaders Arminia Bielefeld shocked in-form Bundesliga club Werder Bremen 3-1 with two goals from former German youth international Manuel Junglas to seal the biggest upset so far in the German Cup round of 16. The Westphalian club soaked up pressure early in the first half before striking through 26-year-old Junglas in the 32nd minute. Wolfsburg's Timm Klose scores his side's second goal of the evening against Leipzig . Third tier Arminia Bielefeld shocked the in-form Bundesliga side Werder Bremen . Arminia Bielefeld manager Norbert Meier celebrates during his side's surprise victory . Werder, back in European contention after a fine run in the Bundesliga, had control of the game but missed several good scoring opportunities before being punished again when unmarked Sebastian Schuppan tapped in a corner in the 57th minute. Werder captain Clemens Fritz, who was sent off near the end following a second booking, pulled one back but Junglas made sure it was a memorable evening for the former Bundesliga club when he finished off a quick break. VfL Wolfsburg kept their cool against ambitious second division club Leipzig and with a goal in each half from Daniel Caligiuri and Timm Klose they moved into the next round. Borussia Moenchengladbach also progressed with a 2-0 victory over Kickers Offenbach. Last season's finalists Borussia Dortmund, along with Bayer Leverkusen, Hoffenheim and Freiburg, booked their places in the last eight on Tuesday.""]",['Bayern Munich\xa0beat second division side Eintracht Braunschweig .\nThe win hands them a place in the German Cup quarter-finals .\nThird tier Arminia Bielefeld shocked the in-form Werder Bremen .\nWolfsburg kept their cool against ambitious second division club Leipzig .'],"[""Bayern Munich beat second division Eintracht Braunschweig, 2-0 .\nBrazil winner wins 1-0 second leg as they advance to German Cup quarter finals .\nAstia Bielefeld defeat Manuel Junglas to beat Werder Bremen, which finished second place in last round .\nTop of the Bundesliga beat Werder and Wurals and win German Cup .\nDante has scored an own goal in third tier's cup opener against Bayern .\nRealm side Hoffenbach got a place back in the bidding for the final eight .""]",1,0.4,0.13008130081300812,0.256
"[""A review into sexual abuse inside Australia's Nauru detention centre has found evidence of rape, sexual assault and guards trading marijuana for sexual favours from female detainees. The independent review by former integrity commissioner Philip Moss was released on Friday and has uncovered several dozen cases with guards possibly trading drugs for 'sexual favours' on the Pacific island nation. The 86-page report detailed allegations of indecent and physical assault, as well as sexual harassment, at the offshore processing centre. Scroll down for video . A review into sexual abuse inside Australia's Nauru detention centre (pictured) has found evidence of rape, sexual assault and guards trading marijuana for sexual favours from female detainees . The report states that one detainee, who was a mother of two, had asked for a longer shower to which a 'male security guard' agreed, under the condition that the could 'watch a girl or a boy having a shower.' Detainees had previously complained that two minute showers were not long enough and had requested four minute showers instead. However when one woman asked if she could turn the water back on to wash shampoo out of her eyes, it's alleged in the review that a male guard said he would give her more time, if she showed him her naked body. The review also states that they have been made aware of two specific allegations of rape at the centre . The independent review by former integrity commissioner Philip Moss was released on Friday and has uncovered several dozen cases with guards possibly trading drugs for 'sexual favours' on the Pacific island nation . One rape happened in a woman's tent. She subsequently asked for the incident to be kept quiet for fear of retaliation from other detainees. \xa0She then changed her mind and asked for police to investigate. The report states that the Nauruan Government then granted refugee status to the alleged perpetrator and he is now settled in the Nuaruan community. The second female detainee reported that she had been raped by a 'contract service provider staff member'. She also did not report the incident due to cultural and religious reasons. In another instance, a female detainee told the review that a guard had allegedly offered to give her friend chewing gum and a lollipop if she allowed him to see her naked. The 86-page report detailed allegations of indecent and physical assault, as well as sexual harassment, at the offshore processing centre . On another occasion two female detainees recounted a time when a driver and his assistant turned the vehicle's headlights off and propositioned the women with an offer of cigarettes and chewing gum. One transferee told the review that women in the camp could offer sexual favours in return for marijuana. 'Because they (the transferees) are suffering great depression here, and they feel relieved when they smoke the marijuana, the officers have made them addicted for their own reasons,' the detainee said. 'Because the women do not get paid here, so what they need to obtain,they only have to offer sexual - fulfil the requests of the men.' Finance Minister Mathias Cormann says the content of a review into allegations of abuse against asylum seekers on Nauru is 'very concerning . Finance Minister Mathias Cormann says the content of a review into allegations of abuse against asylum seekers on Nauru is 'very concerning'. Mr Cormann would not be drawn on whether more media access should be allowed on the island in the wake of the report, but said he was concerned by its findings. 'Some of the content in the report ... is very concerning,' he told Sky News on Saturday. 'The department has accepted all of the recommendations and all of the recommendations will be implemented. Mr Cormann would not be drawn on whether more media access should be allowed on the island in the wake of the report, but said he was concerned by its findings . 'Beyond that I'll leave it to""]","[""A new report has found evidence of abuse at Nauru detention centre .\nTwo allegations of rape were lodged involving Nauru guards .\nSexual abuse and sexual favours were also documented in the report .\nA detainee said the women fulfil the needs of men to receive drugs .\nMr Abbott was initially unphased by report saying things 'aren't perfect'\nLabor has criticised the government, calling them a 'disgrace'""]","[""A review into sexual abuse inside Australia's Nauru detention centre .\nIt found evidence of rape, female guards and sexual abuse .\nIt allegedly details how a male guard would cover up a hidden naked woman .\n86-page report detailed allegations of indecent and sexual assault and harassment on the controversial offshore processing centre .\nOne detainee said that she was subjected to sexual abuse .\nShe was asked for a longer shower, while a guard sexually assaulted her sexually .\nA transferee also told how a guard offered chewing gum and a lollipop if she allowed him to see her friend naked on the island .\nA government minister said such attacks would cause burns and bruising for up to six weeks .\nThe Finance minister today said he would not comment on allegations .\nMathias Cormann, Australia's chief minister for immigration, says the content of review into allegations of abuse against asylum seekers on Nauru is unfounded and 'very concerning'\nA female detainee says officers offered her 'sexual favors to men' in return for marijuana .\nIt hasn't been found in Ms Sams' book or in allegations of alleged victimisation or other further sexual offences in Nauru .\nAnother detainee claims a guard could get naked and would have no room to come""]",1,0.23943661971830987,0.07801418439716312,0.1619718309859155
"[""Forget being a supermodel as a career choice - young Chinese women are now dreaming that when they grow up they will get the chance to be an e-sport hostess. A recent report on 163.com, one of China's most-read websites, suggested that such hostesses, who are hired by gaming platforms to commentate on online video games and host live events in scanty clothing, are among the best-paid people in the country. Han Yiying, China’s top-paid e-sport hostess, was paid around ¥17 million (£1.8 million) to join a gaming company at the end of 2014. Xiao Xue (pictured) is an e-sport hostess and is recently featured by 163.com, one of China's largest websites . According to Xiao Xue, the income for hostesses vary considerably . Part of her job is to interact with live gamers over the Internet . Han's income almost caught up with Liu Xiang, a hugely popular Olympic gold medalist from China. Wages for e-sport hostesses increased more than 10 times in 2014 alone, according to the report. E-sport, short for Electronic Sports, is the name for organised multi-player video game competitions in which mostly male players pay to take part. Video game competitions associated with electronic sports involve real-time strategy, fighting and first-person shooter contests. Han Yiying (right) and Ruo Feng, two of the most influential e-sport hostesses in China . Han (left) was paid £1.8 million to join an online gaming platform last year . Originally from Sichuan, Han is also a professional online gamer and has participated in international competitions such as World Cyber Games . Many Chinese men take part in the events for a chance to ogle and communicate with beautiful women . There are cash prizes to competitors, but the real attraction for many Chinese men taking part in the events is the opportunity to ogle and communicate with beautiful women like Han Yiying, who is dubbed ‘Queen of e-sport’. Ms Han’s daily job includes dressing in a sexy outfit and chatting to the male competitors in the contests either through the internet or in person when there are live events. Han is also a professional gamer who has participated in a variety of international gaming competitions, including World Cyber Games. Bella is another super popular e-sport hostess in China . There are around 20 well-paid e-sport hostess in China, including Taiwan-born Xie Yitong (right) These hostesses wear sexy clothing in order to attract the mainly male players who participate in the e-sports . Han is one of a growing number of professional and highly paid e-sport hostesses, with at least 20 reported to be earning similar money. However, most of the hostesses are still on salaries considerably lower. 163.com reported that some of the new hostesses could only afford to eat one cup noodle per day, but they entered the industry out of passion. Hosting e-sport is becoming a dream job for some young Chinese girls . Beginners such as Xiaoxue are lowly paid and can only afford eating instant noodles . Xiao Xue communicates with gamers via smartphone apps . E-sport hostess usually have jack-packed schedules and work well past midnight . Some celebrity hostesses have a massive following, predominately male . E-sport hostesses also need to have advanced gaming skills in order to do live commentating .""]","['A gaming platform shelled out £1.8 million to sign hostess Han Yiying .\nMs Han is the top-paid e-sport hostess in China .\nHer duties include chatting with gamers online and hosting live\xa0events .\nYoung Chinese women are desperate to join the industry .\nWages increased more than 10 times last year for hostesses, report says .']","[""School-educated women in China are the most popular e-sport hostesses .\nYebeying were the top female players paid by online video game platforms in 2014 .\nWorkings in hotel rooms in order to earn networking, expertise and act like a hero shop .\nMany are dubbed 'Queen of e-sport' working as two women on the hot internet sites .\nChinese media have described hostesses as 'first-class members of China's underground'\nOne star on Chinese reality show: 'I'm one of the best professionals e-sports in the country .\nMothers say university-side studies show more bureaucracy is the higher education problem in Chinese-speaking countries .\nBut US 20-year-old student Xie Yitong, from Yunnan, says live hosting is fine .\nIn Hong Kong, she runs the China-based 165.tv website to play live on computer video games and broadcast chats on 163.com .\nOnline e-sport hostesses are still among the highest-paid in China - a leading social gaming site has become increasingly popular on China's largest website 163.com .\nMost e-sport hostesses are exclusively girls studying girls .\nMany are working as two women on hot internet sites .\nThere are also 20 celebrity female organised hostesses .\nFor information on business visit entrepreneur-madness.com.cn .\nAbout 4,500 athletes and spectators turn out on Wednesday .""]",1,0.19330855018587362,0.0149812734082397,0.10408921933085503
"[""Barcelona defender Dani Alves is discussing a three year contract with Paris Saint-Germain. The 31-year-old Brazil international is out of contract with Barcelona in the summer and has been offered to several Premier League sides. Alves's agent, Dinorah Santana, confirmed that her client was in 'advanced talks' with another club and the player was in Paris on Tuesday. Brazilian defender Dani Alves is in talks with Paris St Germain over a three-year deal with the French side . Alves, 31, is out of contract at Barcelona this summer and has been linked with clubs in England . Current PSG right-back Gregory van der Wiel has yet to agree terms on a new deal. Alves has played 30 times for Barca this season, including starting at the Etihad Stadium when the Catalan club beat Manchester City 2-1 last month. He has been at the club since 2008, winning four La Liga titles, two Copa del Reys and the Champions League twice. The defender was sent off in his last match for Barcelona, a 6-1 win over Rayo Vallecano . Alves has been with Barca since 2008, and has achieved both team and personal success in that time .""]","[""Dani Alves is out of contract this summer after seven years at Barcelona .\nThe 31-year-old was in Paris on Tuesday to discuss three-year deal .\nPlayer's agent confirms he is in 'advanced talks' with a club .""]","[""Brazil defender has discussions with Paris Saint-Germain understands .\nVeteran international has been linked to a three-year deal .\nSpain's rivals are looking to move the defender to England .\nAlves was a second most important player for Barca in 2008 .\nIs currently playing his 30 games for Barcelona this season .\nBrazil defender joins from PSG for Paris Saint Saint-Germain .\nBarcelona Barca match LIVE on Sports Wednesday .""]",1,0.3119266055045872,0.037383177570093455,0.12844036697247704
"['Screaming into a towel stuffed in my mouth, sweat pouring down my forehead, tears running down my face, I squeezed the breast pump again. Such was my determination to give my newborn daughter the best start in life, I was expressing milk for her, despite the huge abscess across the centre of my right breast. It was torture; far, far worse than giving birth. Rather than give Summer, then just two weeks old, a bottle of formula, I battled on. Months of brainwashing by the ‘breastapo’ and their mantra ‘breast is best’, made me feel the only thing worse than this torment was giving up. Laura Wright (pictured with her daughter, Summer) was so determined to breastfeed Summer as a baby that she went through weeks of agony . It was an attitude that not only threatened my health but also tarnished the first weeks with my precious firstborn and made me angry that women are put under such pressure to breast-feed that common sense flies out of the window. The questions about whether I intended to breast-feed began at my first prenatal appointment when I was 12 weeks pregnant and continued for the next six months. Advice, leaflets and DVDs were doled out in earnest, extolling the virtues and the rewards. Friends, family, colleagues; it seemed everyone wanted to know my intentions and to preach how breast-feeding was natural, easy, the right thing to do. I wanted to breast-feed; it can be a wonderful, bonding experience and mother’s milk protects against illnesses and allergies but the constant pressure to breast-feed takes no account of the fact not every woman can. My problems with Summer began immediately. When she was born at the University Hospital of Wales in Cardiff in July 2013, she weighed 5lb 2oz. When I put her to my breast she was too weak to latch on so the midwives gave her formula. For the next two days, at three-hour intervals, I kept trying. I was surprised how uncomfortable it was but when I winced, the midwife shook her head, insisting: ‘It doesn’t hurt.’ I felt pathetic, like I was failing Summer. Thankfully, on day three, with the help of a breast-feeding consultant, Summer finally latched on. There was no pain and I cried with relief. The next day I and my husband Ralph, a 30-year-old commercial manager, took Summer home. Laura (pictured with Summer) wanted to breastfeed because she knew it could be a bonding experience and that the mother’s milk protects the baby against illnesses and allergies . Over the next few days I continued to breast-feed but Summer was so hungry, I followed advice and relied on formula and expressed milk to top her up. Anxious to know if I was doing things right, I asked a breastfeeding consultant’s advice. ‘Why are you using formula?’ she asked in a disapproving manner, before feeding Summer my three remaining containers of expressed milk. I panicked; it had taken me a day to express that. So I put pressure on myself to quickly produce more. For the next six days I spent three hours a day with the breast pump and expressed at night after Summer had finished feeding. When I found a hard, round mass in the tissue of my right breast I asked the breast-feeding consultant to take a look. ‘It’s fine,’ she said dismissively. ‘A blocked duct. Give it a rub.’ Three days later my breast looked red and sore and was tender to touch. Feeding was extremely painful. Laura had problems with breastfeeding Summer (pictured at 4 days old) right from the very beginning as Summer was initially too']",['Laura Wright was determined to give her daughter the best start in life .\nShe found breastfeeding painful from her first attempt .\nLaura developed a huge abscess\xa0across\xa0the centre of her right breast .\nDespite this she carried on trying to breastfeed on the other side .'],"['Laura Wright, her partner Stella, went through weeks of agony to breastfeed .\nShe had first thought breastfeeding was painful after she learned to breastfeed twins, believing they were going to be naturally experienced .\nLaura has worked for 10 years and has been nursing for 10 years .\nFor 10 years, breast-keeping has taken place in Santa Barbara and on beaches in Wales .\nSince then she was determined to breastfeed as she was already a baby so was better off giving birth .']",1,0.3134328358208955,0.07575757575757576,0.19402985074626866
"['A professional dancer has refused to have plastic surgery to remove her birthmark as she has chosen to embrace her individuality. Cassandra Naud, 22, says she loves her unique appearance and even credits her birthmark for making her memorable in her industry. The dancer, from Alberta, Canada, who was once told by a casting agent to digitally erase her birthmark from her headshots, says that she believes it is a positive attribute. Scroll down for video . Cassandra refused to have her birthmark removed as she was told she would be left with severe scarring . \'My birthmark is a huge part of me,\' she says. \'It makes me unique and memorable, which is especially important for the career I\'ve chosen.\' When Cassandra was born with a huge brown birthmark on her right cheek, her parents, Richard, 60, a power engineer, and France, 50, a school caretaker, were given the option to have it removed, but concerned that it would leave her face heavily scarred, they decided against it. Cassandra says she is happy with the decision that her parents made as the effects of surgery could have been extremely damaging. \'As my birthmark sunk through several layers of skin, plastic surgery was the only option for removal. Doctors gave my parents a choice, warning them there could be scarring or I could be left with a lazy eye,\' she says. \'I\'m so glad my parents chose to leave my birthmark as it\'s part of who I am. Having a birthmark distinguishes me - and I don\'t feel that it has ever held me back.\' Cassandra Naud was born with a large birthmark under her right eye but rather than have it removed she has chosen to embrace her individuality . Cassandra works as a professional dancer and believes that her birthmark makes her more memorable . Cassandra, pictured with her mother and father, says she is thrilled that neither she or her parents went through with the removal of her birthmark . With her envious dancer body and gorgeous smile, Cassandra is used to attracting attention from strangers, but she says people are often very curious when they notice her birthmark. \'People come up to me in the street and ask me about it. I don\'t shy away from questions - it\'s natural to be curious. \'It\'s covered in hair which makes it difficult to disguise, but I honestly don\'t mind. I know some people might feel sorry for me, but I\'m confident in how I look.\' Cassandra hasn\'t always been so confident as during her school years, she was the victim of cruel taunts from bullies. She says: \'They\'d taunt me saying: ""You\'ll get beat up in high school"" and ""The hair on your cheek is gross"". \'Their cruel remarks were hard to deal with and I\'d often fight back tears. I felt ugly - even if only for that moment - and I was terrified of how I\'d be treated once I got to high school.\' After years of bullying, Cassandra was plagued by feelings of wanting to fit in and, aged 13, she gave her mum some shocking news. When Cassandra was born her parents were given the option of having the birthmark removed but concerned about scarring they decided against surgery. Pictured: Father Richard, mother France and brother Oliver . While she was growing up Cassandra, pictured with her mum France, suffered cruel taunts from bullies and even considered having her birthmark removed in her early teens . She says: \'I told my mum that I wanted to remove my birthmark. My parents were shocked but understanding of my decision and immediately booked an appointment with a plastic surgeon. \'He explained the scarring I\'d be left with and I immediately changed my mind. I figured it wouldn\'t be worth it and told my mum that I\'d prefer to keep my individuality']",['Cassandra Naud was born with a large birthmark under her right eye .\nHer parents decided not to have it removed as she would be left with scars .\n22-year-old was bullied at school but now  embraces her individuality .\nWorks as a dancer and says her birthmark helps her stand out .'],"[""Cassandra Naud at the age of 13 she was told\xa0the\xa0surgery would be\xa0erasing her birthmark with the wrong type .\nBut they considered it until a cast agent removed the birthmark from her head .\nThe piercers also strongly warned her parents they could be left with scarring in the future .\nCassandra says she is now happy and believes the scars can't be irreparablely removed .""]",1,0.45901639344262296,0.10000000000000002,0.2786885245901639
"[""A baby who only has half a heart has defied the odds after suffering a stroke and battling through four open heart surgeries. Jack Stevens was born with Hypoplastic Left Heart Syndrome (HLHS) which means the left side of his heart did not form properly. Jack, from Hartlepool, County Durham, has spent half of his life in hospital after having four open heart surgeries and five other operations. He has also suffered a stroke and  had to be resuscitated three times. Jack Stevens, now 15 months, was born with Hypoplastic Left Heart Syndrome (HLHS) which means the left side of his heart did not form properly. He underwent four open heart surgeries at just one week old . Jack survived a total of nine operations (he is pictured, left, after the last procedure), but then suffered a stroke and had to be resuscitated three times. He is now at home with his parents (right) Jack recovered well from the operations and has recently had his feeding tube removed for the first time. He is pictured here before his third open heart surgery procedure. But made a miraculous recovery and recently had his feeding tube removed for the first time. Now, at 15 months old, he is at home with his parents, . His father Chris Stevens, 30, said: 'He's been through so much in such a short space of time but he's doing brilliantly. 'We knew about his condition before he was born and he spent the first five months of his life in hospital. 'He had to have open heart surgery when he was just one-week-old and he's had three more since. 'Jack was only 4lbs 4oz when he was born and the condition has slowed his development. 'It was really difficult watching him lying in his hospital bed for so long surrounded by machines and tubes. 'But we knew it was best for him and he's battled through everything - he's a real fighter.' Jack, who is now at home with his parents Chris Stevens, 30 and Ashton Hodge, 27. The family are pictured before Jack's fourth open heart surgery . Jack only weighed 4lbs 4oz when he was born, and the heart condition has slowed his development . Jack had to be given up to 12 different medications up to four times a day, but now only needs three different medications via a syringe. He is pictured here (left and right) at one years old . At just one-week-old, Jack underwent three stages of the Norwood procedure - a surgery performed on the heart to improve blood flow. He was eventually allowed home for the first time in April last year but returned back to Freeman Hospital, Newcastle, three months later after suffering a stroke. He then endured a string of gruelling operations and is finally at home with father Chris, and mother, Ashton Hodge, 27, a charity worker. He is now on the brink of taking his first steps and speaking for the first time. Mr Stevens, an engineer, said: 'It's a lifelong condition so he will need a transplant at some point in his life but surgeons don't know when yet. 'He'll never be able to do any real physical activity. 'Jack had to be given up to 12 different medications up to four times a day but he only needs three different medications via a syringe at the moment. 'He's also had his feeding tube removed for the very first time last month which is fantastic. Mr Stevens, an engineer, said: 'It's a lifelong condition so he will need a transplant at some point in his life but surgeons don't know when yet' Mr Stevens said:\xa0'He's almost walking now and he mumbles all the time so hopefully he'll say his first word soon. We're both so proud of him - he's a""]",['Jack Stevens was born with Hypoplastic Left Heart Syndrome (HLSH)\nLeft side of his heart did not form properly and he underwent 9 surgeries .\nHe then suffered a stroke and had to be\xa0resuscitated\xa0three times .\nNow is finally at home with his parents but will later need a heart transplant .'],"[""Jack Stevens was born with Hodgman's Down's Syndrome (HLHS) which means the left side of his heart did not form properly .\nHe was born and had four open heart surgery and has also suffered a stroke .\nJack had to be resuscitate three times after the operation .\nThe baby was born at 1 weeks and is now at home with County Durham's NHS hospital and a care centre .""]",1,0.576,0.34146341463414637,0.512
"[""It won't come as much of a consolation after he was snubbed again by England manager Roy Hodgson, but West Ham midfielder Mark Noble has shown himself to be an impressive fisherman. Noble has been unwinding during the international break with Hammers team-mate Alex Song, and pulled out a monster on an early morning fishing trip. Song posted an image on Instagram showing Noble with a huge fish in his arms, evidently taking advantage of the extra time off he has been afforded as West Ham recharge ahead of a difficult Barclays Premier League run-in. West Ham midfielder Mark Noble caught a huge fish while enjoying time off during the international break . Noble is hoping that if he impresses further with West Ham, he will eventually get the call from England . Song posted: 'A man of many talents! Midfield And lakeside général!' with the image, clearly impressed at Noble's carp, which is thought to weight around 50 pounds. Noble has spoken in the past to Sportsmail about his passion for fishing, but admitted he has struggled to find team-mates who shared his love for the sport. ‘Modibo Maiga, Guy Demel and Momo Diame can’t understand how you go fishing and chuck them back,’ Noble explained in 2013. ‘They say, “Bring it in, I’ll eat it.” I say, “You’re not allowed to do that here!”’ Diafra Sakho, Winston Reid and Noble pose outside the Olympic Stadium, which West Ham move into in 2016 . Noble holds off the challenge of Sunderland midfielder Jack Rodwell in West Ham's 1-0 win at the weekend . The 27-year-old midfielder was disappointed to miss out on Hodgson's squad once again, even with a raft of injuries depleting the England manager's selection. But Noble still believes he can make it into the national squad ahead of next summer's European Championships in France if he knuckles down and keeps working hard with West Ham. ‘I have made it clear what I think about the situation and I would love to play for my country,' he said. 'Obviously at the moment it doesn't look like it is going to happen. ‘I will keep playing as well as I can at West Ham and enjoying it every week. You never know what will happen in the future.' Song, meanwhile, faces an uncertain future after it was revealed that West Ham's board hold serious reservations about signing him on a permanent deal from Barcelona. Sportsmail's Laurie Whitwell went fishing with Mark Noble back in 2013, read the full interview HERE. ‘You just switch off really,’ Noble said. ‘It’s so peaceful. You’re concentrating on your rods so you tend to forget about everything else. ‘I used to do a lot of fishing with my dad, usually in Beckton Boating Lake. That was a little bit different from this (at Honeypot Lakes in Essex) - there are no shopping trolleys here! Then I moved out and forgot how good it was. I’m pretty sure my mum sold all my gear. 'This summer I was on holiday in Florida, on an island called Boca Grande, and went fishing every day. That got me hooked again. We would do it all night from about 10 o’clock to five in the morning. It was one of the best experiences of my life.’ Mark Noble has a passion for fishing and posed for this image with one of his catches in the past .""]","['Mark Noble was shown in a photograph with a huge fish on Thursday .\nAlex Song posted the picture as the West Ham men enjoyed their time off .\nNoble was left out of the England squad again by manager Roy Hodgson .\nIn an interview with Sportsmail, Noble revealed fishing was his passion .\nCLICK HERE for all the latest West Ham United news .']",['Mark Noble was in a lengthy fishing session during the international break .\nThe West Ham star has caught a huge fish many times for the break .\nHammers star midfielder has impressed the team during the time this season .\nBut admits he has been struggling to find team-mates .'],1,0.358974358974359,0.12173913043478263,0.23931623931623933
"['(CNN)Nigerians go to the polls on March 28 in a tight contest, which is getting extra attention after the original date was rescheduled at the last minute. Many voters will be holding their registration card in one hand, and their mobile in the other -- making democratic history with the help of tech. In Africa\'s largest mobile phone market, programs to encourage citizens to get involved in the election have been gaining traction. ""Nigerians are looking for information,"" says Femi Longe, co-founder of Co-Creation Hub which meshes tech and social issues. ""Technology is helping people get involved in the conversation around democracy and elections, which is very important, as the general interest in the air has waned since the voting date was changed."" As incumbent Goodluck Jonathan prepares to face-off against former military ruler Muhammadu Buhari, Longe and his team have developed TechSQUAD -- a gang of geeks who work on web-projects that help citizens vote. Pre-Vote Prep . One such project is Govote.ng, a popular website that is focused on the registration process -- that\'s crucial as in Africa\'s most populous country, with over 170 million citizens, the logistics can be staggering. ""Most Nigerians have no idea where they are registered,"" explains Longe. ""We want to simplify the entire election process, [and] make it responsive to users."" People log on to the site to see whether they are registered with the Nigeria Independent National Electoral Commission (INEC) and, if not, they can find out how and where to register. TechSQUAD says approximately 10,000 people visit the site each day. Finger\'s Influence . Other squads concentrate on the next step. Youth charity YIAGA has set up ThumbPower which gets Nigerians to ""use your thumb wisely."" Sections like ""Who can vote"" and ""Where and When"" set out the process in language anyone can understand. Interactive maps connect users to local activists and the countdown clock is a reminder that the new elections date is approaching fast. ""The rescheduling of the election ... did affect the level of voter enthusiasm,"" explains YIAGA Program Manager, Cynthia Mbamalu. ""While there are certain concerns about security and the guarantee of free, fair and credible elections, the interest in this election is founded on the belief that this time votes will count."" Personality Problem . This election will be the first since Nigeria re-calculated it\'s GDP and pulled ahead of South Africa to become the continent\'s biggest economy. With a nominal GDP of $510 billion, and an oil sector that makes up 96% of total export earnings, the outcome of the vote will be closely watched by policy makers and businesses all over the world. Politicians, however, stand accused of relying on personalities rather than policies when it comes to winning votes. ""The strength of a leader\'s personality and his key personal networks are playing a very strong role,"" says Jasper Veen, Nigeria Director at National Democratic Institute. ""Both flag-bearers occasionally attempt to articulate policy positions -- it is still a far cry from policy-based politics."" And this is set to be a particular issue in this poll, as some seek a strongman who can defeat Boko Haram militants in the North-East -- the main justification authorities used when explaining the decision to delay the vote by six weeks. To fight this popularity contest, TechSQUAD collaborated with The Centre for Democracy and Development (CDD) to produce ngmanifesto.org, which explains what the parties plan to do to improve education, the economy and infrastructure. And once a government is elected, the site will track whether election pledges become reality. \'Quick Count\' Technology will also play a big role on voting day. A representative']","[""Nigeria's postponed Presidential election is slated to be held on March 28 .\nIncumbent Goodluck Jonathan will face-off against former military ruler Muhammadu Buhari .\nTechnologists and NGOs are working together to help voters prepare for the election .""]","['Nigerians went to the polls early on March 28 and many opted for Saturday .\nThey are hoping to help citizens vote using online SMS .\nOne project explains registration process, which should be changed from 5cents old to get bank workers far ahead of their goal .\nA result of the vote of 1,000 means the year of re-election is over .']",1,0.2941176470588235,0.060000000000000005,0.196078431372549
"[""In the much-loved Road Runner cartoons, it seemed that anything was possible – but the mayhem on the screen was born from writers that had incredibly strict rules to abide by. A former animator for Warner Brothers, which made the show, revealed in his autobiography that there were nine rules every cartoon had to follow. The star of each one was the Road Runner and his nemesis - Wile E. Coyote. A desert predator obsessed with catching and eating the Road Runner, he often used a bewildering and hilarious array of contraptions to snare his quarry. Scroll down for video . In the much-loved Road Runner cartoons, it seemed that anything was possible – but the mayhem on the screen was born writers that had incredibly strict rules to abide by . Rules included the Road Runner never being able to harm the coyote, except by saying ‘beep beep’, 'no dialogue', and ‘all materials, tools, weapons, or mechanical conveniences must be obtained from the ACME corporation’. The writers also had to try and ‘make gravity the coyote's greatest enemy’ and ensure that he ‘is always more humiliated than harmed by his failures’. The rules come from the 1999 autobiography of former Looney Tunes animator Chuck Jones, called Chuck Amuck: The Life And Times Of An Animated Cartoonist. The star of each show was the Road Runner and his nemesis - Wile E. Coyote. A desert predator obsessed with catching and eating the Road Runner, often using a bewildering and hilarious array of contraptions . They were posted on Twitter by director Amos Posner\xa0and have since generated considerable excitement on social media. One Reddit thread has been dedicated to a discussion about the rules, and whether they have ever been broken. One rule – ‘the road runner must stay on the road, otherwise, logically, he would not be called road runner’ – was broken many times, with the creature often appearing on rocky outcrops and once even pushing coyote along as he drives a speedboat. The cartoon first appeared in 1948, with 48 made altogether, along with one half-hour special. The Road Runner cannot harm the coyote except by going 'beep-beep!' No outside force can harm the coyote - only his own ineptitude or the failure of the Acme products . The coyote could stop anytime - if he were not a fanatic . No dialogue ever, except 'beep-beep!' The road runner must stay on the road - otherwise, logically, he would not be called road runner (though this seems to be a rule that was often broken) All action must be confined to the natural environment of the two characters - the southwest American desert . All materials, tools, weapons, or mechanical conveniences must be obtained from the ACME corporation . Whenever possible, make gravity the coyote's greatest enemy . The coyote is always more humiliated than harmed by his failures .""]","['The rules were revealed by former Looney Tunes animator Chuck Jones .\nHe listed them in his book The Life And Times Of An Animated Cartoonist .\nThe star of each show was Road Runner and his nemesis, Wile E. Coyote .\nAnother rule was that the coyote always had to be humiliated, not harmed .']","['The nine rules were drawn up by Looney Brothers .\nThe stars were the coyote,\xa0E. E. Coyote - Road Runner is unable to cheat .\nBut the creators also had to be honest without harming the coyote .\nOn occasion the author must aid E Coyote and he must set distance to the coyote .\nRules include unsteady driving and car must reach speed limit .\nPublisher Sharon Weinzah’s comic FNT rules set up set to be published soon by Destination American . click HERE to look up the FNT website at http://www.ventureatlantic.\nFNT images being used  on National Geographic Channel in US .\nTo check out the pictureset visit the FNT comic (http://www.ventureatlantic).\nFNT by email at: fct@ventureatlantic. .\nWizards of Chainsaw 2014 were offered $2 million crowns\xa0for the FNT villain Jack Frightman’s body at auction .\nThe 1972 novel earned fame among the games designer, Otse Koe, 57, and Brad Grey, 90 .\nFor links to FNT, visit the Destination American comic on www.tovenatlantic.com .\nFor Comic Culture info, visit the website üCoonShow/Sites .']",1,0.21367521367521372,0.06896551724137931,0.14529914529914528
"[""Southampton's early exit from the FA Cup means that Ronald Koeman's side have a weekend off, and the south-coast outfit headed to snowy Switzerland for a mid-season break. On Thursday, Koeman posted a picture of himself kitted out in full ice hockey kit, but now a video has emerged of the team in action... and they certainly shouldn't quit their day jobs any time soon. The Saints returned to winning ways on Tuesday night against Crystal Palace, but their recent form has seen them slip out of top four in the Premier League. Most of the Southampton squad struggled to stay on their feet as they took to the ice on Thursday . The players looked to enjoy their time playing ice hockey, with one player spinning another round on the ice . Injured striker Jay Rodriguez could not take part, but he watched on and laughed from the bench . Southampton boss Ronald Koeman got involved, taking to the ice in full kit to participate with his players . And talking of slips, most of the squad struggled to stay on their feet as they took to the ice on Thursday to participate in a sport they're less familiar with. One particular struggler was striker Graziano Pelle, who showed less pace than he does on a Saturday afternoon, and needed to be helped around the ice by Southampton chairman Ralph Krueger - who is a former ice hockey player and coach. Ryan Bertrand smiled for the cameras, and celebrated after slotting the puck through the legs of a helpless goalkeeper during a match between two teams. Graziano Pelle struggled more than most, and had to be helped around the ice by\xa0Ralph Krueger . Koeman laughs as his players slip and slide on the ice during their time in Switzerland . A disclaimer at the end of the video, uploaded by the club's YouTube account, put Southampton fans at ease . Southampton players took to the ice at Vaillant Arena in Davos, Switzerland on their team bonding trip . Morgan Schneiderlin (left) and Kelvin Davis put on their ice hockey gear before playing on Thursday . Ice hockey is, of course, a sport synonymous with injuries, but a disclaimer at the end of the YouTube video, uploaded by the club, confirmed that the afternoon passed without incident. 'No footballers were hurt during the making of this video,' read the message, and it is one that will relieve Saints fans watching. Koeman's side are back in action next Sunday, when they face perhaps their toughest test of the season - a trip to Stamford Bridge to play Chelsea. Shane Long was one Saints player who did not fancy his chances on the ice, opting out of the fun . Ryan Bertrand, whose loan signing was recently made permanent, celebrated after scoring a goal . Koeman is helped into his kit in the changing rooms before taking to the ice alongside his players . Pelle laughs with his team-mates as they arrive at the rink before taking to the ice on Thursday .""]",['Southampton have a week off and the squad have headed to Switzerland .\nThe players were treated to an afternoon playing ice hockey .\nManager Ronald Koeman also got involved and took to the ice .\nThe majority of the Saints squad struggled to stay on their feet .\nCLICK HERE for all the latest Southampton news .'],"[""Southampton stars had a hard time participating in their routines on the ice .\nRonald Koeman took to the ice again to have a video posted .\nThe ex-Koeman's side exited the FA Cup to head on to the 4th round between Southampton and Chelsea on Monday night .\nKoeman has managed to have a good winter break despite a back injury .\nPlayers spent the ice jogging around the ice with the squad in Switzerland .\nMost Southampton players had a rough time on the ice, but the majority players in attendance laughed when the cameras turned on the game .""]",1,0.4,0.12658227848101267,0.25
"[""West Indies master-blaster batsman Chris Gayle will play for Somerset in this summer's NatWest T20 Blast. Destructive opener Gayle will join Somerset in late May, the exact date of his arrival depending on his involvement in the knockout stages of the Indian Premier League, and he will remain with them until June 13. Somerset hope the 35-year-old will therefore be available for six matches. Chris Gayle has signed for Somerset for the upcoming NatWest T20 blast competition . Gayle gestures to the crowd after West Indies' defeat to New Zealand at the Cricket World Cup in Wellington . Gayle is to miss next month's Test series against England in the Caribbean as he struggles with a back injury which is curtailing his opportunities in cricket's longer formats. He is a prolific boundary hitter, with more than 8,000 runs to his name in Twenty20 cricket around the world - and Test and one-day international statistics to match. He said: 'I'm excited about joining Somerset for the NatWest t20 Blast this year. 'Many of the club's members and supporters will know that I came close to playing for the county in 2012 and I have always felt that, if I was able to, I wanted to honour that commitment to Somerset. I'm looking forward to coming to Taunton and scoring some runs.' The New Zealand players celebrate after dismissing the explosive batsman in the quarter-final . Somerset director of cricket Matthew Maynard added: 'Signing a world-class player of the quality of Chris Gayle is tremendously exciting for the club. 'He will be a tremendous addition to our already extremely strong squad. He is an inspirational character and we are delighted to be bringing him to Somerset.' Gayle poses with a policewomen during his time at the Cricket World Cup with the West Indies .""]","[""Somerset hope Chris Gayle can play six games for them in T20 blast .\nExplosive West Indies batsman could arrive later due to IPL games .\nGayle said: 'I'm excited about joining Somerset for the NatWest t20 Blast'""]","[""Chris Gayle will join Somerset in the States in this summer's competition .\nWest Indies master-blaster batsman Chris Gayle signs with Somerset .\nGayle's tripper is eligible to play in all six matches in the competition .\nBowler will also play the West Indies Twenty20 opener at Old Trafford .\nRosingman has failed to sign contract with England since 2010-11 .\nGayle revealed that he was earmarked as selection for India squad in national league .\nHe has not played for West Indies since July of 2013 .\nGayle changed the lead with the bat in a friendly in Wellington .\nGayle scored 12 from 28 wicket runs in T20 Blast match .\nBoard of Somerset think he will be available for a Test this year .\nThe 25-year-old has an international record of more than 8,000 runs .""]",1,0.21468926553672316,0.05714285714285715,0.1694915254237288
"[""Sam Allardyce will be a contender for the Sunderland manager's job if Gus Poyet is sacked. Poyet is under mounting pressure at the Stadium of Light after an alarming slide down the table, culminating in Saturday's dreadful loss against Aston Villa which sparked a supporter revolt. The growing animosity from fans towards the Uruguayan has not gone unnoticed by the Black Cats' board. Sam Allardyce will be a contender for the Sunderland manager's job if Gus Poyet is sacked . Sunderland fans attempt to storm Poyet's dugout as the home side slumped against Aston Villa . Stewards and members of Sunderland's backroom staff attempt to stop irate fans getting to the dugout . The club's hierarchy want to show loyalty to Poyet after the manager's excellent work in keeping the Wearsiders up last season. But there is a fear that the growing swell of opinion opposed to Poyet's regime from fans will have an adverse impact on matters on the pitch. And West Ham manager Allardyce, who used to play for Sunderland, will be high on owner Ellis Short's wanted list if he decides to make a change. Allardyce has admirers at Sunderland after helping the Hammers consolidate their position in the Premier League. Poyet has vowed to fight on as Sunderland boss but says he understands the supporters' frustration . Sunderland fans streamed out of the Stadium of Light as Aston Villa smashed four goals past their side . Likewise, he was a strong contender to replace Martin O'Neill in the Sunderland hotseat in 2013 before Paolo Di Canio was handed the role. Allardyce himself looks set to be out of a job when his contract at Upton Park expires this summer, with the club still to offer him an extension. And a vacancy at the Stadium of Light could provide Allardyce with an instant route back into management if he leaves.""]","[""Gus Poyet came under attack from Sunderland supporters on Saturday .\nThe Black Cats embarrassingly went down 4-0 against Aston Villa .\nAnd West Ham's Sam Allardyce will be a candidate if Poyet is sacked .""]",['Newcastle side are under mounting pressure from Sunderland fans .\nSunderland\xa0followed their side lose to their rival Aston Villa and Poyet looks to be a sipper .\nThe fans are tired of being led by the Black Cats striker and wants to leave a club .'],1,0.3614457831325302,0.14814814814814817,0.24096385542168677
"[""A brave transgender teenager came out in front of his entire class. Tom Sosnik, 13, of Fresno, California, first read the suicide note written by Leelah Alcorn, another tragic teen who took her own life at the end of last year. He then told the students; 'I am no longer Mia. I never really was.' Scroll down for video . Tom Sosnik (above) came out as transgender to his class . Sosnik (above) told his fellow students; 'I am not Mia. I never really was' Sosnik (above with Glee star Lauren Potter) when he was Mia . The middle school student then said; 'And now I finally stand before you in my true and authentic gender identity as Tom. I stand before you as a 13-year-old boy.' Tom then detailed his struggle over the past few years, and what it took to bring him to the moment where he made this announcement. He eloquently explained his challenges, saying; 'For a while, I dismissed the fact that I hated my body. I pretended to be content with what I was assigned until, at a certain point, I broke.' Sosnik began his speech by reading the tragic suicide note of Leelah Alcorn (above) He then added; 'I went through a series of horrible breakdowns. And I would stand under the water in the shower crying. I knew I wasn't happy.' He also took some time to let other students know if they were struggling with their sexual identity or orientation, he was there for them. 'I want you to know that if no one else accepts you, I always will,' he said. If you are reading this, it means that I have committed suicide and obviously failed to delete this post from my queue. Please don't be sad, it's for the better. The life I would've lived isn't worth living in… because I'm transgender. I could go into detail explaining why I feel that way, but this note is probably going to be lengthy enough as it is. To put it simply, I feel like a girl trapped in a boy's body, and I've felt that way ever since I was 4. I never knew there was a word for that feeling, nor was it possible for a boy to become a girl, so I never told anyone and I just continued to do traditionally 'boyish' things to try to fit in. When I was 14, I learned what transgender meant and cried of happiness. After 10 years of confusion I finally understood who I was. I immediately told my mom, and she reacted extremely negatively, telling me that it was a phase, that I would never truly be a girl, that God doesn't make mistakes, that I am wrong. If you are reading this, parents, please don't tell this to your kids. Even if you are Christian or are against transgender people don't ever say that to someone, especially your kid. That won't do anything but make them hate them self. That's exactly what it did to me. My mom started taking me to a therapist, but would only take me to christian therapists, (who were all very biased) so I never actually got the therapy I needed to cure me of my depression. I only got more Christians telling me that I was selfish and wrong and that I should look to God for help. When I was 16 I realized that my parents would never come around, and that I would have to wait until I was 18 to start any sort of transitioning treatment, which absolutely broke my heart. The longer you wait, the harder it is to transition. I felt hopeless, that I was just going to look like a man in drag for the rest of my life. On my 16th birthday""]","[""Tom Sosnik came out as\xa0transgender\xa0in a speech to his fellow classmates .\n'I am no longer Mia. I never really was,' Tom, 13, told the class .\nHe began his speech by reading the tragic suicide note of another transgender teenager, Leelah Alcorn, who killed herself last year .""]","['Tom Sosnik, 13, from Fresno, is transgender himself .\nLeelah Alcorn committed suicide last year, breaking a series of marriages .\nShocked when he decided he was transgender, and he made no reference to it ever, one that would have changed his feelings -ignment surgery .']",1,0.30927835051546393,0.0,0.1443298969072165
"[""A Florida teacher claims she was fired because she reported that her preteen student had told her she was being abused by her step-father. Diana Castella was teaching part time for Brownsville Middle School's iPrep program when a student told the teacher that her stepfather lays on top of her. Castella said she sought out another teacher's advice because she was unsure of the school's protocol and then reported what the child had told her to a school counselor the next morning. Scroll down for video . Florida teacher Diana Castella claims she was fired just days after reporting that her student, who is under the age of 12, was . 'Administrators and Miami-Dade County Public Schools don't like snitchers. They like everything to be brushed under the rug,' she told\xa0NBC 6. But school administrator told her that she was being investigated because she didn't report the abuse soon enough. Castella allowed the student to go home to her allegedly abusive step-father before the teacher alerted\xa0authorities. The girl was first questioned by the Department of Childhood Services without Castella in the room, . Castella said she was then let inside in the room, where she claims she heard the student confess that she had been molested by her step-father multiple times. Police were contacted and the student's father was arrested and charged with child molestation and lewd and lascivious conduct. When Castella returned to school, she said she was called into the principal's office and told she was under investigation by the school because she didn't report the incident in a 'timely manner'. A spokesman for Miami-Dade County Schools told NBC 6 that if someone in the district learns about a 'potential abuse case' they are 'required to report it immediately'. But, according to Castella, the principal claimed she had to be let go because the school could no longer afford to fund her particular position - not because of the investigation. The student's father was arrested and charged with child molestation. Castella said the school then told she was under investigation by the school because she didn't report the incident in a 'timely manner' But, according to Castella, the principal claimed she had to be let go because the school could no longer afford to fund her particular position - not because of the investigation . Castella believes she got fired for reporting what her student had told her. Castella said she is 'disgusted with the system', which she says should be fighting to keep on board a teacher who 'did the right thing'. 'I became a teacher for my students,' she said. 'I didn't become a teacher to save the reputation of a school.' The controversy comes just weeks after two teachers in the Miami-Dade County Schools' district were fired for incidents involving students. Last week a music teacher at Miami Palmetto Senior High was arrested and charged of having sex with a 17-year-old student that he admitted to having a nine-month relationship with. And at the beginning of the month a kindergarten teacher at the district's Silver Bluff Elementary School was charged with child abuse after he allegedly dug his nails into a student's hand and leg because she was struggling with math problems.""]","[""Florida teacher Diana Castella said she sought out another educator's advice and reported what the child told her the next morning .\nWhen the student was interviewed by Childhood Services she confessed to being molested by her father multiple times .\nThe father was arrested and charged with child molestation .\nSchool's principal then told Castella she was under investigation for not reporting the incident immediately .\nBut Castella said the principal told her she was being let go because the school no longer had funds for her particular position .""]","[""Diana Castella was teaching part time for Florida's i Prep program .\nShe claims she told a school counselor that her student was being abused .\nAccording to it at first they were suspicious, and concluded she was not investigating .\nShe then reprimanded her - but then contacted the  .\nschool, told her she had been a boy at the time, abused .violently .\nby student's father, charged, with lewd and lascivious conduct, because of poorly funded .\nschool .""]",1,0.4069767441860465,0.07058823529411765,0.2558139534883721
"[""If you are easily distracted by your smartphone or long for the return of simple mobiles that don't require lots of apps, then this ‘anti-smartphone’ is for you. The round phone, described as the first personal device for the 'post-smartphone era', is modelled on an old-fashioned pocket watch. The Runcible is a pebble-shaped prototype and includes a phone and camera,  an HD circular screen and a wooden case. Scroll down for video . A round phone called the Runcible (pcictured), is described as the first personal device for the post-smartphone era and is modelled on an old-fashioned pocket watch . It’s designed ‘refocus users' attention on real people and the real world’ and is touted as being the ‘world's first heirloom electronic,’ by\xa0Monohm Inc, which created the prototype. Aubrey Anderson, CEO and co-founder of the California-based company, said: ‘People need something to let them control their digital lives in clean, quiet, simple ways. The pebble-shaped device includes a phone and camera, as well as an HD circular screen (pictured left and seen right).\xa0It’s designed ‘refocus users' attention on real people and the real world’ and is touted as being the ‘world's first heirloom electronic’ Experts predicted that this year, people will forsake gadgets, social networks and other technology in favour of the simple life. In its sixth annual Digital Trends Report, London-based communications agency Hotwire, said we are entering the era of the 'neo-Luddite' and people are working on things to help us switch off. It's thought people are growing less keen on social media ans apps because of their irritation with adverts. The report, which followed figures by Ofcom released in December, found the number of weekly UK visitors to social networks is now 56 per cent - a drop from 65 per cent this time last year. The US, China and Japan saw similar decreases - but to a lesser extent. Elsewhere, in August, a team of developers launched a Kickstarter campaign to fund production of its noPhone - a fake handset designed to wean people off their tech addiction. ‘Runcible is the alternative to the increasingly invasive and commodified smartphone whose app-centric approach distracts us from our lives instead of helping us live them.’ The device, which is a cross between a traditional mobile phone and a wearable device, features the ‘first’ high resolution, fully round screen in a phone, as well as a high performance camera, although it is no specified how good it is. Inspiration for the unusual shape comes from ‘devices that humans have always carried with them: the pocket watch, the compass, the magical stone that fits the palm of our hand,’ the company said. The device, which is a cross between a traditional mobile phone and a wearable device, features a camera (seen on these prototypes) The device is built on Mozilla’s Firefox operating system and will see users visiting mobile websites instead of navigating the web via dedicated apps. It also includes features designed to refocus users’ attention on real people and the real world. For example, a maps feature shows the most interesting route to a chosen destination, rather than the fastest, social media feeds are summarised and the device is silent. ‘Runcible will never beep, alert or otherwise interrupt us, enabling us to keep our attention where it has always meant to be,’ the firm said. It offers connectivity expected of a smartphone, such as LTE, Wi-Fi and Bluetooth. ‘For the""]","[""Device includes a phone and camera, as well as an HD circular screen .\nCalled the Runcible, it's a cross between a smartphone and a wearable .\nGadget is\xa0modelled on an old-fashioned pocket watch and compass .\nIt could cost\xa0around\xa0the same as a \xa0high-end unlocked smartphone .""]","[""The phone is an early version of a \xa0circular pocket watch .\nThe Runcible is pebble-shaped prototype and features a phone and camera .\nThe\xa0device’s designed to ‘refocus users'\xa0interest on real people and ‘away and clear’\nBut the company only says that the round device is without a 3.5in battery in the pocket .\nExperts predict that people will adopt it on their own devices .\nCurrently rumoured to be replaced by the end of the century with a watch it will be replaced by hi-tech cameras in the like ‘Panoramic Neverwear’ .\nLakeshope watch which, printed in shelving, was shown in public last year, for just £39 before being shipped out to an east London town .\nIt was for sale last month during an exhibition to show off Consumer Art and Technology at PFI\xa0Southall ISC.\nHands went as a number of people around the world spoke out against plastic phones .\nPaper of more than 3,,000 material was offered free at the National Micronom’s Institute of Mechanical Engineers .\nMore than 2,200 gadget sales were sold through a High Street sale""]",1,0.22881355932203393,0.05128205128205128,0.13559322033898308
"[""A five-year-old boy is recovering after a sea lion that washed up on\xa0a San Diego beach bit him in the face. The boy was with his family at La Jolla Cove when he tried to pet the sea lion on Sunday. The animal, which was probably starving, 'snapped back its neck and lunged' at the boy. Scroll down for video . A five-year-old California boy suffered a 'minor puncture' when a Sea Lion bit him in the face in San Diego . The boy was with his family at La Jolla Cove (pictured) when he tried to pet the sea lion on Sunday . At least two sea lion attacks have been reported in the last three months, Fox 5\xa0reported. The San Diego Fire and Rescue Department says the boy suffered a 'minor puncture' to his jaw. His family took him to a local hospital for examination. The incident was reported to the National Marine Fisheries Service, the LA Times reported. There have been a record number of sea lions washing up on Southern California beaches in 2015. Nearly 2,000 of the animals have washed up on the state's shores in sick and starving conditions so far this year. Last week, the National Oceanic and Atmospheric Administration (NOAA) sounded the alarm over the surge in famished pups, saying there has been 'an unusually large increase' in sea lion strandings. In January and February, strandings were 20 times the average rate for those two months. Experts believe warming sea temperatures might be responsible for the enormous rise in strandings because the availability of fish and other sea lion food sources has been affected. Beachgoers are advised to stay away from mammals, some of which are emaciated and distressed.""]","[""Boy was with his family at La Jolla Cove on Sunday when he was bitten .\nHe suffered a 'minor puncture' to his jaw and went to the hospital .\nRecord number of sea lions washing up on Southern California beaches .\nPeople are advised to stay away from 'emaciated and distressed' mammals .""]","['The boy was eating meat at La Jolla Cove on Sunday when he was strangled .\nThe boy was awarded his family a punctured to his jaw after being pinched .\nDeadliest ever attack in the phenomenon at California Beachs was at the beginning of last month .\nPills and vomiting common in this spate of sea lion strandings .\nExperts say low-water strandings are due to record warm ocean temperatures, which could help the beach with warmer water .\nFears that seals are also\xa0maintaining strong populations in more wooded areas .\nCalifornia has been hit by droughts and nearly 2,000 the animals have been washed up in 2015 .\nTrio has been dubbed a new breed of creature, dubbed the zebra Bocoa, but far from alone .']",1,0.36065573770491804,0.143646408839779,0.273224043715847
"[""The US Navy has charged seven sailors over video recordings made of female officers and midshipmen without their knowledge aboard one of the first gender-integrated submarines. Among the sailors on the Georgia-based USS Wyoming are three men accused of making the recordings that were passed on to other crew members, documents released showed. While previous reports alleged that the victims were only female officers, documents obtained by Navy Times stated sailors also recorded female midshipmen temporarily aboard the sub. Violated:\xa0US Navy has launched investigation into allegations that some of the first women to serve on the USS Wyoming were secretly videotaped in the shower by a male sailor . Vile act: A 24-year-old second class petty officer is accused of recording at least three women while they were showering on undressed aboard the Ohio-class ballistic missile sub . A Navy official told the Navy Times that dozens of women could have been filmed, as sailors had used cellphones on board the Wyoming as far back as August 2013. One of the sailors charged allegedly traded videos of officers showering for two energy drinks. Another reportedly said the video recordings were 'like Pokémon, gotta catch them all.' Two of the seven sailors have been referred to court martial. Electronics Technician 2nd Class Joseph Bradley, 25, is charged with distributing videos and destroying evidence. Charge sheets state Bradley asked an unnamed technician to send over videos of the women when the ship was docked at its home port in Kings Bay, Georgia, which he then passed along to others. Missile Technician 3rd Class Brandon McGarity, 25, is charged with failing to report the videos and making a false official statement. In addition to the sailors from the USS Wyoming, an individual stationed at Trident Training Facility in Kings Bay is being charged. According to an incident report written last year, the unsuspecting women were recorded bathing and changing aboard the ballistic missile submarine. A 24-year-old second class petty officer allegedly made the videos over the past year and distributed them among his male colleagues. The clips were said to depict at least three servicewomen in the shower and in various states of undress aboard the Wyoming - an Ohio-class ballistic missile submarine. The first female sailors were introduced to American subs beginning in 2011 as part of a concerted integration effort, which has been labeled a success by the Navy. The privacy violation scandal comes at an especially sensitive time as Navy officials are preparing to integrate Virginia-class attack submarines. Come January, six female officers will join the crews of USS Virginia and USS Minnesota, according to a statement issued in October 2013 by Vice Admiral Michael Connor, commander of Submarine Forces. A ballistic missile sub such as the USS Wyoming typically has 15 officers and 140 enlisted crew members on board. Officers of both sexes use the same bathing facilities, but whenever a woman is in the shower she is expected to put up a sign indicating her presence inside, and her male comrades must wait until she comes out before entering. Smooth sailing: The integration of ballistic missile submarine crews, which got under way in 2010, had been labeled a success by the Navy . According to Navy Times, some of the women depicted in the videos are unhappy with the way Navy brass has been handling the incident. The Naval Criminal Investigative Service has launched a probe into the matter, and a spokeswoman for Submarine Group 10 in Kings Bay said the Navy would hold those involved accountable. The man accused of videotaping his female colleagues has not been named in the November 14 incident report, but he has been described as a petty officer assigned to Trident Training Facility. Investigators were first tipped off about the videos last month by an officer from another submarine who received the recordings. The USS Wyoming was at the forefront of the integration effort, welcoming a dozen female supply and line officers in 2011. A retired supply officer who was in charge of mentoring the""]","['The charges come after an investigation by the navy into allegations of privacy violations aboard the gender-integrated\xa0USS Wyoming .\nA 24-year-old second class petty officer allegedly recorded three female officers while showering or undressing .\nTwo other sailors were accused of taping women .\nUSS Wyoming was among first submarines in the Navy to have women join its crew in 2011 .\nBeginning in January, Navy is expected to integrate\xa0Virginia-class attack submarines .']","['Prosecutors from Georgia, Georgia and South Carolina charged seven aboard the USS Wyoming .\nThree are considered disruptive to their careers because they have to give up on tape .\nInmates two people were recorded berating with female officers as schoolgirls .\nThe third distributed them to other co-workers on staff .\nCourt documents allege that the third improperly videotaped onto the USS Wyoming .\nFive American subs in ten countries tried to recruit female sailors in 20 states and four countries .\nThe sub was joined by the Netherlands, Germany, Australia, Germany,  Italy and Italy in 2014, with memberships\xa0usually\xa0serving\xa0of up to 18 months. The USS Wyoming appears to be the youngest of an unnamed Navy unit .\nThe USS Virginia, a New York-based attack submarine, was hit by a missile by an enemy squad killed in late July 2014 and was seriously injured but survived .\nLawyers conduct recruit letters, recruitment emails and background checks on who’s recruiting women, to try to prevent confidential information leaking into confidential news reports .\nFour female student Septemales are enrolled at a New Jersey university; a 300-year-old woman was charged Tuesday in Georgia with four minor sex offenses as well as 60 days in custody .']",1,0.2624113475177305,0.04285714285714286,0.14893617021276598
"['(CNN)In an unusual turn of events last week, a terror plot suspect\'s desire to talk to local media put him at odds with his attorneys and landed a Cincinnati television station in federal court. At issue was a taped audio interview with Christopher Cornell and whether the station could broadcast that interview. Cornell is accused of plotting to attack the U.S. Capitol. The 20-year-old  -- who claims in the interview that he is affiliated with ISIS -- was arrested on January 14, months after his social media habits and talk of jihad put him on the FBI\'s radar, according to court documents obtained by CNN at the time of his arrest. Two days after his arrest, a court order was issued barring public contact with Cornell, who is being held at the Boone County Jail across the river in Kentucky. Last week, Cornell made a collect call to CNN affiliate WXIX, said news director Kevin Roach. That phone call initiated what ended up being an hourlong interview, Roach said. Cornell\'s attorney, Richard Smith-Monahan, argued that WXIX was in contempt of court for violating a January order ""directing the detention facility holding the Defendant not to permit outside contact by anyone with the Defendant without [defense counsel\'s] express approval."" Cornell spoke with reporter Tricia Macke. In that interview, he refuses to tell Macke how or when he first came in contact with ISIS, but he did give the reporter details on a plot to kill President Barack Obama, members of Congress, as well as an attack on the Israeli Embassy in Washington. ""I would have took my gun,"" he said.  ""I would have put it to Obama\'s head.  I would have pulled the trigger.  Then I would unleash more bullets on the Senate and House of Representative members.  And I would have attacked the Israeli Embassy and various other buildings full of Kafir who want to wage war against us Muslims."" When Macke asked him why he would plot such an attack, he said ""Obama is an enemy of Allah, therefore an enemy of us, of Islamic State.""  He said his plan for an attack on the U.S. Capitol was retaliation for ""the continued American aggression against our people and the fact that America, specifically President Obama, wants to wage war against Islamic State."" Cornell told Macke he was planning what would have been a ""major attack"" to take place in Washington on September 20, repeatedly referring to himself as a member of ISIS.  ""I\'m with the Islamic State,"" he said at one point.  ""I have connections with many brothers over there.  We\'ve been corresponding for quite some time now, actually.  The FBI finally caught on this past year."" Cornell told Macke that he used ""encrypted messaging"" to communicate with ISIS members.  He said they discussed ""how we should wage jihad in America.  We should form our own groups and alliances with the Islamic State,"" he continued. Cornell said he was serious about his plans.  ""I\'m very dedicated,"" he told Macke.  ""Like I said, I\'m a Muslim.  I\'m so dedicated that I risked my life.  That should say a whole lot."" He also warned that there were others like himself.  ""We are indeed here in America,"" he said.  ""We\'re in each and every state.  We\'re here in Ohio.  We\'re more organized than you think."" The interview was taped in three 20-minute segments and was recorded by the jail and WXIX. Roach said the jail\'s taping system only allows for 20 minutes of taping at one time, so each time the recording would stop and the phone call ended, Cornell called the station back to tell his side of the story. CNN listened']",['Cincinnati reporter interviews Christopher Cornell on the phone .\nCornell is accused of plotting an attack on the U.S. Capitol .\nCornell claims to have ties to ISIS .'],"[""Man accused of a plan to plot attacks against the U.S. Capitol Capitol .\nCNN sought permission for a interview with Cornell as part of a court order .\nCornell says he tried to get the media to ask him if they're affiliated with ISIS .\nHe denies the claims that he has intelligence .""]",1,0.3571428571428571,0.14634146341463417,0.26190476190476186
"[""Police have arrested their first suspect over the gang-rape of an elderly nun  at an Indian convent. Mohammad Salim Shaikh, 30, was detained in a hideout in Mumbai on Wednesday night and has been transferred to Kolkata, a police spokesman said. His arrest comes 12 days after the 74-year-old nun was locked in a room and raped while trying to prevent six men from assaulting another woman and robbing the Christian missionary school. Scroll down for video . Arrest: Police have arrested Mohammad Salim Shaikh over the gang-rape of an elderly nun at a Indian convent . Mumbai police commissioner Rakesh Maria said: 'The West Bengal team had the lead, they shared the information with us and sought our assistance. 'The assistance was provided and the accused was arrested from the Nagpada area and has been taken away by the Bengal team,' he told The Indian Express. CCTV was released three days after the attack showing some of the suspects leaving the staff room at the Convent of Jesus and Mary School in West Bengal. A reward of 100,000 rupees (£1,075) was on offer for any leads, police said. They detained five men for questioning but did not make any arrests. It is not known if Salim was caught on camera, Indian TV reported. Guarded: The 30-year-old was made to sit inside a police vehicle, which was waiting outside a court in Ranaghat . Careful: The guards clutched\xa0Salim's arms and made sure he had handcuffs on as they led him past the press . Arnab Ghosh, a police superintendent, said the men, aged between 20 and 30, scaled the boundary wall around 11.40pm on Friday 13 March. They entered the school and disconnected the telephone lines, he added. The robbers then tied up and gagged a security guard before entering the nuns' room, where they found the women sleeping. When the victim, who is the oldest nun at the school, tried to stop them taking another woman into a separate room they raped her. Caught: Three men were pictured on the Convent of Jesus and Mary School's CCTV but it is not known if Salim was one of them . Suspects: The CCTV footage was released three days after the attack showing the suspects leaving the school's staff room around midnight. Five other men were detained for questioning . The men escaped with some cash, a mobile phone, a laptop and a camera. They also ransacked the school's chapel and took holy items. CCTV showed books and papers strewn across the floor as the men left the staff room. Mr Ghosh added: 'At least two of them were armed and the rest were carrying burglary tools. In the chapel, a holy scripture was found torn and a bust of Jesus was broken.' The nun was taken to hospital in Ranaghat around 7am on Saturday 14. Demonstrations: Prayers were said at churches across India. Hundreds of people staged a demonstration in Ranaghat, where the nun is being treated in hospital, two days after the attack to demand justice . Sorrow: Nuns gathered in front of the convent after the attack. Archbishop Thomas D'Souza said the sisters prayed for the victim during Sunday Mass . Outrage: The robbers  tied up and gagged a security guard before entering the nuns' room. Furious residents and students took to the streets after the attack to demand justice . Atindranath Mondal, hospital superintendent, told The Times of India: 'Immediately a team of doctors attended to her and a senior gynaecologist operated on her.' She is now thought to be recovering well. After the attack furious residents took to the streets, demanding action and blocking off the main highway. Hundreds of students from the""]",['Mohammad Salim Shaikh was detained in Mumbai\xa0yesterday evening .\n74-year-old nun raped after stopping gang from assaulting another woman .\nCCTV was released of six men but it is not known if Salim was one of them .\nAttack caused days of furious demonstrations and peaceful protests .'],"[""Police arrest Mohammad Salim Shaikh, 30, in Mumbai .\nThe 30-year-old endured the nun's ordeal .\nThe robbers tied up and gagged before burgrifying a dorm .\nThe man-back, who is oldest in 10 years, thought to be safe .\nNun was held 12 days after her attackers stealing a girl at a missionary school .\nThree men were robbing the Convent of Jesus and Mary while guarding the convent .\nThree were arrested by police in Hertsbury, London for questioning on March 14 .\nThe men could be on the loose but their reward of £1,000-plus has not been arrested .\nThe India court denies claims the men obtained their help .\nPolice initially said they made no arrests, but denied it .\nThe community left outraged took to streets to demand action .""]",1,0.21739130434782608,0.021978021978021976,0.15217391304347827
"[""Police in Dallas are hunting two people linked to the death of a woman who apparently had a botched cosmetic procedure carried out on her buttocks and another who had holes caused by butt injections patched up with superglue. The suspects, named as Denise Rochelle ‘Wee Wee’ Ross and a transgender person called Jimmy Joe Clarke, also known as Alicia, are wanted for practicing medicine without a licence. Wykesha Reid, 34, was found dead on a massage table inside a business that performs eyelash extensions on February 19, with her pants partially pulled down and a blood-stained gauze on her butt. Suspects: Dallas police are hunting Denise Rochelle 'Wee Wee' Ross (left) and Jimmy Joe Clarke - also known as 'Alicia' - (right) who are linked to botched butt injections carried out on two women, one of whom died . The body was found by Clarke and police believe the victim suffered a medical emergency while having injections in her buttocks. Mrs Reid’s daughter, Keira, told police that her mother had booked a session to have ‘butt injections’ and that a woman who goes by the name of ‘Wee Wee’ and a transgender person were going to carry out the procedure. Police were also told by another witness whose boyfriend rents the business, in the 3800 block of East Side Avenue, that a person called Wee Wee and Clarke used it to perform butt injections, according to Wfaa.com. This witness works at the premises performing eyelash extensions and claims that Ross and Clarke arrived on the evening of February 19 and told her and the client she was with to leave. She also told police that Ross later urged her ‘not to break’ and lie about the fact she uses the premises. Clarke told police that she had no idea how Reid had died. The Dallas County Medical Examiner’s Office reported that it found injection marks and a silicone-type substance on the buttocks of Wykesha Reid, 34 . She claims that she arrived at the business on February 18 complaining that she ‘was not well and wanted to lay down’, so she locked her in the building overnight and discovered her body when she returned in the morning. The Dallas County Medical Examiner’s Office reported that it found injection marks and a silicone-type substance on the buttocks of Mrs Reid. The death follows a complaint to police by a 27-year-old woman who said that she visited 3800 block of East Side on February 9 and paid $520 to have buttock injections, but ended up screaming in agony when ‘unknown’ substances were used on her. The holes were then closed with superglue, she said. She later identified Ross and Clarke as the people who carried out the operation. The suspects' whereabouts are currently unknown. Neither are registered with the Texas Medical Board.""]","[""Denise Rochelle 'Wee Wee' Ross is being hunted by Dallas Police .\nAuthorities also want to speak to her colleague, Jimmy Joe 'Alicia' Clarke .\nThey are wanted for practicing medicine without a licence .\nThe suspects are linked to the death of a woman who had butt injections .\nIt's thought that the pair carried out a botched cosmetic procedure on her .\nAlso allegedly carried out butt injections using superglue on another client .""]","[""Denise Rochelle 'Wee Wee’ Ross, 36, has a base named Budphia Clarke .\nAccuser, Steph Clarke, 27, told police she lived with them in February .\nPolice also say they found injection marks and a silicone substance on her body .\nThey are all wanted for practicing medicine without a medical licence .\nWkesha Reid, 34, booked a session in Dallas on February 19 to have a boy and a dummy dummy and they were gone, she says .\nWhile the woman locked her down in wait after having to do with a 'hole-out', she decided that  she was in good health, she told police .\nLetters later told police she found her pants partially pulled down and a bloodstained gauze on her butt .\nRoss allegedly instructed her for a third\xa0joint to undergo a cosmetic butt op .\nThe victim told police when the holes were put on her body, she felt like a child .\nKylela Clarke, 26, was working at a gender-based Grant in Dallas when the coroner found her dead .\nWitness says she had sex with one of the two people and later called Michelle a 'tock butt addict'\nHer daughter, Keira, wrote that she was undershoothed on .\nthe same day she and her mother visited, telling the clinic she was well .\n2 men found silicone substance on them said 'how you know that?' and was on .\nPolice said Mrs Clarke received no results from tests .\nVictim was working for a transgender woman called 'Hardea' while Clarke and she asked him to fix her breasts .\nHe allegedly planned to enlarge her body and performed breast implants, which was deemed illegal .\nHe told her that she had had her skin removed and gave them 'baddies'\nWitnesses said Ross and Clarke made racist comments and made a threat when she was present .\nShe discovered her body in her flat when she returned in the morning after procedure .\nPolice believe both suspects were tied to a sting for two years .\nWoman who had knowledge of criminal offences told police she worked for a transgender woman .""]",1,0.2119815668202765,0.07407407407407408,0.14285714285714288
"[""The man accused of stabbing Sydney man Morgan Huxley more than 20 times has been found guilty of his murder. It took the jury just under three hours to find Daniel Jack Kelsall guilty of indecently assaulting the 31-year-old and murdering him in the early hours of September 8, 2013. Mr Huxley's family and friends let out exclamations when the verdict was handed down. Speaking outside court on Wednesday Mr Huxley's ex-girlfriend Jessica Hall said his 'life had been stolen by a worthless psychopath'. Kelsall remained expressionless in the dock as his mother Lynne and father Mark, who had sat near him throughout the trial, looked on. Scroll down for video . The man accused of stabbing Sydney man Morgan Huxley more than 20 times has been found guilty of his murder . Morgan Huxley (pictured) was fatally stabbed on September 8, 2013 at his\xa0Neutral Bay apartment on Sydney's North Shore . Mr Huxley's family and friends let out exclamations when the verdict was handed down . Deirdree Huxley (right), the mother of Morgan Huxley, and ex-girlfriend Jessica Hall, depart the NSW Supreme Court in Sydney on Wednesday . In a statement on behalf of Huxley's family, Ms Hall said her former boyfriend was 'an inspiring, generous and loving young man'. 'Morgan was beginning to make his way in the world,' she said outside court. 'He had hopes and dreams that he will never be able to realise. 'He will never get married and never be able to run around a park with his children. We love you Morgan.' It has also emerged that the killer stalked two other men in Neutral Bay, one just a week after he murdered Mr Huxley in his bedroom. One young man told police that just a week after the murder and just streets away, a man he identified as Kelsall — and wearing the same cook’s uniform — stalked him down Ben Boyd Rd almost to his front door. The young man said he confronted Kelsall, who ran off, according to the Daily Telegraph. Another man also told police he was having a cigarette outside a block of units in Spruson St several months before the murder when a man, who he later identified as Kelsall, jumped out from behind a bush. The ex-girlfriend of Morgan Huxley prepares to read a statement at the court . Deirdree Huxley (right), the mother of Morgan Huxley, and ex-girlfriend Jessica Hall (second left), depart with friends at the NSW Supreme Court in Sydney . Owen Huxley, the brother of Morgan Huxley, leaves the NSW Supreme Court in Sydney on Wednesday . Over the course of two week trial, the jury in the NSW Supreme Court heard how Mr Huxley had been discovered by his flatmate lying in a pool of blood in the doorway of his Neutral Bay apartment on Sydney's North Shore. The crown relied on a string of circumstantial evidence, which crown prosecutor Peter McGrath SC told the jury would leave them to infer only one thing - Kelsall was the killer. The first was CCTV footage which shows an intoxicated and barefoot Mr Huxley leaving the nearby Oaks Hotel around 1.30am with Kelsall breaking into a jog behind him. Kelsall tracked him into his home, indecently assaulted him as he lay on his bed, and then stabbed him at least 20 times, the crown said. His DNA had been found on Mr Huxley's penis and a single print matching his ring finger was on the businessman's bedroom door. Mr Huxley's blood was also found on the shoulder bag Kelsall was carrying that night - which the 22""]","[""Morgan Huxley, 31, was fatally stabbed in his Sydney apartment in 2013 .\nDaniel Jack Kelsall faced court this week over Mr Huxley's death .\nKelsall\xa0says he was invited to Mr Huxley's home after meeting on the street .\nThe 22-year-old told the court they had consensual sexual encounter before intruder hit him over the head and attacked them both .\nPolice reveals killer allegedly stalked other men in the area .\nOne man said he was followed the week after Mr Huxley was killed .\nMr Huxley's family and friends let out exclamations when the verdict was handed down .\nEx-girlfriend Jessica Hall\xa0said her ex-boyfriend was 'an inspiring, generous and loving young man'\nKelsall remained expressionless in the dock as his mother Lynne and father Mark .""]","[""Daniel Jack Kelsall sexually assaulted and stabbed Huxley in Sydney apartment .\nCoccurred in the early hours of the 2013, three years after killing .\nHe was found dead in his locked Lexus locked room in Neutral Bay .\nMr Huxley's ex-girlfriend Jessica Hall has served just two weeks and 36 months (just in prison on Kelall)\nIn a statement released by family Ms Hall described a 'specially generous and loving' person who had previously helped other disabled people .""]",1,0.3238095238095238,0.10576923076923077,0.1904761904761905
"[""South Africa skipper AB de Villiers' accomplished showing with bat and ball helped the Proteas to a 146-run World Cup victory over the United Arab Emirates in Wellington. De Villiers underpinned South Africa's innings with a sparkling 82-ball 99 as they reached 341 for six, before taking two for 15 from three overs as the UAE were bowled out for 195 in response with 15 balls remaining. De Villiers surprisingly fell one run short of his century, but will take consolation from having smashed four sixes to take his total to 20 at this showpiece - the most at the tournament - and a record 36 in 21 World Cup matches overall. South Africa captain AB de Villiers (right) inspired his country to a comfortable win against the UAE . The explosive batsman hit 99 for the Proteas as they continued they impressive form in the World Cup . De Villers also took two wickets with the ball at the Wellington Regional Stadium on Thursday . The victory was as comfortable as the margin suggests for South Africa as the UAE slumped to a fifth defeat in as many World Cup games. The Proteas, already through to the knockout phase, set the formidable target after being asked to bat first at Westpac Stadium. De Villiers shared a 108-run fourth-wicket stand with David Miller, after Hashim Amla (12), Quinton de Kock (26) and Rilee Rossouw (43) had departed, and added a further 53 in partnership with JP Duminy. Miller was dismissed one run short of his half-century at the start of the 37th over, bowled by Mohammad Naveed, who claimed figures of three for 63. De Villiers had been let off the hook on 63 when he offered a caught-and-bowled chance trying to go down the ground to Amjad Javed, and looked set to notch his hundred only to slice a wide length ball from Kamran Shazad straight to Javed at short third man. His departure signalled the arrival of Farhaan Behardien, though, and his quick-fire 64 not out from just 31 deliveries kept the South African score racing along. Farhaan Bahardien also shone for South Africa with the bat in Wellington . UAE have lost all five of their World Cup games so far this year and were 45-3 after 12.3 overs . Duminy (23) became Naveed's third victim when he was trapped lbw, but Behardien and Vernon Philander (10 not out) took the total past 300 in an unbroken 49-run seventh-wicket stand. The UAE's long-shot chances of chasing down that total were dealt a heavy blow as they slumped to 45 for three after just 12.3 overs. Morne Morkel led the early charge for the Proteas, dismissing Andri Berenger (five) and Khurram Khan (12) as he took two for four from his first four overs, while Duminy claimed Amjad Ali's (21) wicket in between. Shaiman Anwar and Swapnil Patil put on 63 in a fourth-wicket stand that provided a brief respite, but when Anwar (39) sent Imran Tahir's delivery straight to mid-wicket they began to tumble again. Saqlain Haider (seven) replaced Anwar at the crease, but he only lasted three overs to become De Villiers' first victim of the day, before Javed (five) followed suit soon after to leave the UAE on 125 for six with 15.4 overs left. De Villiers rounded off his display with a simple catch as Naveed (17) top-edged Philander tamely to mid-wicket and the subsequent departures of""]",['South Africa reach 341 for six off their 50 overs in Wellington .\nProteas had already sealed qualification for the next round at World Cup .\nAB de Villiers hits 99 and takes two wickets in comfortable victory .'],['Captain of South Africa inspired Proteas to a 146-run World Cup victory .\nThe UAE hosts were beaten 45-3 in New Zealand .\nDe Villiers scored 99-102 from 215 balls as his captain .\nDe Villiers hit four runs with two batsmen .'],1,0.34146341463414637,0.1,0.24390243902439024
"[""They are known as some of nature's most reclusive predators, and it seems this owl was keen to live up to that reputation when it was spotted by a photographer in a park in the Czech Republic. Peeking out from behind a tree, the huge bird of prey appeared to play hide and seek with senior engineer and photographer Jiri Michal as he tried to capture it on film. The amusing game of peek-a-boo took place in Vysoka, a small village in the country's hilly east, while the seven-year-old male owl was out hunting. Surprise: A great grey owl pokes it head out from behind a tree as\xa0Jiri Michal, 34, a senior engineer and photographer, captures the bird of prey on film . Playing games: Mr Michal, who spent three hours trying to photograph owls before spotting this one, said he wasn't sure what the bird was doing, but it appeared to be playing a game with him . Mr Michal, 34, of Pilsen, Czech Republic, said: 'I wasn't sure what this mischievous owl was doing, however it kept poking its head out from behind this tree as if it was playing a game with me. 'Owls are definitely my favourite birds. They have amazing eyes and are always pleasure to photograph.' Mr Michal said he had been photographing the birds for three hours when he spotted this one roughly 20ft away. He added: 'This owl was not in the mood to play for too long, and straight after I took these pictures he flew off. 'I'm forever thinking up new ideas for what to photograph and I love nature as a whole. From the smallest insects to the larger birds and mammals, they must all be protected.' The great grey owl is the largest species of owl, measuring up to two and a half feet in length, and lives in northern America, Canada, and northern Europe. Despite owl's reputation as night hunters, great grey owls often seek out prey during the day, perching high in branches and using their excellent hearing and eyesight to track down prey. Now you see me: The great grey owl is the largest species of owl, measuring up to two and a half feet in length. Despite the animal's reputation for being nocturnal, this species often hunts during the day . Youngster: Mr Michal believes the owl was a male, and was around seven years old, making it relatively young. Captive birds have been known to live up to 27 years old . Their large face, and two disc-shaped plumes of feathers around their eyes, act as satellite dishes, filtering sound into two highly sensitive ears under the feathers. Their hearing is so acute that, during the winter months, the owls often hunt by swooping low over snow drifts, listening for the sound of voles or gophers moving around underneath. Their large, soft feathers and slow, deep wingbeats mean they are nearly silent as they move, so as not to scare their prey away. Once they have locked on to a target underneath the snow, they will use their sharp talons to plunge through the ice and drag their meal out. While the birds are not migratory, they will roam for miles around their usual hunting grounds if prey becomes scarce.""]","['Jiri Michal, 34, spotted owl while walking in park in west Czech Republic .\nAnimal seemed to be playing game with him while hopping around a tree .\nGreat grey owls can reach more than two feet long and hunt in daylight .']","['Great grey owl spotted appeared to be playing game with bird of prey in peek-a-boo .\nMigratory species of birds normally live for 27-years old .\nDrummer Jiri Michal, 34, of Pilsen, Germany, is keen because of its reputation for night hunting .\nEventually he pointed to a small tree belonging to a male great grey owl .\nA female owl age is 7, while an adult is around 7 .\nThe owl is nocturnal and usually hunts swooping low over drifts for prey .']",1,0.328125,0.1111111111111111,0.1875
"[""Manchester City manager Manuel Pellegrini has spoken\xa0to Sportsmail's\xa0Pete Jenson ahead of their Champions League last-16 showdown with Barcelona. Here are the top 10 quotes from the interview with the Chilean boss. Manchester City manager Manuel Pellegrini has spoken  to\xa0Sportsmail's Pete Jenson . Pellegrini on Manchester City's triumphs last season going unrecognised . 'We were fighting on all fronts. We won the Capital One Cup, reached the quarter-finals of the FA Cup, played in the Champions League and we won the League scoring 157 goals. Liverpool only had one competition and that's an enormous advantage.' Pellegrini on Liverpool getting the attention . 'The slip from (Steven) Gerrard? They lost that game 2-0, not 1-0. If he had not slipped, does it end in a draw? We'd still have been two points ahead of them. So why was it Liverpool losing the league and not us winning it?' Pellegrini on being told to buy English players . ‘It is important to have English players but can you sign them? Can you get (Raheem) Sterling? Maybe if you go to Liverpool with £100million you can. If I want an English player in the position of (David) Silva who is there? Maybe (Wayne) Rooney, but who else?' Pellegrini on European silverware . 'Manchester United in all of that great era under (Sir Alex) Ferguson only won two Champions Leagues. Real Madrid went 32 years without winning the European Cup. It is important to be there in the later rounds but you can't think that not being there is a disaster.' Pellegrini poses with the Premier League trophy in May 2014 after he saw his team win the title . Pellegrini on Barcelona . 'You can talk about tactics and technique but if you go a man down against Barcelona, you're put in a terrible position. It is not a disgrace to get knocked out by them. Their squad, if it is not the best in the world, it is the second best. No other team can put together Leo Messi, Neymar and Luis Suarez but I want to play them with 11 and if they knock us out then let that be because they were better than us.' Pellegrini on his days as a centre back before becoming a manager . 'If you want to say I was a disaster of a player then say it. But give me another disaster of a player who played almost 500 games across 14 years.' Pellegrini on Manchester City's riches . 'This year Liverpool, Arsenal, Chelsea and Manchester United have all spent more than us. People don't accept that we are trying to become a big club in a very short time. I don't think there's such a difference between the top five or six squads.' Pellegrini feels English clubs aren't helped in European competitions by the domestic fixtures during winter . Pellegrini on the festive fixture list . 'English football gives other leagues an advantage. There are some traditions you can't change, I realise that. Boxing Day is non-negotiable. But you can't play nine games in December and nine in January. You have to stop at some point.' Pellegrini on James Milner . 'It would be very difficult to find a more complete player than Milner. There are players who are better technically. There are quicker players. There are players who head the ball better. But show me a player who does all the things that Milner does well and there isn't one. 'You leave him on the bench and he is furious, but watch him during the game, encouraging and shouting. And in the next training session he kills""]","[""Read Sportsmail's interview with Manchester City boss Manuel Pellegrini .\nPellegrini feels his team's triumphs last season went unrecognised .\nCity face Barcelona on Wednesday, away in the Champions League .\nPellegrini wants a fair fight at the Nou Camp to try to overturn the 2-1 loss .\nGael Clichy was sent off in the first leg and Pellegrini is up for round two .\nCLICK HERE for all the latest Manchester City news .""]","[""Manchester City manager talk to Sportsmail's Pete Jenson .\nManuel Pellegrini spoke about Champions League last season .\nHe said English clubs thrive in Europe without equipping them .\nPellegrini on Capital One Cup third place .\nPellegrini's recent history including winning the Champions League .\nPellegrini beat AC Milan 1-0 last summer .""]",1,0.32558139534883723,0.12598425196850396,0.21705426356589147
"[""My daughters had told me the hotel was a favourite of Kim Kardashian so I thought it would be big, brash and boastful... and it was. But Atlantis the Palm - which sits at atop the world's largest artificial islands created in the shape of a palm tree - is also beautiful, and that is not what I had expected. The Dubai resort, which opened in 2008, was clearly designed by someone who loves the sea and tales of the lost city. Scroll down to watch the journalist's video . Atlantis the Palm was clearly designed by someone who loves the sea and tales of the lost city . Every column, ceiling, painting and even door handle has been carefully crafted to remind the visitor that sea-life is central to its operation. The complex is big, very big. Ever visited the London Aquarium? The Atlantis has its own version inside the hotel, but with 11 million litres and 65,000 marine animals it's more than five times as large. At Atlantis we stayed in an executive suite, but for visitors who can't get enough of watching marine life, the underwater suites feature floor to ceiling views of the aquarium. You can watch the sharks, piranhas and sea horses as you soak in your bath or even from the comfort of your bed. For visitors who can't get enough of watching marine life, the underwater suites feature floor to ceiling views of the aquarium. You can watch the fish as you recline in your bath or even from the comfort of your bed . The Dubai resort, which opened in 2008, is a favourite of Kim Kardashian and her mother Kris . Priced at £6,000 a night these are aimed at honeymooners, however, I suspect most honeymooners will be otherwise engaged to appreciate the view. But as a keen fisherman seeing all those wonderful creatures must have triggered some primeval and we dined on seafood all week. Deciding which restaurant to visit at Atlantis the Palm was never an easy decision, but with such a wide range of culinary delights it was a dilemma that we enjoyed - the only problem was remembering the location of a particular restaurant because the hotel was so vast. A favourite was the hotel's award-winning seafood restaurant, Ossiano and as expected, the food and service was superb. The restaurant has a floor to ceiling glass wall and the view of the aquarium was simply mesmerizing - conversation consisted of 'Wow, look at the colours on that one' or 'I have never seen a creature like that'. Stevie and his wife enjoy dinner at the hotel's award-winning seafood restaurant, Ossiano . The hotel is a 20-minute car ride from the city centre, but to ensure that you don't feel like straying, the hotel has 21 restaurants, bars and lounges to entertain its guests. During our exploration we managed to sneak a look at the 924 square-metre Royal Bridge Suite, where Kim Kardashian and her friends stayed in November. Pictured: A close-up view from the table at dinner . Located on top of the hotel, the three bedroom pad can be yours for around £28,000 per night - which by my rough reckoning equates to more than 30 pence per second - and a private lift takes you up the 22 floors. You can eat haute cuisine on a gold leaf dining table, cooked by your own personal chef, surrounded by expensive works of art while enjoying panoramic views of the Arabian Gulf. We spent the week living like children - we fed the stingrays, sped across the estate on a zipwire and embarked on a shark safari which saw us putting on suits and helmets and wandering around a tank with the beasts. But even if we hadn't booked up for all of that, we would have been quite content with the time we spent in Atlantis'""]","[""Atlantis the Palm sits atop the world's largest artificial islands .\nThe Dubai resort designed with tales of the lost city in mind .\nIt boasts an aquarium with 11 million litres of water and 65,000 creatures .""]","[""Iantis the Palm fell back home after being inspired by the lost city .\nThe hotel is currently an award-winning seafood restaurant .\nThe hotel's executive and water suites offer floor to ceiling views of underwater .\nThe views of sharks, piranha and superb dolphins are hypnotising .\nFury dining on a shark safari, surrounded by art, and exploring in whole .\nHow well your cat could look out on Kim Kardashian's brother playing golf courses .\nEntreuxive included sweeping around a supertanker on a zip wire and diving golfing in the Arabian Gulf waters .\nLocated at the city centre, the hotel mocks huge car gates - even at the very most beautiful things .\nIt's hard to limit excellence and 'purseur' of Prince's adventures. Try it .\nTop floor apartment has visually stunning views of the Thames, at $32k .\nIt was including the stunning Ocean but we had to wait for the sea too sobs. We chose South of Caen's eco-£20k gym in Bromley .\nFrom there we got panoramic views of sting rays jumping on a plastic ball and a tanking in the sea. The beauty of blooms and concussions. Wait when""]",1,0.1452991452991453,0.05172413793103448,0.10256410256410256
"['If you’re a woman in the US and you want the best quality of life, Minnesota is the place to be, according to a new study. It came top of the pile in a study of all 50 states, plus the District of Columbia, that looked at over a dozen factors to establish the best and worse for women to live in. To coincide with\xa0Women’s History Month,\xa0WalletHub\xa0looked at, among other things, how much women in America’s states earned, health care standards and employment and poverty levels. Scroll down for video . After Minnesota it found that the next best states to live in are Massachusetts, Vermont, Maryland and New Hampshire. South Carolina, Oklahoma, Louisiana, Mississippi and Arkansas came bottom of the pile. Number one for women’s health care is Vermont and number one for economic social and well-being is Maryland. The best place for a woman to earn big bucks is the District of Columbia, according to the study, and the state with the lowest unemployment rate for women is North Dakota, with Nevada having the highest number of jobless women. New Hampshire scored very well when the researchers analysed education levels, with the state having the lowest high school dropout rate in the country. Arizona was found to have the highest dropout rate. If you’re a woman in the US and you want the best quality of life, Minnesota (pictured) is the place to be, according to a new study . For a long life, it seems that President Obama’s birthplace of Hawaii is the place to be – it has the highest Life expectancy at birth, with Mississippi registering the lowest. WalletHub said that it drew its conclusions after looking at data from sources including the U.S. Census Bureau, the U.S. Bureau of Labor Statistics, the Centers for Disease Control and Prevention and the National Center for Educational Statistics. It said: ‘Much work remains to be done in the name of social progress. In some states, women continue to fall behind their male counterparts in various measures. For instance, women represent nearly two-thirds of all minimum-wage workers in the U.S. And in the 22 states that have refused to expand their Medicaid programs under the Affordable Care Act, women comprise the majority of poor uninsured adults.’']","[""Minnesota came top of the pile in study that looked at over a dozen factors .\nWalletHub looked at earnings, health care, education and poverty levels .\nLife expectancy for women is highest in Obama's birthplace, Hawaii .\nThe District of Columbia is where women in the States earn the most .""]","['New Hampshire has ranked number one in a survey of all 50 states plus Washington DC .\nA Harvard University study looked across the US, including New Hampshire, Massachusetts, and Vermont .\nBest state for women’s education and life is\xa0South Carolina,  the best place for women in the rest of the states .\nShaska has the lowest level; highest is Washington DC, DC .\nFlorida followed by Nevada and Minnesota with the highest rates for women while in the top 25 .\nThe Dominican Republic, a top nation in family readiness, ranked citizens at 8th, but ranks poorly in the top 14 .\nAs shown in surveys, the progress of social work is slow and will take some time to create a sense of social equity to all women, recommended to women by the NCRU .\nFlorida’s high school school graduation is the highest-performing school with the highest rate. Iowa and Iowa are good; but it has not been on its way for 20 years to the White House .\nCleveland was the top state of 49 states; four had jobs without a college degree .\nThe lowest rate of income correlates to three times higher unemployment as a whole than poverty .\nThe top state for income, care, education and well-being was South Carolina, which was the lowest state at birth .\nThe state has the lowest high school dropout rate and has the best education for economic social and well-being .\nVermont has not the only state with great statistics; that one came bottom of it, with an unemployment rate of only 1.2\nArizona has the lowest health insurance rate rate in the country and the one with the highest education level.\nFlorida’s basic income was the highest level. It is three times the higher unemployment rate in poverty .\nMinnesota had the lowest income of any 49 state; the lowest was lowest (1. 4) .\nFor years of health and wellness, the state ranks the lowest and of the bottom three states, the state or nation is Minnesota (1. 6)\nWhite males had one tenth largest pool of upwardly-educated males as well, far above the pool of white males .\nAlaska is the very one top third of states to have the highest unemployment rate (1.5) if it had a worthless college degree; this shouldn’t be the case; there’s a tiny listed county; it is in ten black .\nNew Hampshire  ranks the bottom third of any 49 state; is ranked 24th .\nEach had the highest number of school students as well as one place was a college degree college .\nSurvey’s survey will include 6 specific questions, likely the ones that']",1,0.14028056112224452,0.03219315895372234,0.08817635270541083
"[""Jordan's Queen Rania is spearheading a push to encourage more people to travel to the Middle Eastern kingdom despite terrorist threats or political turmoil in neighbouring countries. Speaking exclusively to MailOnline Travel, she said she is surprised that more Britons don't visit Jordan and assurred holidaymakers that it is safe and filled with unique experiences. 'Britons prefer an unconventional experience and we have so much to offer,' she said. Scroll down for video . Queen Rania, pictured, says tourists to Jordan should expect a 'warm' reception from locals . Her comments came during a tourism event in Amman in which the 44-year-old royal also said the country was stuck 'between a rock and a hard place' - a reference to the conflicts that have blighted the Middle East since 2011. Despite Jordan's 'bad neighbours', she continued, Britons and others should consider the country 'safe' to visit. Since the murder of pilot Muath al-Kasasbi, 26, at the hands of ISIS in February, tourism to the country has plummeted by 17.8 per cent - continuing a trend that begun two years ago. Tourism to Jordan has plummeted by 17.8 per cent - continuing a trend that begun two years ago . Just a five-hour flight from the UK, Jordan is around 15 degrees warmer and abundant with fascinating history and culture. The striking reds and soft undulations of the desert, the implausibly beautiful valley of Wadi Rum rum, cut into the sandstone and granite and the bouyant Dead sea waters should be enough to stir your wanderlust. In the Unesco World Heritage Site of Petra, famous for its rock-cut architecture and water conduit system visit the treasury and the ancient Nabatean aqueducts. Or explore the Greco-Roman city of Jerash, taking in the monuments including the Temple of Artemis and Temple of Zeus. Climb the 800 steps of the Ad-Deir Monastery or go camel trekking through the desert at sunrise. As a result, the country is desperately trying to drum up interest abroad, with tourism chiefs pointing the continued calm in capital Amman and in major tourist sites such as Petra. However, Jordan has borders with both Iraq and Syria, and is part of the coalition currently conducting air strikes targeting the terrorists of ISIS. Nevertheless, according to Queen Rania, the country is totally safe to visit and was at pains to point out that visitors should expect a 'warm' reception from locals. The country is desperately trying to drum up interest abroad, with tourism chiefs pointing the calm in Amman . Tourism is worth an estimated £2m a year to the Jordanian economy and is one of its biggest employers . 'Here in Jordan, we see tourists as more than visitors - we see them as our guests,' she added. 'People will invite you to share a cup of tea or a meal. You will always get a warm welcome.' The royal also spoke of the country's history, which includes more than 500,000 sites of archaeological interest, among them 12 crusader-built desert castles and the mighty Petra, and of its striking Dead Sea coastline. Tourism is worth an estimated £2million a year to the Jordanian economy and is one of its biggest employers.""]","[""Jordan's Queen Rania spoke exclusively to MailOnline Travel in Amman .\nTourism worth around £2m a year and is one of its biggest employers .\nFor the last two years tourism to Jordan has plummeted by 17.8% .\nCountry borders Iraq and Syria and is\xa0conducting air strikes on ISIS .""]","[""Violent groups have blighted the Middle East since uprising in 2011 .\nJordan's official spokesperson says tourism is the 'eater and cold' link .\nShe also said the country is 'not between a rock and a hard place'\nSince February, a Jordanian pilot was an ISIS fighter in Jordan .\nBut overall tourism remains low and low as King Abdullah has targeted even more terrorists .\nLocal tourism group says nothing has gained from fears but things have improved .\n'Jordan underestimated the tourist market by reacting solely to having no tourists in close proximity ... to the extreme west'""]",1,0.29139072847682124,0.0,0.13245033112582782
"[""Swirling through the air in mesmerising saucer-like shapes, these exceptionally rare lenticular clouds are the most common explanation for UFO sightings.\xa0The remarkable-looking disc shapes were spotted by amateur photographer Glenn Spencer, 42, in the sky above\xa0Chester in Cheshire. The formations, also known as wave clouds, were scattered over miles, producing a stunning spectacle.\xa0Rarely seen in the UK, lenticular clouds are formed when a tall geographic feature, such as the the top of a mountain, obstructs a strong wind. The interruption in airflow creates a wind wave pattern in the atmosphere on one side of the mountain and at the top of these waves, moisture in the air condenses and forms a cloud.\xa0As air moves down into the trough of these waves the water evaporates again, leaving behind clouds in a characteristic lenticular shape. Mr Spencer noticed them while driving to the shops and was so amazed that he stopped the car to retrieve his camera from the boot.\xa0He said: 'I tried to follow them to higher ground to get a good view. They were just so mesmerising and I thought they looked amazing.\xa0It is easy to see why people mistake them for UFOs. They are brilliant. I've never seen anything like it.' Scroll down for video . Rare spectacle: These\xa0lenticular clouds, also known as\xa0altocumulus standing lenticularis, are hardly ever seen in British skies . Stunning: They form when wind blows over high ground and then undulates down in a stream of waves creating a rippled effect as the air cools . Commonly mistaken for UFOs:\xa0The clouds are sometimes reported as UFOs, particularly the flying saucer, because of their lens shape . How they form: They occur when the air meets obstructions such as mountains and the clouds' thickness creates incredible contrasts of light . Mesmerising: Amateur photographer Glenn Spencer, 42, noticed the flying saucer-shaped clouds as he was driving to the shops in Cheshire . Pilots of powered aircraft tend to avoid flying near lenticular clouds because of the turbulence of the rotor systems that accompany them .""]",['Extraordinary lens shapes are exceptionally rare\xa0lenticular clouds and are also known as wave clouds .\nThey are hardly ever seen in the UK but were spotted by an amateur photographer in the sky above Cheshire .\nThe rippling effect is created by cooling air and the clouds are the most common explanation for UFO sightings .'],"['Any aircraft is in contact with mountains can cause the lenticular phenomenon .\nTheir forms can be formed when a mountain obstructs winds over high ground .\nWhen the unusual formation is spotted, both drivers and tourists flock to the phenomenon .']",1,0.20202020202020202,0.0,0.16161616161616163
"[""The Prime Minister will condemn 'warped' sense of political correctness which prevented council staff from reporting abuse for fear of appearing racist . Teachers, social workers and councillors who turn a blind eye to child sex abuse will face up to five years in jail under plans for a new criminal offence. It comes as David Cameron today vows to eradicate the ‘culture of denial’ surrounding the issue. The Government has decided to act following an official report that found at least 1,400 children were subjected to appalling sexual abuse in Rotherham between 1997 and 2013. Children as young as 11 were raped by multiple perpetrators, abducted and trafficked to other cities in England. The Prime Minister will say a ‘warped’ sense of political correctness contributed to local authorities not acting. The inquiry found there were fears among council staff of being labelled racist if they focused on victims’ descriptions of the majority of abusers as Asian men. There have been separate allegations of decades of paedophile activity by powerful individuals in churches, hospitals, schools, political parties and the BBC. New measures will be unveiled at a summit in Downing Street attended by victims and survivors’ groups, police chiefs, council leaders, health and social care professionals, and child protection experts. Ministers plan to introduce a new criminal offence of ‘wilful neglect’ of children suffering abuse, and apply it to social workers, teachers and elected council members. A similar offence has recently been introduced in the health service and is punishable by up to five years in jail or an unlimited fine, and unlimited fines for organisations. As well as new sanctions for public sector workers who fail to protect children, the Government will announce a new national helpline for professionals to blow the whistle on bad practice. Child sex abuse is also to be prioritised as a ‘national threat’ by police and crime commissioners and chief constables. The Prime Minister will say: ‘We have all been appalled at the abuse suffered by so many young girls in Rotherham and elsewhere across the country. ‘Children were ignored, sometimes even blamed, and issues were swept under the carpet – often because of a warped and misguided sense of political correctness. 'That culture of denial which let them down so badly must be eradicated. Shaun Right, the former \xa0Police and Crime Commissioner of South Yorkshire, resigned over the scandal . 'Today, I am sending an unequivocal message that professionals who fail to protect children will be held properly accountable and council bosses who preside over such catastrophic failure will not see rewards for that failure. ‘But it is not just about introducing new policies. It is about making sure that the professionals we charge with protecting our children – the council staff, police officer and social workers – do the jobs they are paid to do.’ The new offence of wilful neglect will apply when there has been a failure to act when a court concludes that a ‘moral duty’ to do so exists. It is expected to sit alongside a separate ‘mandatory reporting’ law, which would apply in schools, hospitals, churches, or sports clubs operated by a national body. Similar laws already exist in Northern Ireland, Australia, the United States and Denmark which impose a legal duty on professionals such as teachers, social workers, police and doctors to report suspicions of abuse or face legal consequences.""]","[""Government decided to act following revelations of Rotherham scandal .\nAt least 1,400 children were abused in area between 1997 and 2013 .\nChildren as young as 11 raped by multiple people, abducted and trafficked .\nCouncil staff were scared to report the abuse for fear of seeming racist .\nPrime Minister is to condemn the 'warped' sense of political correctness .""]","['David Cameron vows to tackle failing to act due to a sense of political correctness .\nThe report reveals a reported furient of child sex abuse that police officers and crime officers deliberately ignored .\nAlso, it is not enough to stop the attack on Asian girls, however, warn police officers .']",1,0.3157894736842105,0.08928571428571427,0.1929824561403509
